quad,row,col,trap_energy,gmean_coeff,log_coeff_slope_per_K,n_points
0,100,25,0.29641348,1.0185413,0.0092997567,6
0,100,2642,0.21574661,0.73803148,0.039890408,5
0,101,25,0.35875879,0.56428216,0.0064626766,4
0,102,1932,0.32654136,0.80135531,0.0058686226,4
0,103,2110,0.29640294,0.90787472,-0.014638146,11
0,103,2417,0.091844918,0.87538267,0.0034095439,5
0,104,2640,0.18210699,0.88750116,0.018719867,4
0,105,2653,0.17708221,0.69510784,0.018403312,6
0,107,1000,0.51378464,1.0280314,-0.00064994742,7
0,107,1581,0.18566653,0.59095316,0.018250866,7
0,108,176,0.51092804,1.1384169,-0.054209309,5
0,109,176,0.41798509,0.5319192,0.017464339,5
0,109,2889,0.21110006,0.71902724,0.028777028,6
0,109,2983,0.19508706,0.43968543,0.061490678,4
0,10,413,0.28844588,0.89441613,-0.0099445695,10
0,110,1901,1.4136387e-27,0.76164973,-0.0043715414,8
0,110,2983,0.34222731,0.30232639,0.019880123,7
0,111,1343,0.1862696,0.43842769,0.012332514,4
0,111,1510,0.30226563,0.53784645,-0.014709758,20
0,111,941,0.26417535,0.45729594,-0.0061374176,6
0,114,1192,0.30979708,0.9421882,-0.0071460204,6
0,114,625,0.14548799,0.65236458,0.0097569402,6
0,115,1192,0.32064095,0.62235825,0.015340184,4
0,116,1468,0.27853754,0.57417816,-0.0082761818,8
0,117,178,0.31116762,0.9043685,-0.0031972367,12
0,117,2163,0.33443267,0.69477677,-0.011940169,19
0,119,2632,0.23978487,1.1754467,0.0032598729,5
0,119,41,0.29977291,0.94903383,-0.0092681897,14
0,11,748,0.37095568,1.1121443,0.003429981,5
0,120,593,0.26529934,0.95933098,0.028911078,7
0,121,1057,0.32105168,0.9588892,-0.018927269,5
0,121,1955,0.29326095,0.5765383,-0.0088600684,21
0,121,593,0.28051543,0.6444355,0.009799376,7
0,121,625,0.22674683,0.77347752,0.032478791,6
0,122,1907,0.22528633,0.80349543,0.021256213,4
0,124,628,0.35942125,0.67382463,-0.015806153,12
0,12,1904,0.25715356,0.62667574,-0.0094160062,9
0,130,563,0.30363309,1.0764929,0.00065266542,7
0,131,563,0.31093576,0.53073325,0.013834009,5
0,131,820,0.17868358,0.51408885,0.012280155,7
0,133,1496,0.25544316,0.88334639,0.012227391,6
0,134,1288,0.15443249,0.4479826,0.0031409654,7
0,134,1496,0.15042095,0.52473273,0.039719573,4
0,134,3060,0.28579279,1.0307146,-0.00077836096,8
0,135,3060,0.28714975,0.52052686,-0.002794721,5
0,137,1641,0.24495783,0.78921727,0.014171626,5
0,138,1641,0.21021315,0.42907075,0.037388209,4
0,139,1661,0.23308091,0.84001321,0.026256823,6
0,13,2468,0.29813581,0.30929588,-0.0076170893,4
0,140,774,0.21226497,0.60074246,0.0050900369,10
0,141,774,0.16916836,0.45731216,0.020793398,7
0,142,2720,4.1366443e-20,0.62881867,0.010412575,8
0,142,2751,0.14455438,0.93956431,0.033817942,4
0,142,3047,0.28428736,0.95841944,-0.0030181397,9
0,143,1599,7.955151e-24,0.5581817,-0.011948283,8
0,143,1680,0.29566072,1.0332039,0.0088005762,4
0,144,1680,0.27881451,0.61039842,0.031342635,4
0,145,1565,0.2278091,0.94707451,-0.005968367,5
0,145,2348,1.8193144e-18,0.60457237,0.0091087546,10
0,146,1315,0.25977875,1.0151403,0.013810679,6
0,146,1328,0.26064068,0.93888366,0.035525909,6
0,146,394,0.24264329,0.71527788,0.023816068,6
0,147,1315,0.18307948,0.5717352,0.04033758,5
0,147,1328,0.20025345,0.57057927,0.037638087,4
0,149,2014,0.27029818,0.93391284,0.016094066,5
0,149,618,0.2450436,1.1510155,-0.0068607756,6
0,150,108,0.27081292,0.87158952,0.01192305,8
0,150,80,0.27058106,0.98701641,0.016665993,5
0,151,1144,0.27370493,1.0443582,-0.00066065703,8
0,152,1727,0.24873851,0.69151725,-0.022300442,7
0,152,1912,0.21458882,1.1195504,0.0054359568,5
0,153,2769,0.33885945,1.0773539,0.001667045,8
0,153,65,0.31097538,0.91219645,-0.020676916,6
0,154,2319,0.3055428,0.72753372,-0.0069984029,19
0,155,1574,0.27291303,1.0793761,0.0083916843,6
0,155,2811,0.26918321,1.0179583,-0.01043458,5
0,156,1494,0.23151156,0.79783141,0.051994514,4
0,156,1574,0.26895625,0.64404215,0.019633795,6
0,157,2809,0.25440032,1.0077903,0.0060314456,6
0,158,1858,0.26949141,0.43540189,-0.027650808,4
0,158,1925,0.27975586,1.0282624,-0.0055601421,8
0,158,3018,0.3351371,0.99557418,-0.031807128,4
0,158,645,0.2452875,0.83780681,0.00085336765,6
0,15,3060,0.31051894,0.7221945,-0.010666878,17
0,15,835,0.17540068,0.64739777,0.0028618008,4
0,160,1030,0.19741346,0.84498023,0.0021139324,4
0,160,1716,0.30416933,0.78357205,-0.0052146048,16
0,161,1315,0.29295182,0.97597474,-0.0080401904,7
0,161,1420,0.29077466,0.90138242,-0.0084570617,8
0,162,1491,0.25932924,1.2587446,0.0033269735,4
0,164,584,0.38503517,0.91753505,0.018836049,10
0,166,3067,0.26349319,0.98759855,-0.0077746997,6
0,167,186,0.28188894,0.92192136,-0.009735024,20
0,167,68,0.22540201,1.1827194,0.021524927,4
0,168,132,0.21150831,0.59538703,0.010929843,6
0,168,1649,0.31884886,1.1428461,-0.003118629,4
0,168,1980,0.319638,0.45082651,-0.010926035,20
0,168,68,0.14579213,0.7743227,0.030205837,5
0,16,3060,0.2896035,0.5711768,0.0066638157,7
0,171,1685,0.26410458,0.94738257,0.0014550967,6
0,171,373,0.31017649,0.88464076,-0.021763686,6
0,173,874,0.27123395,0.7845302,-0.01113811,6
0,174,1784,0.34916426,1.0762026,-0.0047995325,4
0,175,1609,0.31014309,1.1110668,0.0025623098,6
0,175,2291,0.31460991,0.57783117,-0.0018087656,7
0,175,751,0.22632022,0.84285511,0.042712924,5
0,176,1609,0.29624403,0.59785188,0.021436275,5
0,178,1458,0.14855683,0.94771278,0.032204811,5
0,178,770,0.17204362,0.98939318,0.074821976,5
0,179,22,0.35929908,1.0852024,0.00043132043,4
0,17,2369,0.29429098,0.53887084,-0.019899434,13
0,17,2724,0.30674743,0.836986,-0.014457939,6
0,17,739,0.30356715,0.81166866,0.0080640648,4
0,180,2768,0.25169259,0.79727486,0.044734756,5
0,181,1428,0.17638575,0.4500697,0.030689607,5
0,181,1518,0.21308073,0.79541633,0.0063195736,4
0,181,2485,0.29277722,0.70590249,-0.00091786987,13
0,182,1229,0.27620448,0.9005792,-0.010392849,6
0,182,1669,0.21767818,0.78350388,0.049498622,6
0,182,2607,0.34410955,1.0484774,0.00043045211,6
0,183,1669,0.23142929,0.51872021,0.032676038,5
0,183,2607,0.31878811,0.53740638,0.0071817261,4
0,184,1676,0.3224252,0.87719268,-0.02655908,5
0,184,1723,0.27293808,0.68214972,-0.0062988706,4
0,186,1651,0.31696704,1.0517061,-0.0084826174,6
0,186,3030,0.33240646,0.93482108,-0.029504528,4
0,186,690,0.23568544,1.0132613,0.020900883,6
0,187,2402,0.25499236,1.0222382,0.019445553,4
0,187,690,0.25331302,0.61372508,0.027380986,5
0,188,2402,0.31731029,0.55684216,0.03318221,4
0,18,1546,0.48643589,0.99591255,0.0072766004,11
0,18,1677,0.078086224,0.5492539,-0.01080086,8
0,18,1826,0.30709173,0.90767881,-0.019581128,5
0,191,1678,0.25211825,0.87847033,-0.016134818,4
0,192,1245,0.20636947,0.60888667,0.01102029,7
0,192,2055,0.34255799,1.0327611,0.00038620137,7
0,193,2845,0.3376509,1.1919947,-0.0041509778,6
0,195,2542,0.28026547,0.53983177,0.029797798,4
0,196,2435,0.23473838,0.92116314,0.01015138,6
0,196,2710,0.2988548,1.0199245,0.00070980614,5
0,197,1445,0.29481653,1.1045418,0.0046966649,7
0,197,2710,0.22279085,0.61868842,0.032631282,5
0,198,1445,0.27837906,0.57333844,0.008874907,7
0,198,2259,0.30082012,0.91610985,0.0067253827,15
0,198,2791,0.29043776,0.59099628,-0.0082900329,20
0,19,1546,0.58012744,0.37570714,0.00034257302,6
0,1,756,0.1552988,0.71942663,0.046319025,5
0,200,2588,0.25013093,0.96515294,0.0071391852,4
0,201,953,0.38617842,0.90351573,0.017491947,11
0,203,2224,0.30302547,0.72919058,-0.014023909,19
0,206,2626,0.23554221,0.72622911,-0.00018414773,8
0,208,1622,0.52591595,0.9998193,-0.005602925,7
0,208,1746,0.34798657,0.56723887,-0.011169356,17
0,208,187,0.27153141,0.86656188,-0.0077188127,6
0,208,2106,0.27465581,0.84938965,0.021634519,7
0,209,1622,0.53476383,0.51173011,-0.00069692699,8
0,209,1841,0.23347141,0.78685803,0.049469022,4
0,209,187,0.19882689,0.50181802,0.034435147,5
0,209,2252,0.22197965,0.73297397,0.026006785,7
0,209,605,0.12392013,0.72490222,0.050205818,4
0,211,1268,0.30319463,0.98402397,-0.016400838,6
0,211,1508,0.29250665,0.60729654,0.0033322882,19
0,211,1956,4.216231e-20,0.47556238,-0.0024755924,12
0,212,2367,0.023292291,0.53257317,-0.024676632,4
0,212,262,0.01799172,0.46495896,-0.0051534078,4
0,213,456,0.1443523,0.76930606,0.023814296,5
0,214,1890,0.22203196,0.68721053,0.004514463,6
0,214,818,0.25587202,1.0272439,0.015443841,5
0,217,2936,0.15322376,0.58246294,0.024845125,5
0,218,1141,0.35352282,1.1188246,-0.021231156,4
0,219,3055,0.22454516,0.84243273,0.019008114,6
0,21,1667,0.11669627,0.72939542,0.015910102,4
0,220,2439,0.16039398,0.73237207,0.025267928,4
0,221,1337,0.2703005,0.99475976,0.0080835318,4
0,222,1863,0.31733856,1.0790001,-0.0013171864,5
0,222,2632,0.22373676,0.89038305,0.00062421153,5
0,222,445,0.28501533,0.85614436,-0.0090878972,15
0,223,1308,0.28669703,1.0403322,-0.0069483118,4
0,223,1863,0.32760885,0.51334164,0.033336402,4
0,223,2649,0.23462611,1.0548197,0.0042769516,7
0,224,1891,0.28995026,0.85288451,0.0037704575,4
0,224,944,0.28395142,0.92969075,-0.015611031,5
0,225,2141,0.19619052,0.76996506,0.039626595,5
0,226,1476,0.22060232,0.79625869,0.041288481,6
0,226,2713,0.24446907,0.63076697,0.008361037,10
0,227,1778,0.10436661,0.55317297,0.048689578,5
0,227,2401,0.24854922,0.44353624,0.010606663,5
0,227,2713,0.23428906,0.42174379,0.0052643854,6
0,22,1283,0.29616693,0.67370753,-0.013908584,14
0,22,1384,0.25491276,0.69301896,0.012040371,9
0,22,2058,0.24810777,0.84011044,0.031367423,5
0,231,1563,0.29712829,1.1068959,0.00042083911,4
0,231,2588,0.20319997,0.70597901,0.038979349,6
0,231,2714,0.28328287,0.46399588,0.0090717874,6
0,231,390,0.34488256,0.98652753,-0.012715334,6
0,232,1276,0.11337951,0.36166332,0.0040944874,4
0,232,1563,0.24286309,0.52581638,0.026942471,5
0,233,1229,0.30339508,0.64931733,-0.016428334,19
0,233,2466,0.24841929,1.156544,-0.019579201,4
0,234,1161,0.29832591,1.0817905,-0.00061690431,7
0,234,1407,0.2810306,0.99383928,-0.0015696672,6
0,235,1161,0.28092324,0.59715074,0.0036512553,7
0,235,1805,0.21255807,0.74670528,0.020766525,7
0,236,878,0.18217294,0.64718946,0.015444862,6
0,238,2260,0.29865857,0.96836599,-0.016171164,5
0,239,2853,0.22125456,0.9264752,-0.0058629317,4
0,239,861,0.3100937,0.87875341,-0.012862437,6
0,241,607,0.29086927,0.91179544,0.0086886532,12
0,242,1392,0.13922916,0.57277434,0.049720177,5
0,242,1478,0.2650682,0.96572961,-0.0013057687,4
0,242,499,0.3452828,0.79377364,-0.0063722102,16
0,243,2708,0.28709559,1.1170502,0.010771731,4
0,244,2708,0.2565002,0.52825572,0.032710472,4
0,245,1561,0.073476695,0.47397484,0.0085136202,8
0,245,2235,0.3052409,0.48055407,-0.012338371,9
0,245,2844,0.30466596,0.76621382,0.011830342,4
0,245,964,0.3051954,1.0264783,0.0031870511,6
0,246,964,0.30335509,0.52589796,0.0028326811,5
0,248,2034,0.2573779,1.0620682,0.0010600132,4
0,249,2005,0.23094353,0.83348152,0.019317342,7
0,24,2239,0.30304828,1.0677405,-0.008066137,5
0,250,3052,0.30061273,1.0693445,0.00068254232,5
0,251,3052,0.23093618,0.59081031,0.032835621,4
0,252,1096,0.15251786,1.1013501,0.039483924,5
0,252,1512,0.23399696,0.63249299,0.028846525,4
0,252,1919,0.24939972,0.750564,0.013473226,9
0,252,913,0.28006801,0.98873922,-0.013249823,4
0,252,997,0.25797476,0.88248381,0.003947202,6
0,254,951,0.30286387,0.98760975,0.00081426143,5
0,255,585,1.0169751e-16,0.36456427,-0.005567656,8
0,256,1029,0.30444549,0.84005787,-0.01082539,7
0,258,1208,0.25726231,0.83326827,0.048764914,4
0,258,1333,0.28451671,1.0963359,0.009576397,7
0,258,1334,0.30610269,0.69489597,-0.013031599,19
0,259,1333,0.29240994,0.5166892,0.0056083692,5
0,259,825,0.29862488,1.0233601,-0.0051431093,11
0,25,1086,0.28549143,0.95319507,0.0018207952,6
0,25,1834,0.22601732,0.8468823,0.022603788,7
0,25,2525,0.28492547,0.79637072,-0.0084390641,12
0,25,2629,0.24353978,0.8525286,0.0041120186,7
0,260,825,0.29698342,0.55021529,0.0045024877,10
0,262,1112,0.31232023,0.55476911,-0.0084867817,16
0,262,468,0.2330422,0.8415037,0.043314852,4
0,264,2802,0.17253159,1.1448424,0.02425597,4
0,265,2043,0.32866126,0.88151408,-0.011507244,4
0,265,83,0.23348471,0.53862219,0.0072652802,6
0,266,689,0.2919484,0.46632525,0.017459835,4
0,267,1142,0.29564898,0.40430122,-0.011300028,16
0,267,1732,0.35623757,1.0584622,-0.0079769098,6
0,267,2849,0.27042563,1.0477418,-0.0016022518,6
0,267,2920,0.54111598,0.32360055,0.021953647,5
0,268,1732,0.36054199,0.51934665,0.02597054,4
0,268,2849,0.23574885,0.56743786,0.032055402,5
0,268,3067,0.30450771,0.96048469,-0.013878562,7
0,269,1038,0.28532767,0.97876489,-0.014499168,6
0,269,1149,0.20309306,0.50420482,0.030416646,6
0,273,1584,0.29620673,0.35694742,-0.0098325294,19
0,273,2048,0.28057197,0.99446574,-0.0054282316,6
0,274,2370,0.24680868,0.71086589,-0.015322715,4
0,275,2345,0.19569527,0.71729895,0.043269714,5
0,277,2423,0.21038664,0.79435519,0.031447884,5
0,278,1749,0.29758268,1.040154,-0.019671892,5
0,278,1941,0.2835507,0.5922103,-0.013075659,19
0,279,2726,0.22117729,0.80550233,0.032003135,5
0,27,2336,0.26198493,0.62136803,-0.02542849,4
0,280,1885,0.30704833,0.5802224,-0.009308624,9
0,280,2726,0.29064977,0.50671445,0.029747118,4
0,281,2110,0.19016567,0.57633903,0.020199,5
0,281,2679,0.13357192,1.2606235,0.03358754,4
0,282,883,0.18287658,1.1419147,0.01603827,5
0,283,1789,0.24604485,0.72238408,0.0085765436,8
0,284,1027,0.28146821,0.82682622,0.011211989,8
0,284,1237,0.30036209,0.97822806,-0.0095518207,5
0,285,1479,0.27179872,0.63774379,-0.0036453862,5
0,285,2474,0.26396445,0.62505364,0.0054996918,6
0,287,1980,0.26814286,0.95884854,0.026955993,8
0,287,2309,0.14862154,0.72717602,0.045778056,5
0,288,1191,0.078790139,0.60280366,0.062430155,5
0,288,1310,0.25433523,0.85832276,0.020325537,4
0,288,1980,0.30689303,0.52967925,-0.0024971289,6
0,28,1104,0.44847151,1.1156018,-0.005717541,6
0,28,1485,0.28367043,0.81988754,-0.013802816,13
0,290,1078,0.30394709,1.070506,-0.02469679,6
0,291,2373,0.21506505,0.81838725,0.0071033868,4
0,293,2284,0.23152659,0.80938204,0.041220777,5
0,295,1921,0.29842481,0.77537728,-0.013001886,19
0,295,2075,0.24186753,0.69772865,-0.0073485519,5
0,295,2847,0.27088814,1.1222428,0.0079707408,6
0,296,2847,0.2170418,0.60676511,0.023127736,6
0,296,940,0.27250417,0.81013051,0.00042257091,9
0,297,1840,0.2481269,0.53539557,0.00091137093,10
0,298,2639,0.21363106,1.1932034,0.013977508,5
0,299,1004,0.28587704,1.0954757,0.0063247641,6
0,29,1148,0.24895379,0.84427724,0.011177395,7
0,2,48,0.079668775,1.0526584,0.0047946475,4
0,300,1004,0.29538223,0.53401128,0.00078980862,7
0,301,2286,0.22616672,0.7176157,0.0061727716,4
0,304,1068,0.30480249,0.79450766,-0.012096505,9
0,304,1772,0.26481733,0.76412772,0.0088660582,5
0,304,2422,0.1269192,0.95669268,0.027420783,5
0,305,1477,0.25910049,0.86269567,0.012929525,6
0,305,958,0.29032083,0.87607878,-0.0027433097,5
0,306,1493,0.28585468,1.0881702,-0.0011467909,8
0,306,2025,0.27670297,0.89939799,0.02774813,8
0,306,2233,0.12281833,0.4573458,0.020639989,6
0,307,2025,0.26269401,0.57805511,0.020297334,7
0,307,2217,0.20201709,0.70537856,0.031440153,7
0,308,2217,0.21089095,0.49030423,0.048741015,4
0,308,2657,0.30872819,1.0891572,0.0033842179,6
0,309,2657,0.32682449,0.50916249,0.019658472,4
0,309,410,0.2789083,1.022383,-0.0027043323,7
0,310,1324,0.26598656,0.6873201,-0.0035088719,16
0,310,2546,0.290428,0.37403432,-0.01776721,16
0,311,355,0.28509016,0.73874406,0.013773631,5
0,312,1838,0.24872421,0.8524607,0.032354989,5
0,313,1215,0.23907654,0.8534857,0.013290863,9
0,313,2677,0.2558619,0.78937076,-0.005612412,7
0,313,2939,0.25782216,0.67127623,-0.0079394234,8
0,316,999,0.32433356,0.70970505,-0.01473584,10
0,318,1301,0.13212715,0.85907059,0.042491887,6
0,318,3040,0.25424444,0.48296928,0.022181804,4
0,319,1794,0.17557436,0.64061023,0.012371535,4
0,31,2928,0.30047664,0.92354826,0.0080139247,11
0,320,1281,0.31763536,1.113438,-0.02237852,4
0,320,1486,0.2123254,0.43246694,0.013004621,4
0,321,1754,0.34576686,0.63493744,-0.01598033,12
0,321,1881,0.34123368,0.60783959,-0.017134291,12
0,322,1086,0.35111129,0.48569135,-0.017119194,18
0,323,2452,0.17946889,0.75606042,0.016453707,6
0,325,2800,0.30270351,0.9890086,-0.0036181394,12
0,325,3012,0.22164064,0.95802577,0.031308153,4
0,326,2352,0.2944763,0.84633692,0.01548459,9
0,326,2800,0.30488614,0.53096804,0.0031131851,8
0,326,3012,0.23536728,0.53731832,0.027847828,5
0,327,2352,0.27128749,0.53859037,0.013918772,7
0,328,2220,0.28755717,1.0724573,-0.00088748498,5
0,32,2689,0.27374956,0.72334472,0.010337671,9
0,32,2928,0.29219604,0.57149377,0.012929105,8
0,32,31,0.36300586,0.29599127,-0.0049669067,6
0,330,2537,0.23496672,0.47119787,0.0028994338,9
0,330,2574,0.13375969,0.7380882,0.076116876,4
0,333,2481,0.30011659,1.088223,-0.01382381,6
0,334,1983,0.22792333,0.95555311,0.0048237532,5
0,335,1963,0.16142291,1.1119395,0.02342828,4
0,335,2390,0.29668252,0.88403501,0.0034122728,16
0,336,2746,0.27971132,1.003051,-0.00052449707,8
0,337,1985,0.29577485,0.79044177,-0.010015672,20
0,337,2400,0.039773956,0.64360032,-0.013448462,6
0,337,517,0.17600815,0.64016093,0.03609658,6
0,338,2836,0.28593284,0.79622186,-0.010539652,18
0,33,1951,0.30685852,0.84052751,-0.010347564,11
0,340,1093,0.30779237,1.044197,0.00034463001,6
0,340,1297,0.2556419,0.89081357,0.033866436,7
0,340,2146,0.2910571,1.039746,-0.0032475848,8
0,340,445,0.28526104,0.46612346,-0.02068357,14
0,340,688,0.30810523,0.92606177,-0.0023335619,6
0,341,1093,0.33673784,0.53015063,0.027148346,4
0,341,1668,0.25813285,0.85106204,-0.0084694005,6
0,341,2146,0.29216346,0.47016231,-0.0047391542,13
0,341,2418,0.28387077,0.9248296,-0.0090194967,14
0,341,2967,0.24556763,0.9337108,0.0023500117,5
0,341,883,0.19304252,0.74195936,0.017088762,4
0,342,2283,0.30940844,0.87141208,-0.017516622,5
0,342,2284,0.29289556,1.0961204,0.0019534786,7
0,343,1941,0.12205358,0.46832552,-0.0075716164,6
0,343,2284,0.24649495,0.56752771,0.01891393,6
0,343,2454,0.27078286,0.7882111,0.032341899,6
0,344,792,0.34133463,1.0836445,0.0050508304,5
0,345,1008,0.21507435,0.55541062,0.027663035,5
0,345,1582,0.24475208,0.89105543,0.0015626988,6
0,345,792,0.34271724,0.52314701,0.0029154523,5
0,346,1547,0.25199512,1.0894436,0.0081238653,6
0,348,1572,0.2367674,0.92972217,0.0026213641,5
0,349,1904,0.30384316,1.0229264,-0.0028401511,11
0,349,2928,0.28509297,0.84709601,-0.007323495,11
0,34,1240,0.20762752,0.83377854,0.02878338,5
0,34,37,0.29758489,0.49086013,-0.013036294,7
0,34,503,0.12939742,0.84231136,0.043927833,4
0,350,1904,0.29415354,0.5629095,0.0013707289,10
0,351,1112,1.1496185e-17,0.49022051,0.020931541,4
0,351,1152,0.10371539,0.44847241,-0.018005383,4
0,352,1063,0.33944509,0.95210452,0.0034977329,5
0,353,2458,0.31347925,0.29153767,-0.0089627152,9
0,353,582,0.22582085,0.50840367,-0.0052389715,6
0,354,1353,0.27027717,1.0513084,-0.00085350703,8
0,354,2307,0.26883768,0.9417492,0.017329633,5
0,355,1317,0.25614813,0.93816526,0.015586597,8
0,355,1353,0.26875276,0.5379879,0.0044783284,8
0,355,2973,0.23321184,1.0787358,0.028209679,4
0,355,641,0.26722123,0.80509341,-0.008732903,6
0,357,2438,0.25504471,0.79447295,-0.0046558828,9
0,357,32,0.26225414,0.60836963,-0.0096556988,10
0,357,989,0.29332146,0.5714781,0.00010335679,19
0,358,1675,0.28190678,1.0148278,-0.0024686942,7
0,358,32,0.24768641,1.1758227,0.0094103166,5
0,359,2585,0.30576364,0.88605284,-0.0060854158,17
0,359,957,0.23308851,0.88904668,-0.01144212,5
0,35,1294,0.33856647,0.93809515,-0.03637157,4
0,35,1839,0.17584603,0.75105311,0.034292946,5
0,35,37,0.32666552,0.86558722,-0.017758611,6
0,361,1084,0.27447385,0.84228101,0.032287323,7
0,361,2546,0.1055291,0.8623515,0.028805494,6
0,362,1084,0.3020783,0.5721923,0.0076065992,4
0,362,2148,0.21745274,0.58738615,0.018720971,7
0,366,1649,0.27488259,0.72166296,0.0080836265,6
0,366,1842,0.2216834,1.2203614,0.022471334,4
0,367,1649,0.25358581,0.52554282,0.05365841,4
0,368,2208,5.9164568e-30,0.74890155,0.0073059775,5
0,369,1700,0.26880005,1.0956679,-0.019740859,6
0,36,452,0.34915294,1.0950156,0.011631947,4
0,370,3046,0.21925722,0.79076209,0.025994452,6
0,370,800,0.29460425,0.44808093,-0.010805061,11
0,371,247,0.26655561,0.53833177,0.040623851,5
0,372,1274,0.19419606,0.690407,0.013196426,4
0,372,131,0.19204262,0.77865756,0.039542207,5
0,373,1043,0.210624,1.0321729,0.012797863,6
0,375,1175,0.29650954,1.0179299,-0.0020048024,11
0,376,1118,0.27778385,0.99453443,-0.0091769808,7
0,378,1611,0.2076807,0.54922703,0.046068767,4
0,380,1271,0.27356713,1.0264548,-0.0030880471,7
0,380,2514,0.31072988,0.86097595,-0.005062887,18
0,380,3005,0.28931363,0.95671734,-0.0024396919,5
0,381,1604,0.23600589,1.038268,0.013361495,7
0,381,777,0.25757924,0.93184654,-0.0038824509,5
0,384,1496,0.26554033,1.0562734,0.003036411,7
0,384,328,0.34600985,0.48718937,-0.013875313,15
0,387,1273,0.042117016,0.53377783,-0.0045060548,7
0,389,2001,0.27869453,0.95679179,-0.00059322859,6
0,389,367,0.21527716,0.61607277,0.00053232906,7
0,38,2725,0.29827723,1.051958,0.014432778,7
0,390,1230,0.27129388,0.92575512,-0.021848101,4
0,390,2473,0.16357124,1.1226497,0.026725653,5
0,390,2647,0.29510612,0.47353799,0.024790179,5
0,390,2666,0.079498117,0.58583557,-0.0080326601,7
0,391,1343,0.36496811,0.99533305,0.01319523,4
0,391,2094,0.30159545,0.53069744,-0.014972277,6
0,392,1888,0.29623189,0.40693531,-0.0088075274,18
0,393,1063,0.27559235,1.068726,0.015035449,5
0,393,818,0.26881223,0.5421313,0.020771788,5
0,394,1063,0.31441327,0.5935602,0.033319313,4
0,394,2775,0.30900687,0.71144093,-0.0073819626,20
0,396,1326,0.30222462,0.89647306,0.0056536361,5
0,397,769,0.25637482,0.58381743,-0.015497785,6
0,398,1728,0.2692015,0.59332552,-0.010553605,8
0,398,2135,0.28771292,1.0636998,-0.0016391858,5
0,398,2323,0.30411199,1.0986762,-0.0064716388,6
0,399,2135,0.28487546,0.54797583,0.013905365,5
0,39,131,0.30499389,0.55875998,-0.013562712,17
0,39,1937,0.30480486,1.0398438,0.017862943,5
0,39,2725,0.28503133,0.55389284,0.016333467,8
0,400,1079,0.34312861,0.84369256,-0.011225804,12
0,400,1247,0.31925611,0.45212887,-0.019187046,10
0,400,1453,0.2292424,0.78462377,0.0038121255,9
0,400,1566,0.2478118,0.95913663,-0.0055289185,6
0,400,2489,0.30390747,0.51756435,-0.0048845064,5
0,401,1093,0.23948193,1.0061921,0.026576118,4
0,401,2489,0.31224871,1.0221828,-0.008290847,5
0,401,2591,0.31700924,0.9959825,0.020347812,5
0,402,287,0.074681671,0.56250063,0.028609136,4
0,402,3015,0.29346645,0.5603801,-0.0078370926,8
0,402,606,0.33525796,0.96659108,-0.025711027,4
0,403,1506,0.2194603,0.5241819,0.021184177,6
0,403,2100,0.25396786,0.86645602,0.030839919,4
0,404,1404,0.26320919,0.91759727,0.0068546684,5
0,404,378,0.28783066,1.1870206,0.002830763,6
0,404,4,0.24567928,1.0400505,0.0029595763,4
0,406,2096,0.36547481,1.0299554,-0.026442038,4
0,407,1349,0.31712893,1.0954789,0.0025114373,5
0,408,1349,0.2350768,0.56937302,0.039392424,5
0,408,969,0.2373389,0.66889413,-0.0074481911,4
0,40,1937,0.25486355,0.61960881,0.024844525,4
0,411,227,0.30520365,0.99785114,-0.002357042,18
0,415,1546,0.31378852,0.91372066,-0.0023367368,8
0,416,1546,0.31676937,0.50223663,0.00489962,6
0,416,1995,0.308885,0.74871421,-0.0080433153,17
0,417,1013,0.26410064,0.51842223,0.0070473269,7
0,417,873,0.19136809,0.83218108,0.031996502,5
0,418,1702,0.30174509,1.0418198,-0.026143672,4
0,419,1489,0.2581366,0.89723652,-0.0035807981,8
0,419,1662,0.35584689,0.89312179,0.013943952,5
0,419,298,4.2848829e-15,0.37346552,-0.0093814868,4
0,41,2636,0.2705306,0.96550725,-0.0015670706,8
0,420,298,0.11021908,0.62549915,0.013491305,6
0,421,1343,0.27094607,0.62240006,-0.016297833,18
0,421,194,0.20292747,1.3811759,0.021943781,4
0,421,730,0.1510252,1.2588639,0.0026461626,5
0,421,767,0.21782714,0.94492175,4.3541149e-05,4
0,422,2268,0.19171732,1.2732657,0.020779214,5
0,423,1588,0.26319363,0.67748633,-0.01342926,16
0,423,1816,0.30163699,0.73687334,-0.0028345299,20
0,424,1765,0.3135074,1.0831818,0.012482089,5
0,425,1765,0.28719882,0.55575676,0.021915942,4
0,425,2814,0.16979621,0.84740594,0.036583039,4
0,427,235,0.24733501,0.77339508,-0.0037062843,8
0,428,235,0.19033641,0.49189102,0.012141873,6
0,429,2767,0.24320129,0.8604358,0.0056394341,7
0,430,655,0.25644868,0.76125164,0.0043445431,6
0,431,2030,0.11180082,0.95892234,0.046936022,6
0,432,1693,0.29309737,0.53339943,-0.0090278086,20
0,433,1221,0.30400603,1.0074861,-0.017779406,6
0,433,1942,0.21034001,0.92719538,0.013740462,4
0,433,2480,0.25392402,0.58588031,-0.014732053,13
0,433,905,0.13330157,0.56065151,0.033039256,5
0,435,2429,0.36921994,1.0112376,0.014178998,4
0,437,1616,0.20259005,0.63467589,-0.010610286,8
0,439,2928,0.28859769,1.0713819,-0.0028405015,10
0,43,691,0.32538766,0.94255154,0.00028699772,4
0,440,2591,0.24027818,0.94892272,0.0089550979,5
0,441,2751,0.35005263,0.80684826,-0.0085254242,17
0,442,1052,0.22429355,0.77789317,-0.028967394,7
0,443,1052,0.28146938,0.51034213,0.017883277,5
0,443,1069,0.33928555,0.89861713,0.01625851,5
0,444,1897,0.30708111,1.0823659,0.0049678731,6
0,444,2822,0.16623527,0.84437331,0.035275269,4
0,444,614,0.28437848,0.92673626,-0.0087679415,6
0,445,1137,0.28666053,1.0532481,-0.016208208,4
0,445,1479,0.27624661,0.4633787,0.013104831,5
0,445,1897,0.30084657,0.6383357,0.0055298882,5
0,449,1299,0.30407106,0.9417355,0.026790477,5
0,449,2413,0.35013766,0.91848539,-0.01013463,4
0,44,2141,0.17835862,0.88353856,0.00096795563,5
0,44,2227,0.25880364,0.99798738,0.00050145488,10
0,44,2718,0.46178441,0.86306033,0.025864639,11
0,450,1299,0.31562387,0.58908124,0.018205502,4
0,450,1779,0.26114827,0.81480518,0.018450504,7
0,450,904,0.17087912,0.81802497,0.044254134,4
0,452,1340,0.1546882,0.8674902,0.040474791,5
0,453,2099,0.28959912,0.45003731,-0.018598619,12
0,454,554,0.17815476,0.98825176,-0.00062659182,6
0,455,2483,0.27965553,0.95385751,-0.011082302,6
0,457,1382,0.26834822,1.113086,-0.0017955334,6
0,457,2681,0.28203662,1.0299435,-0.0096872274,6
0,459,1240,0.20260072,0.82670374,0.0058419612,4
0,459,1258,0.32056592,0.69727458,-0.021590469,5
0,45,2718,0.4390682,0.51236945,0.020128236,10
0,45,3062,0.30018639,0.76319777,-0.013124971,13
0,460,1240,0.13305118,0.4636515,0.029852988,4
0,460,2412,0.26584711,0.90398838,0.020148293,9
0,460,2438,0.30272042,0.92173595,-0.0081310379,19
0,461,222,0.24970905,0.87194509,-0.0012134,5
0,461,2412,0.26752872,0.55332692,0.00481716,8
0,463,1140,0.1970948,1.0156378,0.037488101,6
0,463,1825,0.28578036,0.63733093,-0.012870259,6
0,465,3043,0.24271443,0.45798848,0.030153967,4
0,466,2539,0.32825506,0.95248821,-0.032705723,4
0,466,2900,0.19771635,0.70150848,-0.024586516,7
0,468,251,0.30115076,0.78238227,-0.006122989,6
0,468,968,0.31033353,0.77228458,-0.0099381083,18
0,46,1111,0.27307059,1.0562213,-0.0052103914,6
0,470,758,0.25395133,1.0159821,-0.023731896,4
0,471,1900,0.30851936,0.37605469,0.001732935,13
0,472,1144,0.3099097,0.94720209,-0.0071939608,7
0,472,257,0.24152726,0.75501399,0.017766404,7
0,473,1713,0.3230552,0.91946956,-0.012670178,6
0,474,2755,0.26928299,0.93344923,-0.014756352,7
0,475,1039,0.16842118,0.70819629,0.050113384,5
0,475,195,0.44683593,0.85482419,0.012807832,12
0,476,1042,0.26892711,1.0075485,0.022115306,5
0,476,1643,0.28169879,1.1714533,0.00031150358,6
0,476,195,0.42350028,0.53591803,0.019412646,10
0,477,1307,0.18000298,0.60762121,0.025779046,5
0,478,841,0.21671497,0.93990627,0.023542585,9
0,479,34,0.35973135,1.1786285,0.020928929,4
0,47,1111,0.2235277,0.53328452,0.037500946,5
0,480,1025,0.30249362,0.60772074,-0.015169682,20
0,480,2731,0.2939547,0.74472371,-0.01129494,15
0,480,34,0.34047844,0.62810173,0.016374839,4
0,481,121,0.2288741,0.87901751,0.020136595,4
0,481,1834,0.21784885,0.76559572,0.020759981,6
0,483,143,0.30220628,0.79409033,-0.0090450174,18
0,483,1570,0.32805258,0.94283453,-0.0054795653,12
0,485,1058,0.26065199,0.99606809,-0.0033828715,6
0,485,1330,0.25513348,0.960995,0.014115051,8
0,485,2808,0.30889267,0.8332578,-0.0082671593,18
0,486,1058,0.0755584,0.48906055,0.054717507,4
0,486,1354,0.26218262,0.68097843,0.003949045,7
0,486,2051,0.29209838,0.89586555,0.004119541,13
0,486,2912,0.3037297,0.52337762,-0.0066574723,17
0,487,2213,0.25827211,0.93116462,7.4505869e-05,4
0,489,1365,0.24842002,0.46049819,0.019486437,4
0,489,2222,0.25654023,0.48670483,0.0048358199,6
0,48,2693,0.16568433,0.782917,0.034324956,6
0,491,2332,0.23949318,0.89977477,-0.010088262,5
0,492,2781,0.28740743,1.1153874,-0.0075846126,5
0,493,1023,0.26282459,0.75306682,-0.0014209538,8
0,493,2781,0.27521417,0.64086827,0.010099919,4
0,493,2948,0.27064918,1.0013968,0.00057444139,7
0,493,418,0.25278082,1.0008459,-0.0089861789,5
0,494,2024,0.21846726,0.6338648,-0.0066675123,9
0,495,927,0.34062238,0.5099891,-0.012324259,19
0,495,973,0.21248773,0.79797074,0.034391576,6
0,497,1097,0.23665423,1.1402994,-0.0025900455,4
0,497,1401,0.27187927,0.72392741,-0.0078996866,7
0,497,2778,0.3219226,0.91607649,-0.033011843,4
0,498,3060,1.9221378e-17,0.36923502,-0.018041349,11
0,4,931,0.050905157,0.55964446,0.0044106367,6
0,500,2800,0.29177555,1.123266,0.014500266,4
0,501,2800,0.19248947,0.59337957,0.043634634,4
0,503,1466,0.14534902,0.7594304,0.052299142,5
0,503,2033,0.26730193,0.94601525,0.00024351725,4
0,504,3013,0.27111796,0.90636654,0.0013216597,5
0,505,1336,0.27369107,0.95546484,0.011208676,5
0,505,2163,0.26678007,0.80120713,0.026152323,6
0,505,2737,0.19350096,1.1763565,0.014401154,4
0,506,1658,0.25479226,0.48621569,0.00086276692,17
0,507,1474,1.2497316e-22,0.51390812,0.0025862379,8
0,507,1754,0.23019817,0.67054913,-0.007411101,7
0,508,2208,0.31779704,0.96927678,-0.0012099645,5
0,509,1426,0.11448205,0.66363058,0.075979171,4
0,509,2208,0.28975526,0.5784278,0.033468737,4
0,509,2957,0.31766919,0.96758677,0.027346797,6
0,50,1387,0.30386147,1.0732473,-0.0049436482,7
0,50,2726,0.2572319,0.59794502,-0.023328197,13
0,51,1189,0.30340089,1.1789731,0.015099046,4
0,51,2539,0.31772998,0.93853059,-0.015638597,7
0,51,2572,0.18468531,0.95735672,-0.0014513167,5
0,51,2780,0.32983819,0.87492369,0.01700478,4
0,51,539,0.28541369,1.1080502,0.0076809105,6
0,51,649,0.30534932,0.76971446,-0.0041488305,20
0,53,2148,0.29710458,0.92868701,-0.0011458847,6
0,55,1714,0.18088184,0.70354153,0.026934598,7
0,55,2760,0.25424024,0.44502489,0.0053535164,7
0,56,2314,0.32848027,1.053676,0.0037916934,4
0,56,826,0.40692073,0.93131859,-0.013112917,6
0,57,2314,0.1777276,0.58468826,0.038637219,5
0,57,2636,0.26577908,0.9446363,-0.0071276849,6
0,58,3054,0.23733854,0.9323086,0.0036977017,5
0,58,593,0.19402874,0.70108283,0.026487004,6
0,59,1496,0.28543491,1.0080637,-0.0099359874,8
0,59,3027,0.36408214,0.3526548,-0.017071867,6
0,60,869,1.009742e-27,0.62761328,-0.00089218046,7
0,62,1202,0.30019672,0.96346292,-0.025435918,4
0,62,1890,0.23364219,0.92362396,0.013868388,4
0,62,1931,0.24555323,0.77069466,0.033481615,6
0,62,2976,0.30640507,1.0469512,-0.0018209211,7
0,63,2976,0.27599775,0.63553466,0.024887774,5
0,64,1651,0.28992225,1.1303866,0.019773931,4
0,64,2761,0.28707958,0.89209105,-0.003802035,6
0,64,543,0.29079704,1.023491,-0.0022185229,4
0,65,1408,0.28545306,0.76257058,0.0020547626,7
0,66,137,0.2126203,0.76425861,0.023969204,6
0,67,137,0.15848292,0.43726325,-0.0033248762,4
0,68,1720,0.26482316,0.98927833,-0.004190531,6
0,68,2580,0.17205887,1.0690553,0.02896247,5
0,68,366,0.30927919,0.98317784,-0.016251475,4
0,6,2639,0.31354566,0.8275963,-0.0060840088,15
0,70,1345,0.26782646,0.93908622,-0.017027079,5
0,70,1758,0.17941838,0.99354802,-0.0019111842,5
0,71,2245,0.30003959,0.64710338,0.033013371,4
0,71,2792,0.2717654,0.71483136,-0.0089204735,9
0,72,531,0.010992732,0.69518534,-0.012919489,4
0,73,2601,0.25098936,0.82339591,0.04041144,4
0,74,1771,0.29053396,0.96778288,-0.0038839462,9
0,74,2343,0.25563118,0.99040173,0.026712479,4
0,74,2353,0.18675497,1.0418819,0.033120106,5
0,75,2185,0.30895561,0.77373562,-0.0096953518,19
0,77,658,0.03635068,0.63879032,-0.014726616,6
0,78,1459,0.21848145,0.50781329,0.039679633,4
0,79,1730,0.31509465,0.88496208,-0.0073660834,7
0,79,2879,0.37937992,0.92799957,-0.025609383,5
0,7,1935,0.25610073,0.92190004,0.024472988,4
0,7,207,0.045631292,0.54152415,0.035957735,5
0,80,2295,0.19970086,1.0526127,0.015837703,5
0,82,2014,0.27569292,0.61271502,0.0058837108,4
0,84,1363,0.17901589,1.2643484,0.028477967,4
0,85,209,2.5041601e-26,0.33396294,-0.0031063873,11
0,86,1366,0.06501393,0.43540845,0.025896915,4
0,86,2089,0.38872489,0.96524125,-0.0025333304,7
0,8,1935,0.20343589,0.5444897,0.035799015,4
0,8,207,0.16555231,0.7960269,0.029247266,5
0,90,1613,0.13083467,0.97542487,0.039098555,4
0,90,2189,0.3185488,0.9078835,-0.0067358156,8
0,91,2252,0.25472135,0.92544769,0.012300692,4
0,95,2157,0.2030829,1.2899227,0.011358097,4
0,98,1775,0.2434322,1.2714519,0.010228375,4
0,9,1107,0.22828258,0.61910406,0.0037679469,6
1,100,287,0.28130436,0.96523516,0.0095884394,10
1,100,491,0.025745694,0.5012547,-0.0013327989,6
1,101,2045,0.23037135,0.94767011,-0.014739595,7
1,101,2325,0.1279411,0.63230653,0.017276395,4
1,101,2339,0.25906553,0.96865799,0.010117973,6
1,101,2608,0.22440619,1.090008,0.008597455,6
1,101,287,0.29424826,0.61809681,0.016591987,7
1,101,794,0.34998419,1.0168416,-0.0028211548,15
1,102,2976,0.27359175,0.80688892,0.034434364,4
1,105,1689,0.28207825,0.66695827,-0.018173873,17
1,107,1560,0.3055006,0.9876191,-0.0076506735,19
1,107,2055,0.30463028,0.9169706,-0.0114607,19
1,108,2774,0.13456411,1.0777291,0.032432256,4
1,108,788,0.29979635,0.75741025,-0.010303268,16
1,109,784,0.31884126,0.86626449,-0.023852828,5
1,10,1444,0.25245231,0.6706257,0.037916629,4
1,10,2613,0.21776794,0.94392809,0.017157176,7
1,10,482,0.24393874,0.53437411,0.027711323,5
1,112,721,0.2003043,1.2433105,0.018775762,5
1,114,2126,0.3319656,0.68878153,-0.0039419178,10
1,115,1248,0.32758758,1.1274527,0.015325911,4
1,116,2301,0.25410291,0.89026665,-0.019059292,4
1,117,571,0.28796825,0.57653578,0.014286433,5
1,118,1447,0.26934063,0.5986563,-0.020468909,10
1,118,284,0.28229967,1.104693,0.0058715322,7
1,119,284,0.25150023,0.6111133,0.013734786,6
1,11,763,0.31582091,0.70238753,-0.011162626,18
1,120,1374,0.29177528,1.132703,0.019700366,4
1,121,1374,0.24729446,0.61011924,0.033534633,4
1,121,1964,0.29636936,0.37350782,-0.0064714587,13
1,122,1161,0.31087156,0.76337261,-0.0063123627,17
1,122,551,0.26011155,0.69957346,0.047793802,5
1,122,640,0.27577851,0.65302553,-0.0082288974,19
1,124,1492,0.14874657,1.1169548,0.038498048,6
1,127,110,0.29815531,1.104932,-0.00076969289,13
1,127,2741,0.28496537,0.58174384,-0.019199094,13
1,127,2915,0.23900723,0.82499734,-0.0064387355,5
1,128,110,0.29550446,0.54345731,0.0017309772,11
1,129,2567,0.35586982,0.8239678,-0.011401445,15
1,12,1951,0.29939419,0.92550497,0.0034075891,6
1,12,566,0.21488014,1.1556556,0.02160699,4
1,130,1303,0.19047773,0.99079551,0.037747868,5
1,130,664,0.29941236,1.1852463,0.0076728933,6
1,131,1303,0.23191359,0.58916236,0.036331279,4
1,131,664,0.31326892,0.59055364,0.030687885,5
1,131,785,0.1968286,1.0241814,0.00038674424,5
1,132,2126,0.23651871,0.48669608,0.021474512,4
1,132,2594,0.30755746,1.070202,0.0063447623,4
1,132,3031,0.2337342,1.1303566,0.031515481,5
1,133,1635,0.3030838,0.98756317,-0.004367616,15
1,133,2673,0.30593821,0.57669151,-0.025283179,8
1,133,3031,0.29394325,0.59824807,0.028552836,4
1,134,2849,0.31032542,0.62417427,-0.015015455,17
1,134,2853,0.30693216,0.59879193,-0.010348753,16
1,135,1894,0.28149495,1.1080923,0.0072531842,9
1,135,2237,0.27790758,0.58394183,-0.019393914,16
1,135,2284,0.29455828,0.92650902,-0.00053265144,5
1,136,1894,0.293275,0.63418727,0.010309881,7
1,136,2770,0.25967754,1.3791632,-0.007360003,5
1,137,1163,0.27863349,0.8237083,0.010210488,6
1,137,2348,0.30393608,0.99344759,0.0026702125,12
1,137,2956,0.29100337,1.0354799,0.011993514,6
1,138,1081,0.27748049,0.88479943,-0.0022138097,5
1,138,2956,0.30794719,0.55802631,0.020953563,4
1,139,1986,0.11454968,0.72673006,0.034690654,4
1,13,857,0.1854529,0.7026609,0.014655464,4
1,142,1406,0.27959552,0.97188637,-0.0046272789,13
1,142,1661,0.22681511,0.61507224,0.007193307,7
1,143,1406,0.2761096,0.52610537,0.007460436,7
1,143,2859,0.21407312,1.4248449,0.0056893414,5
1,144,445,0.071879888,0.74956007,0.035528191,6
1,145,934,0.29369427,0.91859659,0.045078723,5
1,146,111,0.22623381,0.52878251,-0.0019122959,4
1,146,934,0.28859557,0.6139168,0.033313512,4
1,147,2667,0.31177711,0.98319986,0.008594586,5
1,148,782,0.3117074,1.033765,-0.0032457401,19
1,149,1286,3.5688767e-19,0.75943164,0.00020587196,9
1,149,1485,0.2007494,0.87202221,0.017903356,5
1,14,2319,0.29155555,1.2015061,0.011455487,5
1,14,506,0.26320633,0.59385978,0.014423641,6
1,151,1403,0.22892575,0.68892861,-0.012774194,21
1,152,1403,0.23494568,0.53643933,0.0016106882,8
1,152,3019,0.30009944,0.75796228,-0.014949816,15
1,152,584,0.18561219,0.64459907,0.0084036494,5
1,153,1572,0.23688041,1.3444051,0.025377191,5
1,155,115,0.27077659,0.84210226,-0.0089570641,8
1,155,2325,0.18498658,1.2539493,0.0085275067,5
1,157,1499,0.30649409,1.0538425,0.00029538498,6
1,157,669,0.25577982,0.81599481,0.024612236,6
1,158,1499,0.17796505,0.5823437,0.047323388,4
1,158,682,0.2941218,1.1979566,-0.0032175314,12
1,159,2035,0.12533032,0.7345931,0.00036606539,7
1,159,2647,0.2991949,0.79251206,-0.010876804,19
1,159,479,4.4450863e-16,0.63984704,-0.00432249,10
1,159,682,0.30767338,0.58413641,0.0028436981,11
1,15,2867,0.30067091,0.99183259,-0.0060186719,5
1,160,2208,0.31144789,1.1054162,0.0094007161,7
1,161,2208,0.29183835,0.5676596,0.0058338761,9
1,161,2427,0.30970504,1.0282086,-0.00095374961,6
1,161,2957,0.30176917,0.81309055,-0.0060861531,20
1,162,2427,0.282652,0.59421035,0.011647904,5
1,163,1327,0.20289561,0.76970205,0.02637706,6
1,163,2573,0.14877645,0.98282266,0.044588949,5
1,164,1002,4.1479144e-12,0.80128959,0.12883599,4
1,164,1816,0.19761542,1.0084232,0.042773015,5
1,164,2573,0.23386741,0.5979084,0.042793251,4
1,165,2021,0.27856962,1.0816811,-0.0141612,5
1,166,1113,0.29203435,1.1237023,0.0060913145,7
1,167,1113,0.27795905,0.62364072,0.031280364,4
1,167,1378,0.26343274,0.61024946,-0.012825737,18
1,168,662,0.27126259,0.99651963,-0.013035594,9
1,169,1190,0.22493336,0.76582591,-0.00015350001,5
1,169,1494,0.18506661,0.82921217,0.032205393,5
1,170,935,0.31162399,0.88768142,-0.0053684886,19
1,171,1173,0.2567347,0.89621387,0.04216231,6
1,171,208,0.1911223,0.77693117,0.026832694,4
1,172,1825,0.74417382,0.63392534,-0.00034401002,4
1,172,2330,0.1482453,0.63205369,-0.006529081,7
1,173,155,0.27629744,0.97402736,0.029872706,5
1,173,2811,0.15425691,0.78835448,0.028639842,4
1,174,2023,0.31725404,1.0080206,-0.018997847,5
1,174,2944,0.28664976,1.0415815,-0.025541178,5
1,175,317,0.29567861,0.81681821,0.021301243,5
1,17,186,0.3127369,0.84822383,-0.0054241184,14
1,17,2865,0.20596864,0.69842965,0.022170075,6
1,17,538,0.28745112,0.57771973,-0.01005328,8
1,180,2372,0.28289384,0.54956867,-0.010452981,20
1,180,2743,0.29943148,1.0307092,0.0054094668,4
1,181,2743,0.25223662,0.6715851,0.047140735,4
1,181,2843,0.2869134,0.59627305,0.0091426832,5
1,181,3040,0.28752355,0.92871396,0.0145389,6
1,182,1650,0.14114699,1.3132876,0.042138729,4
1,182,3040,0.26330903,0.56849576,0.034494131,4
1,182,764,0.30266583,0.7327788,-0.012067138,16
1,183,764,0.28999725,0.46914661,0.0085200652,4
1,185,140,0.51629688,0.78513682,0.002963379,9
1,186,140,0.6176893,0.41702615,0.016198355,6
1,186,784,0.25061676,0.63889204,-0.01466251,12
1,186,800,0.28437902,0.84788707,-0.0051191961,21
1,187,1974,0.26095458,0.97105285,0.0093660253,6
1,188,925,0.32074895,1.0922776,-0.00092162983,4
1,189,2464,0.30180935,0.5384877,-0.016059285,18
1,18,538,0.30102819,0.72594949,-0.02361834,11
1,18,539,0.2731237,0.83171686,-0.031295313,4
1,18,981,0.29110336,1.0620654,0.0070748939,9
1,190,2059,0.16787546,0.72733025,0.010730027,5
1,190,810,0.31324485,1.0141773,-0.013917032,4
1,191,1685,0.33866837,1.0569952,-0.0049704572,4
1,191,1990,0.33144545,0.98041501,0.0097646321,6
1,191,2751,0.24440003,0.59924898,0.033430441,5
1,192,1534,0.2322589,0.91329423,0.026750284,5
1,192,1685,0.13862966,0.559701,0.041190488,4
1,192,1990,0.31204041,0.58009105,0.024127961,4
1,192,40,2.6391059e-18,0.61145283,0.022422563,4
1,193,2119,0.19650823,0.95893163,0.028553625,5
1,193,2495,0.28510437,1.1402501,0.0075826293,6
1,193,521,0.29600049,0.62398324,-0.019011938,10
1,194,2471,0.20374974,0.59799083,0.018888989,4
1,194,2495,0.33874235,0.59829683,0.012033829,4
1,197,2789,0.27629784,0.58944879,-0.015982574,17
1,198,249,0.31740736,1.1033404,0.002145631,5
1,198,96,0.32740005,0.70702086,-0.0050431523,18
1,199,1966,0.2922784,1.1146734,0.012996603,7
1,199,2375,0.33586213,0.97371092,0.031561585,6
1,199,249,0.27870046,0.67696878,0.032812456,4
1,199,501,0.30117864,1.1723681,0.013088656,4
1,19,981,0.26996514,0.69941168,0.010669927,7
1,1,0,0.42725616,2.9845007,0.016168474,13
1,1,524,0.24714465,0.8406976,0.021779162,5
1,200,1966,0.27456044,0.64959362,0.010997818,7
1,200,2375,0.25954953,0.65807281,0.024041934,4
1,201,1298,0.21721191,1.0223989,0.037409392,4
1,202,1298,0.22744832,0.66015077,0.041601586,4
1,202,1750,0.30721265,1.0125182,0.0047718182,6
1,203,1601,0.26916126,1.0454427,-0.01813873,6
1,203,60,0.045692082,0.55200018,0.00047001558,4
1,204,1467,0.24426959,0.87975384,0.0016834914,5
1,204,289,0.10045276,0.54148962,0.0070233382,6
1,204,60,0.29331161,0.88501473,-0.013894093,5
1,205,2661,0.22823951,0.89539932,0.028268723,7
1,206,1295,0.28102892,1.0195896,0.032854843,6
1,207,1930,0.31967521,1.0504432,0.0010390397,6
1,207,6,0.26512735,1.0917599,0.018701889,6
1,208,249,0.28908439,0.63825896,-0.023762811,12
1,208,2592,0.27225779,1.1585983,0.0013121172,5
1,209,1403,0.18340062,1.0025775,0.039857073,5
1,209,2592,0.21834157,0.57798262,0.031899617,5
1,20,2785,0.32252371,1.0087737,-0.0030944604,5
1,212,1769,0.30439684,0.96391594,-0.0041931018,19
1,214,2939,0.30178555,0.87108825,-0.0065479125,20
1,215,1559,0.30874165,0.96050641,-0.0042677489,20
1,215,223,0.2845107,0.52758111,0.0052907441,6
1,216,1992,0.25893275,0.55051283,-0.022404086,4
1,216,499,0.26612594,0.89669758,0.0070344954,5
1,217,1352,0.27974768,0.74625326,0.020117719,5
1,217,2684,0.29698469,0.60904153,-0.013600125,13
1,217,499,0.26355006,0.55289059,0.041389413,4
1,217,689,0.31833598,1.032809,0.0055116894,6
1,217,988,0.2824857,1.1433856,0.018789429,5
1,218,689,0.31104942,0.51563738,0.014230492,4
1,219,2694,0.31644333,0.9498133,-0.0027230603,8
1,219,275,0.29333493,0.53962708,0.020247523,5
1,219,593,0.32826886,0.95909431,-0.031962846,4
1,21,1740,0.29753037,1.0457768,-0.0055265066,5
1,220,2694,0.31962508,0.58041204,0.020292342,5
1,220,642,0.31847607,1.1680939,0.012161088,4
1,221,2291,3.8728594e-24,0.63925154,-0.011803272,8
1,222,1053,0.24370145,1.0364223,0.026087812,4
1,223,1359,0.19750157,0.97070137,0.030596941,5
1,223,772,0.2902518,0.87279873,-0.0054794437,21
1,224,1359,0.22368194,0.58349915,0.047264641,4
1,226,2666,0.30244922,0.91736652,-0.0017025924,21
1,227,1922,0.29045798,0.62077759,-0.01987924,12
1,227,441,0.24532295,0.7108565,0.00060315012,4
1,228,2820,0.2734291,1.0729853,0.013009832,6
1,228,759,0.18327232,0.83456612,0.036543821,5
1,229,2820,0.31053678,0.60237291,0.017934266,5
1,229,759,0.095727766,0.56039353,0.031629227,5
1,230,1929,0.30152313,0.758013,-0.031477753,4
1,231,1004,0.35997548,0.94036865,0.012707632,5
1,232,1004,0.35344261,0.55718211,0.022157976,4
1,232,1988,0.29920321,1.0131194,-0.0069999107,5
1,232,203,0.25352259,0.75163263,0.031494852,6
1,235,1086,0.3305097,0.93165676,0.028015815,6
1,236,1118,0.27495017,0.59262966,-0.0087173319,4
1,236,2502,0.31299316,0.49879513,-0.013881959,14
1,236,396,0.26015543,0.9453144,-0.011498319,8
1,238,814,0.2799588,0.93001038,0.0044220791,6
1,239,419,0.28507387,0.77805581,-0.012163532,20
1,239,814,0.10122807,0.57082386,0.040686515,4
1,23,2302,0.26928835,0.58992045,-0.012340449,19
1,23,942,0.20932403,0.63440366,0.0038414836,9
1,240,453,4.220449e-17,0.52644903,-0.0089125934,8
1,240,919,0.31121323,1.017904,-0.027532435,4
1,241,56,0.32459391,0.83578231,-0.034779207,4
1,241,949,0.30590578,0.95233511,-0.0038290015,19
1,241,974,0.27393302,1.1558342,0.0038255565,6
1,242,974,0.21865476,0.67189702,0.033327425,4
1,243,108,0.31405261,1.00655,-0.0024623594,7
1,243,140,0.27834337,0.68972346,-0.004998048,16
1,243,65,0.2618303,0.57742755,-0.0026461951,7
1,243,759,0.20134303,0.62547549,0.016995332,6
1,243,863,0.13895493,0.68875846,0.014778432,8
1,244,2359,0.22458186,0.87876169,0.011907956,6
1,244,3002,0.32705131,0.93473548,-0.027092571,4
1,244,65,0.1271433,0.48329397,0.019767276,4
1,244,933,0.27703768,1.0567913,0.023508632,5
1,245,2087,0.10385379,0.90725927,-0.019063049,6
1,245,2359,0.2056992,0.60784886,0.040731656,4
1,247,1867,0.27148284,0.93175933,-0.0021039215,6
1,247,2634,0.22204024,0.73406972,0.039653955,5
1,248,1098,0.25725045,0.60833153,0.0092503933,7
1,248,1652,0.29082337,0.96481455,0.010863098,6
1,248,2160,0.2831895,0.67266667,-0.0090631914,5
1,249,1652,0.28700074,0.59749674,0.023284028,4
1,24,2514,0.26893926,0.7133106,-0.0077607698,11
1,250,2910,0.26588792,0.84106464,-0.011234511,7
1,251,2657,0.32557071,0.73225486,0.02610685,4
1,251,2726,0.32824306,0.52770159,-0.016787885,13
1,251,731,0.26828955,0.90553002,0.00062211097,5
1,251,756,0.27223333,0.96133486,-0.025971057,4
1,252,1622,0.14442405,1.106121,0.02629497,6
1,252,1729,0.3055913,0.91865619,-0.0040741867,20
1,252,2128,0.16960854,1.4155501,0.006881288,5
1,253,1730,0.25350616,0.61968302,0.02261708,6
1,254,2650,0.29082228,0.60973544,-0.020408423,11
1,254,487,0.30996344,0.97709422,-0.0054610438,18
1,255,2746,0.30152297,0.84494679,0.0019659646,5
1,256,2382,0.22900785,0.63242457,0.021847516,5
1,258,1075,0.30022671,1.0985161,0.015865312,7
1,258,1589,0.27486562,0.92329609,-0.0064982997,10
1,259,1075,0.25543811,0.66006482,0.014132428,5
1,260,2458,0.09858899,0.77320502,0.054178941,6
1,260,2709,0.35780885,1.0962176,-0.0032868045,5
1,260,3024,0.24196066,0.80596081,0.0083644247,4
1,261,1082,0.23892424,0.85738376,0.001864729,6
1,261,2135,0.28942943,0.86475144,-7.3622566e-05,17
1,262,2787,0.30822727,1.1498408,0.0038470976,5
1,262,2967,0.30081198,1.1043028,-0.0050493985,9
1,263,1248,0.36814875,0.87875651,-0.007754598,8
1,263,1371,0.30818357,0.88859092,-0.0036487114,18
1,263,2099,0.22880193,0.66260383,0.0015105308,4
1,263,792,0.23266009,0.85151971,0.0087375075,5
1,265,912,0.34146473,0.96979005,0.014264879,5
1,266,1434,0.30751157,0.92285952,-0.003076661,20
1,266,2157,0.28037744,0.75928823,0.014270629,4
1,266,828,0.30350926,1.092765,0.0087397489,6
1,266,870,0.36337829,0.55493299,0.01231984,5
1,267,828,0.31670551,0.56659017,0.0058594633,4
1,26,830,0.18815257,1.0414882,0.016818947,7
1,26,860,0.29914111,0.84275625,0.0071048268,5
1,270,1313,0.24356345,0.98999176,0.014288372,8
1,271,78,0.24870225,0.98978998,0.0037221018,6
1,271,932,0.29882861,0.85505348,-0.0063270916,20
1,272,1204,0.30176651,0.80334353,-0.0072051213,20
1,272,1477,0.30857495,0.95220984,-0.0024136027,9
1,272,433,0.26258487,0.93147324,-0.022297015,4
1,273,1327,0.29575951,0.93322752,0.016333636,9
1,273,1477,0.30375868,0.54583188,0.0034522455,6
1,273,2026,0.32083477,1.1072464,0.005236907,4
1,274,1190,0.3487135,1.1178084,0.00073122169,4
1,274,1381,0.18831074,1.0509849,0.018971856,5
1,275,2556,0.3043905,0.9296302,-0.0018546098,20
1,276,2837,0.30465113,1.0726907,-0.0056143882,19
1,276,2844,0.23878342,1.1813648,-0.006838085,6
1,277,2481,0.28972694,0.6527489,-0.01827544,17
1,277,2646,0.24281577,0.72152286,-0.0054775513,6
1,278,1392,0.14936302,0.73925552,0.022412584,6
1,27,1646,0.13773252,0.62341556,0.023667721,4
1,27,2114,0.19721493,1.2394753,0.015317616,4
1,280,362,0.30007313,0.86910546,-0.0089695716,20
1,282,1226,0.30242708,0.9868832,-0.0072883956,15
1,282,2251,0.30737288,0.98122878,-0.0067509789,19
1,282,715,0.2512778,0.92796701,0.00045510835,7
1,283,1226,0.30113035,0.54264784,0.00017151526,11
1,285,1242,0.28408612,0.9707102,0.0036827441,6
1,285,1273,0.23991256,0.90283157,0.0087625413,4
1,285,23,0.19389667,0.81616257,0.037311207,5
1,285,2510,0.27717638,0.95743323,-0.0047042822,6
1,285,2943,0.20783614,1.0247947,0.033792804,5
1,286,2943,0.23134123,0.63567808,0.030911053,4
1,287,449,0.16559746,0.59097272,0.023764492,6
1,289,2539,0.32565244,0.72637467,0.011180782,4
1,28,1311,0.29137241,0.66283126,-0.015434617,16
1,28,2953,0.44607875,1.0766984,-0.0035413099,5
1,292,2161,0.33327846,1.1942613,0.0088541437,4
1,293,2885,0.2848032,0.9592534,0.0046562702,5
1,294,2881,0.29897712,0.84072916,-0.0070581526,20
1,294,2885,0.26196458,0.53979584,0.032353122,4
1,294,365,0.1523208,0.86051974,0.032644855,5
1,295,2037,0.24794279,0.7779892,0.012477142,7
1,297,1765,0.30181502,0.99495229,-0.017122634,4
1,297,649,0.24118833,0.71973449,0.017047778,6
1,298,1201,0.30025898,1.0192274,0.00092972276,16
1,298,1971,0.26254251,0.80070332,0.018261197,5
1,298,911,0.28885755,0.62537982,0.031024785,4
1,299,1201,0.31398409,0.53279101,-0.0096637438,11
1,299,2087,0.27727078,0.62702025,0.011854915,6
1,299,38,0.18544043,0.77620652,0.023646531,6
1,29,2043,0.18458075,1.2699462,0.014630584,4
1,29,2953,0.38324383,0.51593698,-0.00081266005,7
1,29,668,0.29802394,1.0721382,0.00072088473,19
1,2,2074,0.081775756,0.73676295,0.042780011,6
1,2,549,0.29587248,1.1906407,0.0029074006,13
1,300,38,0.12815117,0.59540087,0.054636754,4
1,301,1233,5.3642542e-29,0.67431488,0.0021485883,5
1,302,2489,0.18035309,0.9252458,0.024008191,4
1,302,2515,0.23587812,1.0067482,0.035016131,4
1,303,2515,0.23190408,0.71235793,0.036964397,4
1,303,2703,0.29243681,0.95597542,-0.0066825598,20
1,304,2803,0.26602884,0.91554938,0.037335023,7
1,305,2803,0.3128994,0.61800393,0.0096118784,5
1,306,972,0.31175775,0.94495668,-0.020641155,5
1,309,1044,0.19850656,0.61784033,0.0085034347,6
1,309,853,0.29079342,1.078758,0.010521701,7
1,30,1313,0.30416428,0.97920522,0.00071586372,9
1,30,1855,0.23744303,0.75296593,0.013577823,7
1,30,2626,0.30244345,0.94303451,-0.0031208467,15
1,310,853,0.29313964,0.53902052,0.01171787,6
1,310,887,0.2945426,0.6133723,-0.014476223,6
1,311,2517,0.30930784,0.8265793,0.021193534,4
1,312,1662,0.13911835,0.9513203,0.028635705,6
1,312,2018,0.26971982,0.66756386,-0.0042098284,9
1,313,2595,0.34406981,1.0012656,-0.023553641,5
1,316,2027,0.18129968,0.51215154,0.029227144,4
1,316,931,0.27404973,1.1145735,0.0160486,6
1,317,931,0.34429377,0.61289011,0.0099506026,4
1,318,1008,0.30710846,1.1526376,0.016375013,5
1,318,1113,0.39405546,1.0280236,0.0056817316,8
1,318,1936,0.29368461,1.0365131,0.016336985,5
1,318,686,0.24865585,0.93706441,0.00034090296,4
1,319,1008,0.31680996,0.50618512,0.026290976,4
1,31,1145,0.30188115,1.0960198,0.0029393586,14
1,31,1313,0.28428237,0.68264315,0.021786009,6
1,31,1785,0.29966913,0.83136161,-0.0060288831,20
1,31,636,0.31073306,1.1179204,0.010474995,6
1,31,78,0.20441148,0.94448308,-0.010978068,8
1,321,1082,0.18703599,0.64375386,0.011942435,7
1,321,839,0.20471567,0.9298406,0.014225713,5
1,324,3015,0.27072356,0.7306395,-0.013602026,21
1,324,640,0.24887458,1.0128381,0.012121114,6
1,325,2152,0.2979028,0.58564633,-0.015909882,17
1,325,404,0.28250255,0.77701841,0.029302395,4
1,327,2122,0.16835895,1.0590122,0.038169643,6
1,327,2467,0.29669486,1.0567552,0.0095088051,6
1,327,3021,0.25762708,0.93064869,0.021730366,4
1,327,631,0.30837492,1.0137643,-0.0053669109,20
1,327,961,0.22229542,0.83791022,0.015562451,5
1,328,2467,0.27532516,0.62649348,0.021362598,6
1,329,396,0.2820877,0.9135163,0.0061730926,6
1,329,931,0.31334182,1.1793301,0.014292324,4
1,32,1145,0.27948966,0.69082399,0.0058678264,10
1,32,636,0.25513636,0.66808694,0.025004488,5
1,32,681,2.4881854e-17,0.80896388,-0.013407533,6
1,331,1161,0.11812759,0.58369006,0.011993159,6
1,332,396,0.29921779,0.93608616,0.00058539109,20
1,332,875,0.23171489,0.98467272,0.00073154836,4
1,332,921,0.30976724,1.0488379,0.013622246,4
1,333,1402,0.32783296,0.4329698,-0.024110998,8
1,333,3010,0.26218743,0.65509022,0.029977906,4
1,333,398,0.24134546,1.0226899,0.020807614,7
1,334,2544,0.27942558,0.72190892,-0.0048053207,14
1,334,802,0.022805887,0.47839527,-0.0013878553,6
1,336,3062,0.32246853,0.86172705,-0.024652567,7
1,339,1707,0.30886281,0.53377109,-0.018979036,15
1,340,2092,0.22842179,0.55607252,0.021727003,4
1,340,774,1.3118315e-23,0.53826786,-0.00095463144,7
1,341,1412,0.14885068,0.69188796,0.029152328,6
1,341,1868,0.29119794,1.0024073,0.013187477,9
1,342,1868,0.28580609,0.55838213,-0.0029742944,8
1,342,2810,0.34698511,0.93381183,-0.024239013,4
1,343,1154,0.28590415,1.0371679,0.0011370304,12
1,344,1154,0.29529556,0.42837403,0.0027445868,11
1,344,2091,0.26163815,0.95674746,-0.0017112381,6
1,345,3024,0.31702741,1.2415695,0.0034248152,5
1,345,515,0.3159973,0.99002621,-0.0040923763,6
1,346,3024,0.26243332,0.63592948,0.027844687,4
1,346,540,0.24571239,0.83475421,-0.007949547,5
1,348,2302,0.30422695,1.0003617,0.012423883,6
1,348,2831,0.23365846,1.1433416,0.0069122737,7
1,349,2057,0.26145789,1.0603427,0.017477709,7
1,349,2267,2.6739158e-15,0.97559632,-0.0026261802,5
1,34,2150,0.34709557,0.67787076,-0.013088258,9
1,34,887,0.28628676,1.072568,0.018134322,6
1,350,2057,0.19478552,0.66307873,0.023476164,6
1,351,1090,0.28848313,0.68032689,-0.016404802,14
1,352,966,0.27918621,1.077428,-0.011485012,6
1,353,1445,0.24152747,0.62144043,-0.00091175584,8
1,353,883,0.24074426,1.0420796,-0.002369356,8
1,354,1284,0.29758956,0.58996194,-0.015525438,7
1,354,2227,0.28202858,1.207206,0.00063144341,5
1,355,1012,0.16926679,0.80126246,0.012470314,9
1,355,1723,0.27896087,1.1461364,0.0060850987,7
1,356,1723,0.22974706,0.71270709,0.016546956,5
1,356,2027,0.25960809,0.63821127,-0.014012441,11
1,356,2655,0.29360725,0.7178668,-0.014611819,19
1,357,1878,0.30694816,0.66372238,-0.010073436,20
1,359,2209,0.27566708,0.93445806,-0.0069249503,5
1,35,2498,0.26407726,0.87496988,-0.0042659354,6
1,35,3038,0.31017462,0.96909107,-0.0031295246,19
1,35,489,0.29409806,0.99954676,-0.0074839039,20
1,35,887,0.28041667,0.73477961,0.037162879,4
1,360,1294,0.25831755,0.85947529,0.033354269,7
1,360,1374,0.29780879,0.77387478,-0.007502385,20
1,360,877,0.20950978,0.69683968,-3.4221167e-05,5
1,360,937,0.3215934,1.0253445,-0.0010581294,5
1,361,1294,0.22999388,0.61829107,0.028160947,4
1,361,1800,0.36501363,0.97961628,0.0067798197,4
1,361,2546,0.30197917,0.9730835,0.0037052564,7
1,361,937,0.33709878,0.62722326,0.027869537,4
1,362,1053,0.29273105,0.69416171,-0.016119655,14
1,362,1363,0.31192218,0.60771691,0.0099881574,4
1,362,1678,0.29310654,0.8627673,0.022492412,5
1,362,2252,0.29159062,1.1855262,0.006947654,6
1,362,2546,0.28169645,0.6166864,0.022578591,4
1,363,2252,0.29514104,0.64347402,0.0097723721,6
1,363,2518,0.2961983,0.8019503,0.023986853,7
1,363,2577,0.22546488,0.85351527,0.010086404,6
1,364,2546,0.24766764,0.85993474,0.033004904,7
1,364,803,0.25944585,0.89247234,-0.0058908573,4
1,365,1732,0.26272133,0.90765587,0.0032060161,8
1,365,2312,0.24254758,0.91843197,0.032562599,7
1,366,2188,0.28727112,1.0539842,0.016550245,5
1,366,2312,0.27941126,0.57880754,0.015175258,4
1,366,926,0.31966332,0.99809647,-0.033345466,4
1,367,2188,0.16054144,0.53833389,0.042070588,4
1,368,2685,0.31000459,1.1479975,0.01797499,4
1,369,876,0.30251459,1.1051897,-0.021948596,6
1,36,534,0.071158167,0.58041533,-0.0031679251,5
1,370,2066,0.17293349,0.56747181,-0.0085518693,5
1,370,2161,0.46615992,0.90222512,0.032940199,8
1,370,876,0.27770355,0.57699093,0.029529822,4
1,372,2532,0.30457623,1.0871886,0.0016780317,7
1,373,1574,0.29316394,0.6620914,-0.010978403,20
1,373,2532,0.29442991,0.61104461,0.010104626,6
1,374,1978,0.34043935,1.1902726,0.0070004777,5
1,375,1978,0.35547983,0.62122459,0.0012202718,4
1,375,2099,0.31120314,0.99588291,-0.0010131955,18
1,376,1051,9.7519661e-17,0.66685686,0.0066513195,9
1,376,2917,0.27759458,0.77241405,-0.012405605,13
1,377,1208,0.30123696,0.96886122,0.0036685494,6
1,377,2903,0.30432697,1.1085758,-0.0036532606,5
1,378,1208,0.23541375,0.67505432,0.039274496,4
1,378,1813,0.19827768,0.61379213,0.034205966,5
1,378,2806,0.31763618,0.93245303,-0.027791273,6
1,378,2903,0.3311141,0.68439428,0.030847135,4
1,379,43,0.30815203,1.0159838,-0.0041906256,19
1,380,2706,0.34179438,0.77726993,-0.016021802,9
1,382,2686,0.32978007,0.58778144,-0.01355818,20
1,383,1057,0.2946575,1.075889,0.011156855,7
1,383,2357,0.26233327,0.91950722,0.0070003556,5
1,383,934,0.28038565,0.68484821,-0.010725572,9
1,384,1057,0.25807876,0.56261316,0.022697775,6
1,388,2888,0.30692327,0.98256574,0.00045514582,13
1,389,1094,0.27716703,0.90644098,-0.0055033836,14
1,389,2888,0.29741866,0.56181489,0.0044380839,11
1,390,1057,0.24857124,0.84703363,0.0001364393,8
1,390,1094,0.22236291,0.71919685,0.013438718,7
1,390,2665,0.27113711,0.93007372,-0.0035433968,22
1,391,1259,0.30688827,1.0166477,-0.017726809,5
1,391,1335,0.21792145,0.76747355,-0.0067413849,7
1,391,2312,0.31130262,0.95767292,0.00026956563,14
1,391,804,0.15708834,1.03611,0.04163318,4
1,392,957,0.21421795,0.94709376,0.0009133737,6
1,393,2729,0.30247063,1.0645467,-0.0022852061,5
1,394,2729,0.30802891,0.59841056,0.02260119,4
1,395,1624,0.26335391,0.85001043,0.018902303,8
1,395,1780,0.19118798,0.46991503,-0.012115489,4
1,396,1037,0.2634796,1.1269368,0.0073685819,5
1,396,1624,0.22050778,0.56398051,0.03007797,5
1,396,2603,0.16763281,0.66706473,0.020193713,5
1,397,1037,0.22555891,0.65774286,0.03070347,4
1,397,1474,0.17158136,1.3009536,0.024483819,4
1,397,2778,0.2944537,0.69058879,-0.012125503,11
1,398,563,0.31054404,1.0728523,0.0094187982,5
1,398,929,5.7111849e-17,0.48159544,0.00076549657,13
1,399,1049,0.25082129,0.63393678,0.042606139,4
1,399,1615,0.31521279,0.93895186,-0.0044923618,18
1,399,2349,0.20239973,0.6845579,0.028886392,5
1,399,2739,0.22067659,0.78836352,0.023950437,6
1,399,563,0.28401487,0.7006172,0.041851203,4
1,39,248,0.28684345,0.75534857,0.019494344,4
1,3,0,0.43666679,3.4386866,-0.011149494,5
1,3,1523,0.22287004,0.80022989,-0.0066720268,5
1,3,2670,0.23490298,1.1075333,0.030275922,5
1,3,549,0.27546505,0.5839613,0.0038548187,15
1,3,666,0.31794588,0.73257328,0.018316099,8
1,400,566,0.31813309,0.80450471,0.0014981636,14
1,401,566,0.29223477,0.45527861,0.043435584,7
1,403,1723,0.17665238,1.2402843,0.022279706,4
1,403,865,0.33165381,0.807396,-0.017324762,11
1,404,865,0.28738107,0.59330607,0.023965456,6
1,405,1725,0.23700941,0.81006075,-0.0078000911,5
1,407,1536,0.28049434,0.89354609,-0.006791776,5
1,408,2351,0.30899816,0.87004208,-0.0098183298,19
1,408,2939,0.3120575,0.52284604,-0.0162789,18
1,408,745,0.26126257,0.81346807,-0.0098418669,5
1,409,2351,0.31149771,0.44972945,0.0032376456,10
1,409,2976,0.16089194,0.52204007,0.019485403,4
1,409,801,8.7808799e-11,0.48382195,-0.015757475,10
1,40,109,0.083812047,0.6108623,0.037982653,5
1,40,248,0.23439763,0.53373437,0.037364137,4
1,411,1056,0.33603096,0.94539955,0.032702417,6
1,411,2457,0.23595329,0.68661711,-0.006431756,9
1,412,1056,0.35706116,0.57814025,0.014793355,5
1,412,1524,0.28357216,0.97114729,-0.00076609144,6
1,412,2205,0.20718497,0.71201111,0.005997501,6
1,413,1254,0.26843836,1.111311,-0.0083419409,6
1,414,2299,0.22285564,0.90248021,0.022008668,7
1,414,609,0.30972789,0.58765309,0.012506928,6
1,415,1860,0.26532285,1.1799014,0.009984019,6
1,415,2273,0.27447072,0.91471706,0.024183533,4
1,415,304,0.24133737,0.87120043,-0.0037585422,5
1,416,1040,0.30125243,0.99190463,-0.00313616,20
1,416,1860,0.18097006,0.64770021,0.033079519,6
1,416,2273,0.19789355,0.54433221,0.03021363,4
1,417,2049,0.29221213,0.98321309,-0.0071822571,10
1,418,2049,0.30318279,0.58210195,0.0062959779,9
1,418,2379,0.23618531,1.0187431,0.011131347,5
1,418,2707,0.24767391,0.99902744,0.021113111,6
1,421,1181,0.22169492,0.98430628,0.013251747,6
1,421,2143,0.29141113,0.78288166,-0.031825266,4
1,422,1181,0.21976943,0.52064169,0.027848554,4
1,422,2334,0.13634059,0.55916285,0.00075625277,4
1,423,1534,0.28366046,1.0448813,0.010657373,7
1,424,1534,0.25698442,0.624027,0.028561161,4
1,426,2976,0.26030085,0.8515158,0.028246708,5
1,428,2082,0.26497303,1.0063902,0.014313695,4
1,428,2376,0.3125904,0.92881307,0.00079586202,11
1,429,2285,0.30629705,0.95425166,0.0010648293,6
1,429,2376,0.30526942,0.62139148,0.0095369965,8
1,42,2063,0.30668402,0.92955125,-0.0046508576,20
1,42,560,0.31315568,0.97002656,0.023818046,6
1,430,1230,0.2743495,1.0280547,-0.01663423,6
1,430,2257,0.23016423,1.0703267,0.033948485,4
1,430,2285,0.2913296,0.60588857,0.02153244,5
1,431,922,0.27481712,0.9380204,0.03093393,4
1,432,1300,0.26075656,0.89668698,-0.007049241,6
1,434,1332,0.15004008,1.0305099,0.01900425,5
1,439,2085,0.31354329,0.71697255,-0.012500511,11
1,439,74,0.27618305,0.81948382,-0.019889573,5
1,439,974,0.2667172,0.80243269,0.051176673,4
1,43,1219,0.30812588,1.0750685,0.0017926016,7
1,43,556,0.34358998,0.95936514,0.0014384154,4
1,43,559,0.30997265,0.61595649,-0.0096738967,20
1,43,560,0.32585458,0.66189403,0.026506935,5
1,43,596,0.28993981,0.65153171,-0.018218314,18
1,440,1328,0.11298197,0.63594042,0.03962395,4
1,440,1521,0.28389525,1.1283807,0.0067371757,10
1,441,1521,0.28684325,0.59850279,0.006525894,7
1,441,2477,0.26917491,1.0340327,0.021735186,4
1,442,2477,0.20227495,0.64867541,0.035880779,4
1,443,576,0.34460744,1.3355854,-0.010070176,5
1,443,834,0.30257868,0.89139957,-0.021238645,5
1,444,1842,0.25135043,1.0905181,0.024249879,5
1,445,1842,0.3287687,0.52907844,0.017449578,4
1,445,2550,0.22533128,0.73177484,-0.016608936,6
1,445,2723,0.34604474,0.57867576,-0.014598057,16
1,446,805,0.28941345,0.58561821,-0.015845586,15
1,446,893,0.31062261,0.98181894,-0.0015231204,16
1,447,299,0.24469574,0.83352786,0.02963159,6
1,448,228,0.30064115,0.96041614,-0.0039732904,20
1,448,299,0.22687014,0.53177421,0.043467878,4
1,449,1974,0.21210774,0.60007293,0.014543602,7
1,449,3015,0.29813404,0.88850811,-0.025444563,5
1,44,1219,0.31961723,0.53252124,0.016283469,5
1,452,1555,0.29938434,0.54107088,0.016889605,6
1,452,158,0.26057038,0.95873998,-0.0061050986,7
1,453,330,0.39254997,1.010277,-0.0061927606,4
1,454,2592,0.29106491,1.0653547,-0.016232132,6
1,455,1492,0.29871489,0.78213997,-0.015607559,12
1,455,2607,0.29982091,1.0701073,0.0043471507,6
1,455,2805,0.24756495,0.77125638,-0.038158663,4
1,456,2607,0.22745971,0.62308215,0.040033058,4
1,457,2465,0.29956608,1.0494572,0.0024997246,5
1,458,1199,0.28220163,0.90940762,0.011688284,11
1,458,2465,0.27105773,0.5478758,0.01755373,4
1,458,774,0.30645403,0.88203854,-0.0047248916,20
1,458,891,0.30239429,0.93042054,-0.0081599588,19
1,459,1199,0.30409437,0.47675492,0.0086694021,5
1,45,2087,0.30580772,0.59776201,-0.011702827,19
1,461,3,0.40119176,0.97471324,0.006064568,10
1,462,1541,0.29981958,0.96025583,-0.023018496,4
1,462,2878,0.1733163,0.91344756,0.043344688,4
1,462,3,0.36895067,0.67208166,0.0063129517,10
1,463,2353,0.30364957,0.73448878,-0.0052449944,17
1,463,2878,0.10583281,0.56026178,0.055918975,4
1,465,1083,0.14730819,0.8815087,0.023048227,4
1,465,1335,0.3439673,0.91499344,-0.036564183,4
1,465,146,0.31016202,1.2018425,0.021119979,4
1,466,1039,0.27429554,0.71193863,0.022227639,5
1,466,146,0.17102138,0.61010029,0.043540287,5
1,466,988,0.23178389,0.9749728,0.0054841478,7
1,467,1889,0.28669513,0.89455687,0.012695173,7
1,468,1344,0.34161081,0.9457571,0.01582781,8
1,468,1889,0.23766534,0.56164963,0.025799741,4
1,469,1236,0.3032895,0.95368864,-0.01332417,6
1,469,1344,0.33384224,0.52595901,0.007142282,5
1,470,1513,0.18045872,0.53426877,0.011813913,6
1,470,6,0.30715031,1.2108392,0.0094046253,6
1,471,1647,0.26267191,1.0185655,-0.013881991,7
1,471,451,0.16905113,0.58994866,0.054220927,4
1,471,6,0.22584105,0.76264072,0.022914248,4
1,472,1062,0.20275201,0.78036543,0.037842209,5
1,473,1449,0.2008987,0.6438227,0.020525315,6
1,474,1598,0.30537097,1.0348511,0.0015732626,5
1,475,2565,0.27352048,1.2102777,0.016297397,5
1,476,2428,0.19622625,0.7245947,0.0074619013,5
1,476,2565,0.12677832,0.58064412,0.050806996,4
1,476,611,0.26513542,0.94257247,0.016145926,7
1,477,1710,0.21826728,0.60572518,0.028107633,6
1,477,1803,0.27060493,1.2025464,0.015188086,7
1,478,1803,0.23648169,0.65219305,0.022002223,6
1,478,597,0.18293509,0.52948557,0.024151282,6
1,478,638,0.24228069,0.62352837,0.014717015,5
1,479,3017,0.29848282,1.0830959,-0.0035594423,9
1,479,3047,0.28312071,1.10588,0.0095124423,7
1,47,1991,0.25025405,1.0430262,0.021066156,8
1,480,1558,0.30477136,0.89512722,-0.0063567084,20
1,480,260,0.27254432,0.76358926,-0.0019081513,5
1,480,3047,0.24914245,0.5737003,0.020502816,6
1,481,1945,0.31283293,0.52256274,-0.015471413,17
1,481,2655,0.25785837,1.0925101,0.016160186,5
1,482,2655,0.27884168,0.60791713,0.022907882,4
1,483,1851,3.7260868e-21,0.72559794,-0.004109709,4
1,483,202,0.26179118,0.85194648,-0.0066286971,5
1,483,2461,0.27003884,0.68525106,-0.018647415,16
1,484,1125,0.31300586,1.0252858,0.0037189817,10
1,484,1134,0.33749879,0.89566923,-0.0416467,4
1,485,1125,0.29706951,0.54462416,0.011039732,8
1,485,600,3.7976555e-17,0.7002476,0.0035495487,10
1,486,2479,0.30951174,0.76904418,-0.032257039,4
1,486,527,0.31186291,1.082947,0.022696816,5
1,487,2259,0.30566012,0.65222092,-0.014578923,19
1,487,2862,0.30819975,0.95807605,0.0085450278,4
1,488,1196,0.25855895,1.0394725,0.027508576,5
1,488,1355,0.1613254,0.58867203,0.0091113424,5
1,489,1196,0.25999254,0.66476208,0.037566714,4
1,489,1666,0.056811222,1.1741517,0.037573625,4
1,48,1991,0.26874791,0.61064766,0.019644157,5
1,48,2229,0.26853507,0.70163494,0.038401507,4
1,491,2384,0.34806964,0.9888922,0.0007711329,20
1,495,2733,0.34580273,0.53974214,0.018932167,5
1,497,1914,0.10603335,1.1049117,0.029392096,5
1,497,2282,0.20982954,0.52210391,0.028363455,4
1,497,2866,0.304364,0.71275485,-0.014481152,18
1,497,302,0.32314768,1.0641857,-0.0083039992,6
1,497,3023,0.28961932,0.91188303,0.025072119,5
1,498,2981,0.18892654,0.86324316,0.038357052,5
1,498,302,0.15494497,0.56135866,0.04361899,4
1,498,3023,0.28237563,0.56827493,0.027767873,4
1,49,1609,0.32478843,1.0669622,0.0043063091,5
1,49,1668,0.19292656,0.93392331,0.047268013,6
1,49,1676,0.32555034,1.2344884,0.013067054,4
1,49,2736,0.29044869,1.0175065,-0.0014247316,21
1,49,2785,0.27203079,0.96607305,-0.0037041049,22
1,4,2670,0.13216962,0.57093601,0.046923735,4
1,500,1505,0.2893794,0.92142016,-0.0011406318,21
1,502,2759,0.30507271,0.66972882,-0.01670407,18
1,502,343,0.36040829,0.71523406,-0.010576545,12
1,503,1790,0.24209445,0.94856128,-0.010768387,5
1,503,929,0.28949981,0.73228064,-0.015831642,19
1,504,1311,0.316709,0.97116027,-0.017574768,4
1,506,1767,0.31328787,1.0809405,0.013898985,4
1,506,2553,0.20059221,0.79444337,0.016131936,5
1,506,333,0.15698241,0.51546834,-0.0099073322,5
1,507,1590,0.28407586,1.0199601,-0.0097231886,4
1,507,1767,0.26654938,0.64924316,0.029974405,4
1,507,2358,0.24902297,0.97430663,0.0089472484,5
1,507,328,0.42032123,0.41803073,-0.019318137,8
1,507,333,0.24756829,0.89872608,-0.012412815,5
1,508,1809,0.31950132,0.38625237,-0.016694807,4
1,50,1140,0.31513887,1.084627,0.019640222,5
1,50,1482,0.27946834,0.98682187,-0.0067256402,6
1,50,633,0.31557423,0.99903963,-0.0038830478,19
1,50,960,0.28839444,1.0404101,-0.0043363209,19
1,51,505,0.30740806,0.96735393,0.001035228,20
1,53,1079,0.21410565,0.60203868,0.014968599,6
1,53,2723,0.21465198,0.88656562,0.05974111,4
1,53,656,0.28920307,0.71836933,0.016356414,6
1,54,664,0.19153013,0.64795324,0.020774345,4
1,54,718,0.30485755,1.1423284,0.017387091,4
1,55,1044,0.2827718,0.92758921,-0.004790714,11
1,55,718,0.33810286,0.63986244,0.030468093,4
1,56,2219,0.30895757,1.1779803,-0.00015001961,7
1,56,2449,0.25466373,0.91633746,-0.0066505201,6
1,57,1753,0.29553385,0.92001988,-0.010154539,19
1,57,2219,0.24918118,0.64449483,0.019706803,5
1,57,2241,0.29335321,0.50523712,0.029527585,5
1,59,3038,0.30444211,0.99772484,0.011621324,6
1,59,511,0.12138594,0.71298968,0.041799262,4
1,5,359,0.053299619,0.95478082,0.0040274967,4
1,5,662,0.25585615,0.34573547,-0.010383606,4
1,60,2382,0.27344926,0.63830119,0.019240719,5
1,60,3038,0.28173421,0.61214436,0.028559132,4
1,61,1019,0.30652794,1.035491,-0.0028400166,5
1,61,358,0.16007955,0.68851234,0.027683674,4
1,62,1019,0.33794975,0.57880339,0.022394769,4
1,63,1486,0.19370142,0.67327332,0.023024952,4
1,65,1045,0.30436606,0.8558801,-0.0078390788,20
1,65,1229,0.24759545,1.0774922,0.016926858,6
1,65,1525,0.29382558,0.63487911,-0.01838134,14
1,65,713,0.32734952,0.99020434,-0.012692303,6
1,66,14,0.1867679,0.93094042,-0.012912066,8
1,66,2709,0.26629778,0.99201746,0.00080290796,7
1,67,2457,0.30207927,0.86622234,-0.0076816713,19
1,67,2624,0.31290444,1.1171822,0.013906438,5
1,67,443,0.29198595,1.1496216,0.015162618,5
1,68,443,0.24276982,0.63909425,0.023941036,4
1,68,687,0.12137062,0.59096426,0.032492914,4
1,69,417,0.27788605,0.86319664,-0.012872895,6
1,6,2913,0.15037056,1.4588888,0.0080460927,4
1,71,2583,0.27224534,0.93088628,0.0039106952,6
1,73,133,0.35313945,1.0768446,0.0010945679,5
1,73,2123,0.27672352,0.62497348,-0.005351398,6
1,73,2648,0.32289245,1.0326051,-0.0024680634,5
1,74,2293,0.22920735,0.76900592,0.0034277837,5
1,74,2434,0.3064245,0.94335665,-0.0042988552,20
1,74,775,0.32240658,1.0550127,0.0071430973,5
1,75,1651,0.24717374,0.89011417,-0.0027773539,5
1,75,2138,0.24883773,0.94626282,-0.015637105,5
1,75,2327,0.29139099,0.97626736,-0.0023154915,19
1,75,283,0.279741,0.85025174,-0.013833041,5
1,75,775,0.28665043,0.58275562,0.022535992,4
1,76,2273,0.27991117,1.0684149,0.010604351,6
1,78,223,0.31910238,0.77508266,0.038914373,4
1,79,3000,0.21247252,0.92767376,0.033846809,7
1,7,2541,0.29562616,0.99188274,0.012736986,5
1,7,566,0.32788484,0.94814678,-0.022160071,4
1,80,1935,0.2820422,0.96436017,-0.015134653,5
1,80,1983,0.3096029,0.78870992,-0.011101734,19
1,80,2771,0.18550333,1.1754464,0.018638748,5
1,80,3000,0.19533569,0.60036597,0.03063717,5
1,82,2196,0.30432804,0.95549018,-0.0092551432,20
1,83,1819,0.30660525,1.0362181,-0.0016110466,8
1,83,1953,0.19335085,1.1553859,0.022012527,4
1,83,3044,0.15176816,1.2770067,0.031421194,5
1,84,1819,0.31317301,0.53194215,0.0078466211,6
1,84,2337,0.30383419,1.0070849,-0.007127895,19
1,86,2415,0.2927108,1.1696098,0.0031994765,8
1,87,2415,0.28687836,0.58429673,0.0092038608,6
1,88,1169,0.28566218,0.8551682,0.033171195,7
1,88,1210,0.22264251,1.0406116,-0.0015004129,7
1,89,1169,0.36157267,0.59059343,0.020122087,4
1,89,634,0.27926882,0.56123491,-0.016584266,16
1,8,2541,0.31419879,0.545179,0.03423783,4
1,90,1390,0.29147814,1.0234286,-0.010957635,5
1,90,1771,0.2821085,0.94032938,-0.013958067,8
1,91,1535,0.35360049,0.96255092,-0.030694579,5
1,91,616,0.19544857,0.64139846,0.013877076,7
1,91,641,0.32188958,1.186666,-0.0049465874,5
1,91,799,0.17580592,0.62522324,0.019718469,6
1,92,641,0.33043639,0.56202753,0.038150788,4
1,93,547,0.27065637,0.96215491,-0.014384406,5
1,95,1665,0.23601685,0.73449114,-0.009589157,6
1,96,1712,0.1040591,0.53052473,0.00091947786,7
1,98,1372,0.31900602,0.98284814,0.019551758,5
1,98,172,0.30781581,1.2069924,0.024315417,4
1,99,1372,0.32422551,0.59844622,0.030698586,4
1,99,172,0.29052533,0.65520331,0.022440003,6
1,99,1975,0.3071277,0.86485632,-0.0023129262,20
1,9,1151,0.3040435,1.0113825,-0.0033898995,19
1,9,1444,0.28928517,1.0248811,0.011846276,6
1,9,986,0.22794399,1.0847121,0.011204732,9
2,100,2646,0.25795229,0.89505284,0.00039956094,5
2,102,2459,0.20129338,0.59968764,0.018386744,7
2,103,1336,0.2934782,0.49447843,0.013300356,5
2,104,2820,0.45509647,0.58997787,0.016373942,9
2,105,2820,0.51527559,0.38705696,0.022636144,4
2,106,2495,0.25958267,0.86240985,-0.0042569826,6
2,106,358,0.31076395,0.93268274,0.00032216716,18
2,109,1316,0.29419385,0.95212286,0.016389002,7
2,109,2530,0.15072523,1.0870434,0.025934297,5
2,111,2060,0.31911204,1.0607329,0.01081167,4
2,111,2789,0.20051462,0.81390885,0.02064329,6
2,115,831,0.32657414,0.93689711,-0.031992985,4
2,117,2295,0.30804579,0.81841073,-0.0066060516,19
2,118,2479,0.21464114,1.375821,0.015508458,5
2,118,2854,0.23424485,0.88292068,0.012279992,9
2,119,2797,0.29376995,1.0130344,0.0014954193,11
2,124,937,0.26619599,1.0543876,-0.016311046,5
2,125,1229,0.40354839,0.91970627,-0.0052558287,11
2,126,1263,0.36185269,1.0083241,0.026125274,4
2,126,2530,0.30119159,0.84350318,-0.010351299,14
2,127,2700,0.23661746,1.1817666,0.00078328377,5
2,12,1082,0.29378999,0.63720343,-0.015969889,14
2,12,2790,2.9876119e-16,0.55243059,0.050148974,6
2,133,2827,0.24452662,0.87478125,-0.0042658487,5
2,136,203,0.31658804,0.95951223,-0.023286293,4
2,136,473,0.28041267,0.86944443,-0.0076109234,19
2,137,233,0.30286964,1.0219692,0.0055568197,5
2,142,2933,0.24897212,0.57850538,0.0094578538,5
2,143,2659,1.5777218e-29,0.80603339,0.019097886,5
2,144,2079,0.34165372,0.99311606,0.019146591,5
2,146,1599,0.32797294,1.0925926,0.0015837976,5
2,146,200,0.28286935,1.1388109,0.0054418462,7
2,146,956,0.2581114,1.0067675,0.013746252,6
2,147,200,0.24844047,0.70138295,0.018366298,5
2,147,956,0.23292069,0.67564092,0.030547993,4
2,148,1146,0.24510323,0.85689496,0.0051931075,4
2,148,325,0.28608944,0.94351525,0.010152184,6
2,149,1098,0.29077991,0.85579181,-0.019787283,4
2,149,884,0.48614471,0.96981818,0.0088278818,11
2,14,2648,0.3276258,0.93179946,0.016347599,7
2,150,884,0.43975492,0.59097804,0.008121419,10
2,151,1380,0.26177471,0.82963779,0.020470014,4
2,151,2757,0.29843401,0.6648612,-0.019695698,13
2,154,2669,4.5753933e-28,0.65280963,-0.00012028508,11
2,155,2914,0.29714923,1.1090095,0.0080400593,6
2,156,2914,0.096418762,0.64375381,0.04328894,4
2,158,507,0.23233716,1.0076266,0.001838403,9
2,160,465,0.29953856,0.84252372,-0.0093612535,20
2,161,1185,0.30079346,1.0635576,-0.0059173951,19
2,161,427,0.29022297,0.93121966,-0.032416828,4
2,161,465,0.29285046,0.55235373,0.0069672476,6
2,162,2583,0.29331351,1.0909748,-0.01574885,6
2,163,2583,0.30281935,0.60110982,-0.0062959058,20
2,167,1622,0.28694594,1.0800805,-0.0014293265,7
2,16,1318,0.17771208,1.1182179,0.025398687,4
2,16,974,0.21496989,0.78374148,0.017346385,6
2,170,1860,0.20585509,1.3674279,0.00085589007,5
2,172,451,0.30938389,0.8776274,-0.00083251627,20
2,173,451,0.29946054,0.62325131,0.0010282831,19
2,173,538,0.30934363,1.015018,-0.0017793486,19
2,174,538,0.30595152,0.5727204,-0.0071767932,18
2,175,1138,0.34368204,0.79074921,-0.011513831,19
2,175,2560,0.22623947,0.67616887,0.019304753,6
2,175,2947,0.29490475,1.0385303,-0.0020276056,15
2,176,1138,0.33471946,0.64244002,0.012221664,7
2,176,3054,0.20990025,1.1718677,0.012856951,4
2,177,1154,0.31604048,0.95869503,0.0077043465,7
2,178,2124,0.3569017,1.0681314,-0.00072644385,7
2,178,2932,0.29594897,0.72908364,-0.0088481496,17
2,179,2124,0.36869792,0.55262084,0.011006885,6
2,179,2750,0.22648943,0.7130091,0.013328754,6
2,179,3036,0.29992811,1.0434155,-0.0024803605,20
2,17,1028,0.28088034,1.1217646,0.0088363417,6
2,17,1035,0.25877281,0.64273194,0.0091525608,5
2,17,204,0.32003324,1.1025445,0.009947708,5
2,17,2056,0.30915573,1.0629122,-0.0025942951,19
2,17,2334,0.23308062,0.70830569,0.01746893,6
2,182,2807,0.21004926,0.94461346,0.03690835,5
2,182,359,0.30077835,1.1466736,0.0154003,6
2,183,2807,0.24920998,0.56383216,0.039178621,4
2,183,357,0.20608717,1.6614449,0.016953793,4
2,184,103,0.22364294,0.99940237,-0.011153767,7
2,188,3039,0.27263123,1.0668658,-0.0038349566,5
2,189,281,0.28527177,1.0898566,0.011919551,6
2,18,1028,0.30892428,0.60878535,0.011736317,4
2,190,1436,0.30544381,1.1406044,0.013713717,5
2,190,281,0.2379644,0.72021574,0.042312895,4
2,190,2906,0.30153886,0.95338594,-0.0039710641,11
2,192,1165,0.26284556,1.0314783,0.028781062,5
2,193,533,0.29916645,0.98038702,-0.021750032,4
2,195,2480,0.18130528,1.1676946,-0.0020420364,9
2,195,2511,0.37617708,1.1510551,-0.019998576,4
2,197,632,0.30681057,1.1863858,-0.0022286536,6
2,197,729,0.19256767,0.80016447,0.023030191,4
2,198,1578,0.28740233,0.98227798,0.0029434321,6
2,198,2167,0.27829633,0.92130987,0.005897442,5
2,198,632,0.18615789,0.60693707,0.034169804,5
2,199,1578,0.2537875,0.64468075,0.040519578,4
2,200,1261,0.28910993,1.0126611,-0.021780621,4
2,200,2243,0.21420578,0.83274438,0.0083026552,5
2,201,2477,0.2797511,1.1661907,0.01499815,5
2,201,933,0.3247154,1.0304643,-0.025088918,4
2,204,1355,0.27824669,1.1026946,-0.0034513698,6
2,204,905,0.21089282,0.82265935,-0.015345803,5
2,208,311,9.2167086e-18,0.50722696,0.049824067,5
2,209,103,0.23253439,1.0832548,0.039041312,5
2,209,2095,0.34928269,0.93330125,-0.038053893,4
2,20,1213,0.28405822,0.88798413,0.015351203,4
2,20,1622,0.30827356,0.91366259,-0.0046266063,20
2,210,103,0.30528622,0.69779449,0.043948703,4
2,210,1363,0.32390322,0.64673743,-0.0053176459,12
2,213,1499,0.27434126,0.79308146,0.029514822,5
2,214,256,0.34602868,1.0287001,0.029990998,4
2,215,2866,0.15867204,0.74304158,0.032821926,5
2,219,2737,0.32562278,0.92692409,-0.028121011,4
2,219,458,0.34089495,1.010182,0.0013646694,21
2,220,493,0.28247316,0.91484114,0.0044317427,6
2,221,1290,0.18377241,0.59396417,-0.0024836599,4
2,222,2100,0.22284616,0.92768878,0.040420729,4
2,223,2100,0.31284745,0.616297,0.041470847,4
2,226,1608,0.35272816,1.0652182,-0.0060805163,14
2,226,177,0.29055144,0.69348048,-0.012885404,19
2,226,393,0.2806056,0.8622553,0.0035179287,14
2,227,1934,0.30380412,0.58486638,-0.01912285,14
2,229,1642,0.20181165,0.79595411,0.010993239,6
2,22,1017,0.30017221,0.68641333,0.034825884,5
2,22,2086,0.27082399,0.93441127,-0.006092609,4
2,232,2642,0.28621646,1.0012793,0.0041254757,5
2,233,2551,0.28609985,1.0005198,0.017268833,4
2,233,2642,0.22191498,0.63109409,0.046450124,4
2,234,909,0.24723938,0.9422079,0.0071138375,6
2,235,1652,0.31195728,0.97824568,-0.00021738315,7
2,235,1721,0.30483499,0.91841561,-0.038469145,4
2,235,2528,0.50790671,1.0414018,0.0095046613,9
2,235,909,0.24891126,0.55414943,0.020444157,5
2,236,1652,0.29521395,0.55986082,0.010198613,5
2,236,2528,0.54038768,0.58293272,0.0082062669,7
2,238,1135,0.18920983,0.74920779,0.019584242,6
2,238,1754,0.23305582,1.0232399,0.030135195,5
2,239,1754,0.17329851,0.60087717,0.04100331,5
2,239,36,0.31161916,1.0061484,-0.0039359505,20
2,240,36,0.30692038,0.51475047,-0.0058091808,13
2,243,1581,0.28814679,0.89419552,-0.013542052,7
2,243,2848,0.29796801,0.97993617,-0.0036476063,18
2,245,1364,0.28176161,0.77720538,-0.0086387261,13
2,245,2043,0.26576031,0.70548449,0.0058654839,6
2,245,2904,0.30404445,1.0929427,0.0044389364,4
2,246,2904,0.30843535,0.66339555,0.033936858,4
2,24,97,0.31351727,1.0698693,-0.0024974912,7
2,250,2587,0.30397197,0.9351154,-0.0049353684,20
2,250,2972,0.33503936,0.96907462,-0.020100704,4
2,251,3044,0.23877886,0.86061544,0.018140583,5
2,251,746,0.2394987,0.70935056,0.0012570944,4
2,253,2354,0.31040203,0.99357928,-0.0030010475,7
2,254,2354,0.31358749,0.5119029,0.0046995655,4
2,256,2472,0.28711939,1.1487744,0.012802956,4
2,257,1523,0.30886033,0.9572804,-0.0036947137,8
2,257,3048,0.3081994,0.90635225,-0.0024501943,17
2,257,311,0.29089601,1.0155205,-0.01780753,6
2,258,3048,0.30171585,0.50029815,-0.00071896587,12
2,259,476,0.2803962,0.85726773,-0.012515243,5
2,25,97,0.27925279,0.65604316,0.016978665,5
2,260,2528,0.17801581,0.63068946,-0.0038697787,6
2,263,192,0.041209178,0.89774308,-0.0063021336,7
2,264,2934,0.21367223,0.78185505,0.022886336,5
2,266,2759,0.22794234,0.87936664,0.017964558,4
2,267,2012,0.26076971,0.87059976,-0.0019610293,6
2,269,2107,0.26347767,0.85277824,-0.0011919919,4
2,271,1826,0.2346811,0.6708399,0.027348489,4
2,273,1127,0.28639276,0.61632792,0.035909782,4
2,273,462,0.2383247,0.95578296,0.032425204,7
2,274,1731,0.27198148,1.0680614,0.0012458255,6
2,274,462,0.18523425,0.73139734,0.014602888,4
2,275,2418,0.19705616,0.75259427,0.022100165,4
2,276,2728,0.30171471,0.94942228,-0.0034793673,6
2,277,154,0.27082673,0.96180262,-0.0036071477,21
2,278,2618,0.30588693,1.0137852,-0.0052384646,19
2,279,163,0.29441788,0.88093087,0.011271047,6
2,279,298,0.28840219,1.1030258,0.021712172,4
2,27,805,0.31063636,1.0043034,-0.0025548056,20
2,280,163,0.28635121,0.64080275,0.04263038,4
2,280,47,0.24031454,1.5705922,0.0099213308,4
2,280,542,0.23598669,1.0196615,0.0097133088,4
2,281,47,0.25543572,0.81120448,0.023231724,4
2,283,1081,0.35149839,1.0081176,0.0048516611,6
2,283,359,0.27974136,0.857308,-0.013636553,5
2,284,1215,0.23586801,1.061456,0.028885764,5
2,284,2553,0.15704464,1.1189045,0.017302122,5
2,285,1215,0.20929485,0.72754321,0.03249509,4
2,285,2553,0.10327004,0.58941138,0.037572259,4
2,286,785,0.32106457,0.92939685,-0.022189326,5
2,287,1605,0.34586702,1.0248322,-0.0042739076,20
2,287,2654,0.17517584,1.1480715,0.033954914,6
2,288,1230,0.30130822,0.56519815,-0.01705958,11
2,289,3035,0.23409015,0.9292991,0.010500679,5
2,289,824,0.24045339,0.65840297,-0.011689805,7
2,293,2483,0.30599612,1.0700581,0.0089318846,4
2,293,798,0.28796058,1.0036157,0.012702111,6
2,293,850,0.30425708,0.8930793,-0.0042180646,20
2,294,798,0.28099081,0.56809972,0.018701696,4
2,296,2721,0.34802332,0.85033809,-0.037496823,4
2,296,291,0.28665563,1.0806946,0.0043152448,7
2,297,291,0.29306984,0.58595759,0.022717374,4
2,2,1089,0.74651933,0.80946604,-0.02349634,4
2,2,2180,0.10619075,0.78732628,0.036565971,5
2,2,2726,0.29011054,0.94747459,0.016627988,6
2,300,2103,0.29064186,0.67085582,-0.01562069,16
2,302,2648,0.29351302,1.1435304,0.0031887248,5
2,302,3022,0.29460789,0.65664523,-0.01370177,20
2,303,1587,0.29493131,0.96981848,-0.0043042153,20
2,307,3051,0.31519398,0.96818712,-0.017567253,5
2,310,918,0.30735005,0.92698527,-0.026476751,4
2,317,2907,0.25817637,0.98763233,0.0033309806,6
2,317,327,0.30050785,0.62497091,-0.015288567,18
2,318,1300,0.18897582,0.56503674,-0.011646174,6
2,318,2109,0.18345125,0.66354332,0.038611042,5
2,318,2667,0.28909873,1.0403805,-0.0074531297,15
2,319,1456,0.30854804,0.97639695,0.01260595,5
2,319,656,0.30942011,0.92021781,-0.0030510704,17
2,319,86,0.31612828,0.6162491,-0.0096705089,18
2,320,2512,0.21190837,0.67618097,0.026811132,4
2,320,2904,0.29459658,0.9655663,0.0044321494,6
2,321,2925,0.32373969,1.0553856,-0.0014113931,6
2,322,120,0.29757608,0.54211418,0.0030099011,14
2,323,1149,0.30274089,1.1426055,0.0051552746,5
2,325,2707,2.0250545e-20,0.81328749,0.009421062,7
2,328,567,0.13792499,0.90412816,0.0057613771,12
2,329,2770,0.27923795,1.048002,0.020182322,6
2,32,2315,0.24030648,1.0138741,0.0077055262,7
2,330,263,0.274185,0.6612637,-0.017427432,17
2,330,2770,0.30711118,0.55932093,0.021911861,4
2,330,503,0.29335491,0.94333582,-0.019418844,5
2,331,263,0.26596643,0.66498233,-0.01595398,7
2,331,2794,0.15201527,1.3310967,0.031607847,4
2,332,1086,0.2941384,0.58036778,-0.017007881,18
2,333,1295,0.30351702,0.6631633,-0.013012004,16
2,334,2470,0.2715525,0.94427922,-0.0016963345,6
2,335,3056,0.23435307,0.82362179,0.013300238,6
2,336,1372,0.21943203,0.70598119,0.012689911,7
2,336,1697,0.31261046,0.65235923,0.033790432,4
2,337,779,0.23711873,0.68517724,-0.0025220834,8
2,339,2948,0.3219274,1.0472174,0.020438327,5
2,340,2646,0.1810919,1.4305103,0.018554167,4
2,343,2252,0.19644114,1.4007604,8.730823e-05,4
2,343,2341,0.27390303,0.8773475,0.021583899,4
2,343,2943,0.2916029,1.150204,0.012025002,5
2,344,1533,0.22524692,0.64394931,0.044544362,4
2,344,2705,0.24137254,0.91871054,-0.01653079,7
2,344,839,0.19773931,0.93955436,0.041509039,4
2,345,803,0.26775963,0.80135418,-0.005683098,5
2,346,683,0.36764839,1.0522142,0.023434684,4
2,347,820,0.31816874,0.78973021,-0.013375744,6
2,349,1909,0.26162351,1.1928435,0.0062830037,5
2,350,1909,0.30417057,0.67657606,0.00064403053,4
2,350,2564,0.23535643,0.61684687,0.017804673,4
2,351,2829,0.26750084,0.69393389,-0.0063440704,7
2,354,1845,0.2968754,0.66601232,-0.018956831,12
2,355,412,0.31371993,0.94638641,-0.0040132187,17
2,355,932,0.2457319,0.82385159,-0.012033524,8
2,356,2872,0.30337187,0.96732384,-0.024024309,4
2,356,412,0.29501348,0.53970249,0.0081088281,9
2,357,303,0.31185789,1.0358347,-0.0050081456,17
2,358,2423,0.27471298,0.77177162,-0.0088137438,5
2,358,2997,0.12947364,0.85300325,0.049048161,5
2,358,303,0.30553058,0.53957587,-0.00428808,13
2,358,909,0.23585775,0.89909593,0.064085134,4
2,364,2465,0.23170944,0.75414882,0.042404855,4
2,364,2631,0.34892461,1.026422,0.013074447,5
2,366,2849,0.29699372,1.0400838,-0.005451682,13
2,367,2849,0.29465499,0.50992466,0.00027258032,8
2,368,689,0.22592909,1.267171,0.037469405,6
2,369,955,0.17120858,0.63093137,0.02361507,5
2,36,822,0.34300449,0.89870989,-0.010289715,6
2,375,2429,0.26588764,0.74966097,0.0057171375,9
2,378,1946,0.28074208,0.71320578,-0.014904358,11
2,379,3057,0.30088194,0.90247081,-0.0055311267,19
2,37,58,0.28075655,1.0335508,-0.018571707,6
2,381,1967,0.36271777,1.0847813,-0.0022465334,4
2,381,2436,0.31964381,0.76823757,-0.0031309325,4
2,381,2936,0.22363228,0.8348292,0.031431884,5
2,384,877,0.30111855,0.9092547,-0.02938537,4
2,385,260,0.20982061,0.87010391,0.0086613666,6
2,387,2095,0.28677857,1.1089887,0.0039115402,8
2,388,2095,0.28346628,0.61275294,0.0086793742,6
2,390,2725,0.30775528,0.99713756,0.00076706958,5
2,391,2486,0.23862557,0.73366333,0.019165934,4
2,391,2640,0.23699025,0.82869103,0.0011654893,6
2,398,3066,0.27953335,1.1649304,0.003218118,5
2,399,2672,0.24437791,0.99069627,0.0092562289,6
2,3,2726,0.30483348,0.54365105,0.017361832,4
2,400,2164,0.15699338,0.90708014,0.035531959,4
2,400,716,0.30144764,0.84416034,-0.015285261,5
2,400,858,1.9943634e-17,0.62965023,-0.0046992268,12
2,401,2129,0.31783651,0.99276155,-0.024915097,4
2,401,756,0.30116109,0.92131327,-0.0069445976,20
2,401,862,0.089162572,0.55910319,0.0075898683,4
2,402,756,0.30150738,0.58349487,0.0053840703,8
2,405,2465,0.30762841,0.83309526,-0.0091314113,19
2,408,2858,0.27415582,0.89743072,0.0014866389,4
2,409,2715,0.27306069,0.58294747,0.032994869,4
2,409,2724,0.10736331,1.0806861,0.045387755,4
2,40,873,0.41562134,1.2234608,-0.0056848749,6
2,410,195,0.25192699,0.75423111,-0.0032851935,9
2,410,2506,0.24511344,0.94610103,-0.012656575,5
2,410,3028,0.26808444,0.70773772,0.0012889712,4
2,411,2396,0.26882354,1.0150659,-0.017721807,6
2,412,2045,0.24646132,1.0014719,0.016931823,5
2,412,2627,0.35152826,1.0044793,-0.0021634294,20
2,413,2045,0.22827952,0.6346081,0.038620788,4
2,413,779,0.24926952,0.81464901,-0.0025089304,5
2,414,3042,0.25537177,0.98517433,0.028874829,5
2,415,3042,0.29945956,0.62526739,0.034013099,4
2,417,2444,0.28857259,1.1793561,0.015088736,5
2,418,2444,0.28836787,0.66457567,0.0090553109,5
2,419,1762,0.33874684,0.96219432,-0.045389662,4
2,421,282,0.27423013,1.0229445,0.024009795,8
2,422,1760,0.28749238,1.1678224,0.012774602,4
2,422,2808,0.30333071,0.70363037,-0.010276844,17
2,422,282,0.26903133,0.60033168,0.019459075,6
2,422,49,0.29622109,1.172577,0.015710677,4
2,423,1209,0.35741324,0.98133686,-0.020044117,4
2,423,1760,0.30353684,0.62478366,0.032059309,4
2,423,206,0.39109037,1.0134933,-0.034688416,4
2,423,2346,0.25908923,0.82561117,0.015003599,5
2,423,2875,0.25013493,0.99526232,0.011642014,6
2,423,49,0.2915783,0.68150856,0.042197214,4
2,424,2378,0.30203883,1.1023745,0.016357458,4
2,424,2875,0.21254973,0.62781731,0.036604059,4
2,426,2476,0.27152046,1.1229908,0.016836526,5
2,426,513,0.27998088,0.65832065,0.012181972,7
2,426,596,0.24198425,0.76908438,0.021642287,6
2,427,1793,0.34995503,1.1485017,0.013858862,5
2,428,1793,0.29155421,0.59826486,0.02605736,4
2,428,2841,0.27836991,1.0053743,0.0036951457,6
2,429,2841,0.32103317,0.64301278,0.02469808,4
2,42,2063,0.186124,0.71067783,0.011170035,4
2,430,1098,0.29236961,0.68552418,-0.0077231974,9
2,432,1410,0.085309064,0.69186738,0.04311454,5
2,433,1946,0.26073543,0.70544234,-0.012710021,10
2,433,519,0.30380903,1.2334275,0.0011423385,7
2,434,2006,0.27762184,0.91633912,0.027319839,4
2,434,519,0.25426463,0.67076549,0.036841146,4
2,435,1556,0.14653955,1.2391601,0.03037653,5
2,435,2467,0.30954805,1.1396199,-0.0027009743,5
2,436,2467,0.2791656,0.61759202,0.026146497,4
2,437,727,0.28889744,1.087246,0.00629595,5
2,439,996,0.34629273,0.98506995,-0.027257224,4
2,440,1647,0.30801973,0.93478802,-0.0062451973,18
2,440,2093,0.29460044,1.0189154,0.0032389093,5
2,440,2699,0.35233191,1.0159754,-9.6480739e-05,20
2,441,2093,0.27369486,0.57584723,0.016334821,4
2,441,3044,0.14039598,0.9174618,0.027211837,5
2,441,944,0.26303041,0.74751892,0.026188713,4
2,442,476,0.30114041,0.92749601,0.014949416,4
2,443,658,0.16806362,1.1777705,0.027299178,4
2,446,1412,0.26762669,0.61815242,0.015135671,6
2,446,2362,0.22429075,0.92752564,0.010798707,5
2,448,1812,0.23769509,0.80593279,0.031071882,5
2,448,2345,0.23522928,0.97286359,0.022395025,6
2,449,2345,0.25288635,0.6428354,0.039364999,4
2,44,839,0.26942737,1.0171163,-0.013227858,4
2,450,1547,0.30132059,0.93664183,-0.0091842544,6
2,450,2390,0.26391706,0.89206262,0.014015185,4
2,451,1934,0.28424836,1.1676856,0.01770431,5
2,452,1934,0.32780125,0.66526025,0.030175548,4
2,453,1346,0.15939042,0.64900316,-0.0065780399,7
2,453,2209,0.19857654,0.81683176,0.021557052,5
2,453,229,0.21298278,0.62852752,0.0064779475,4
2,453,2303,0.16084783,1.2494881,0.021707533,4
2,453,908,0.29834915,0.87330106,-0.015523354,9
2,455,423,0.34298053,0.63016985,-0.024324231,6
2,456,1642,0.29467546,0.92630841,-3.6532583e-05,21
2,456,96,0.3395017,0.58924226,-0.029278074,12
2,458,2011,0.28970598,0.64399797,0.025303328,5
2,459,2509,0.36698054,1.0255781,-0.0048257111,10
2,45,136,0.25524424,0.91419353,-0.0066490128,6
2,45,2599,0.27219708,0.68547441,-0.038000242,4
2,460,2509,0.29030228,0.67455982,0.0098242432,7
2,461,315,0.30660068,0.86943447,-0.0054978444,15
2,462,443,0.30494791,0.97282246,0.00043823339,11
2,463,1955,0.30199281,0.86295823,-0.034213621,4
2,463,443,0.28772896,0.55218847,0.0078251812,8
2,464,218,0.34374247,1.0041945,-0.0011892322,19
2,464,326,0.31479678,1.0098087,-0.0036846026,19
2,465,2585,0.2211316,0.65603933,0.036851397,5
2,469,1117,0.30761487,1.1770411,-0.0006620602,5
2,469,1802,0.26072706,0.95473073,-0.00088007319,6
2,471,2019,0.24604606,0.69599326,0.0041129579,5
2,471,2447,0.27369433,0.89573212,0.0042214857,6
2,472,1459,0.31235374,0.80570302,-0.0097041618,11
2,472,255,0.099909196,0.49223961,0.012419655,4
2,472,29,0.059621221,0.51060854,0.0065233902,4
2,472,2980,0.2627699,0.85884796,0.01862607,6
2,473,2305,0.30786438,1.1000586,0.010752608,4
2,473,255,0.23044705,0.83738054,0.02436608,4
2,473,606,0.29563606,1.1467312,-0.0011484431,12
2,474,2020,0.27044672,0.70116435,0.004023184,7
2,474,606,0.29645044,0.58689358,0.0012905938,10
2,475,269,0.35061207,1.062283,-0.017724843,4
2,476,2559,0.3062272,0.65904807,-0.017274653,18
2,478,1495,0.304999,0.91194147,-0.014256619,4
2,478,1526,0.33905531,0.55620283,0.010446199,6
2,479,3013,0.29887103,0.7156465,-0.012471872,19
2,47,2701,0.31518153,0.96918652,-0.029311449,4
2,47,2745,0.30587256,0.6695293,-0.013609448,20
2,480,1137,0.25591716,0.6523017,-0.012467169,9
2,480,1889,0.29071953,1.0667679,-0.0064115609,5
2,481,741,3.2101145e-23,0.80410448,0.022222745,4
2,483,1048,0.26418181,1.0185231,0.030680782,4
2,483,793,0.24248281,0.71006945,0.0075465523,7
2,484,1048,0.21605914,0.58297311,0.031527517,4
2,484,1519,0.31628606,1.0783092,-0.00096354891,4
2,485,1418,0.37001137,0.97723544,-0.01868017,4
2,485,1519,0.28483409,0.61861211,0.027984795,4
2,486,2280,0.29041805,1.0360389,0.019972227,6
2,486,910,0.18720827,1.4469153,0.0041394918,6
2,487,2280,0.27371878,0.58393751,0.012395635,4
2,488,2739,0.3049116,0.91406313,-0.0016755163,20
2,490,2718,0.26574185,1.0757389,0.015358126,6
2,491,1408,0.33687648,0.84653367,-0.037317476,4
2,491,2718,0.25439624,0.72328281,0.037482771,4
2,492,2482,0.28310381,0.92546876,-0.022798977,4
2,492,30,0.31055239,1.0403295,0.010259938,5
2,494,3051,0.055916597,0.69870472,-0.0067743625,8
2,496,1778,0.23782008,0.70727496,0.032347868,5
2,496,2646,0.30456819,0.85837946,-0.0011545189,20
2,49,2589,0.31526916,1.0251795,0.0075954118,4
2,4,539,0.29109379,0.8934702,-0.0052109956,16
2,500,2222,0.27966472,1.0446157,0.026297914,5
2,500,2341,0.22972337,0.75561043,0.024150579,4
2,501,2222,0.33761392,0.6147132,-0.00069236854,4
2,502,2479,0.30573898,1.117758,-0.0043262168,11
2,502,2796,0.31849036,0.69894966,-0.0036592291,8
2,507,2792,0.26658552,0.6829598,-0.013558057,6
2,508,2376,0.3206125,0.90681421,-0.030593886,4
2,51,1752,0.33990151,0.87758497,-0.0028540735,20
2,54,91,0.49558319,0.98417714,0.010517513,9
2,55,1809,0.25573963,1.1504016,0.027151693,6
2,55,91,0.5543992,0.53823672,0.013241533,7
2,56,1809,0.31341904,0.56382049,0.010949655,5
2,56,780,0.28102021,0.95247232,-0.011483995,5
2,57,188,0.29327463,0.95950118,0.0010181204,6
2,58,476,0.28664794,1.1810411,0.010342441,5
2,59,476,0.23994626,0.63014178,0.018008757,5
2,5,539,0.28618275,0.49952627,-0.0080104855,14
2,63,2190,0.29583195,1.0026482,-0.004695334,20
2,63,2756,0.018837089,1.0019735,0.0035098551,7
2,67,929,0.065862391,0.75833935,0.021384255,6
2,68,1889,0.10680914,0.63355263,0.048634896,4
2,68,2232,0.22191595,0.71603703,0.023075555,10
2,68,929,0.13583195,1.0280847,0.029735629,5
2,69,610,0.31613085,0.90096408,-0.010371351,4
2,73,2663,0.30615382,0.83815544,-0.0062820172,17
2,74,2251,0.34792073,1.0569613,4.732003e-05,8
2,74,2730,0.14014659,0.51432654,0.0094120058,4
2,74,572,0.29383669,0.8770543,-0.0049668124,12
2,75,2251,0.34382703,0.61384951,0.025458248,5
2,75,2671,0.31179968,1.0478378,-0.030204889,4
2,75,498,0.51476448,1.0218441,-0.0032097322,9
2,76,498,0.49668526,0.50011287,-0.00037492595,8
2,78,1364,0.20436781,0.61637114,0.016340169,6
2,79,1181,0.29392363,0.95831176,0.0022511969,5
2,7,2882,0.30287314,1.1056449,0.0082278374,6
2,80,1181,0.28892644,0.67055222,0.03250332,4
2,80,2370,0.22784982,1.0854627,0.03282808,5
2,81,2370,0.23863874,0.69207276,0.035007641,4
2,83,1546,0.31031578,0.94260383,-0.0029520786,20
2,83,1800,0.33736779,0.57310363,0.015076101,4
2,87,1788,0.30221957,0.92268949,-0.0015862957,19
2,87,2918,0.27481912,0.63830337,0.016252253,6
2,88,1847,0.29610071,0.95696357,-0.0033504988,20
2,88,390,0.3007617,0.99894567,-0.003279395,19
2,8,2882,0.25826799,0.73445863,0.022545394,6
2,90,1056,0.28895134,0.96296334,-0.013709736,5
2,92,2234,0.16832873,0.88663495,0.048074491,6
2,93,2234,0.27094655,0.62636966,0.043028885,4
2,93,605,0.31332886,1.0492602,0.010557773,5
2,94,605,0.30740159,0.63508906,0.030772188,4
2,94,729,0.25271324,1.0338627,0.0092849152,6
2,99,1117,0.24986218,0.84500581,0.025107771,5
3,100,2322,0.33116988,1.0276208,-0.029612891,5
3,101,829,0.327373,0.95778506,0.0021056584,5
3,104,2371,0.20695737,0.77206355,0.034523006,5
3,106,2227,0.19888687,0.73847545,0.054919561,5
3,108,1696,0.27030035,0.64743123,-0.011367701,11
3,108,2492,0.28515306,0.8262891,0.017982242,4
3,108,262,0.092219545,0.99098893,0.0007611995,4
3,108,2648,0.29236709,1.020095,0.0039959142,5
3,108,2807,0.21376239,0.89430413,0.0079013646,4
3,108,492,0.19981425,0.9707358,0.01281265,6
3,109,2648,0.26127406,0.49639738,0.025271086,5
3,10,2145,0.23151665,1.0184791,0.016876623,8
3,10,2490,0.013823297,0.68324201,-0.0051515239,9
3,111,1816,0.24649621,0.84255335,-0.024184633,5
3,111,2894,0.25998442,0.57293577,-0.0063061884,9
3,111,38,0.25734743,0.87793959,0.010090983,7
3,112,2945,0.27316284,0.63127724,-0.014303443,17
3,114,1337,0.19547057,0.83432373,0.011597419,4
3,114,2748,0.29845306,1.1322183,0.00034467996,5
3,115,3037,0.1759966,0.55077608,0.044766111,4
3,116,2047,0.14306983,0.42439427,-0.00016328718,4
3,116,2712,0.27567177,0.93399813,0.019191781,8
3,116,678,0.25434711,1.2031033,0.0055633975,7
3,116,876,0.47633697,0.87485409,0.0082176401,11
3,117,2712,0.21475339,0.56432027,0.039019744,5
3,117,30,0.36802227,0.48862211,-0.020695838,4
3,118,3045,0.3409687,0.979187,-0.0059054086,4
3,119,1277,0.53356415,0.75914055,-0.011596241,8
3,119,1970,0.31184896,1.0321268,0.0019037412,5
3,11,1739,0.24641982,0.75644827,-0.0078442378,4
3,11,2034,0.32914746,0.93141203,-0.037009913,4
3,120,1125,0.1890716,0.51967846,0.0050314564,4
3,120,1970,0.31370056,0.58278117,0.016486916,4
3,121,2032,0.31409052,0.8985474,-0.016168163,5
3,121,2550,0.20393309,0.81429675,0.012564261,5
3,121,2900,0.27670027,0.79392726,-0.0066302073,12
3,121,675,0.29627056,0.8226937,0.018916587,4
3,122,167,0.30745742,0.96467136,-0.032578568,5
3,123,1245,0.51883188,0.9939302,-0.0083694441,7
3,123,1918,0.27497677,1.1645936,-0.005619163,5
3,124,2011,0.28390296,0.99582485,-0.013158747,4
3,124,2319,0.2163538,0.54148251,0.0081463326,9
3,124,360,0.29313967,0.98371808,-0.0020835385,8
3,126,916,0.22423396,0.99505662,-0.0045234715,7
3,127,1118,0.22142504,0.61597131,0.030099494,5
3,128,1706,0.3108425,1.0656042,0.0020783578,6
3,128,2226,0.18210447,0.69368589,0.046242896,5
3,129,1706,0.2653325,0.56638838,0.017718094,6
3,129,2718,3.6552336e-22,0.73859602,0.006651203,10
3,130,1683,0.33008537,0.53882302,-0.0067137069,16
3,130,1716,0.28751151,0.97964684,-0.017948917,4
3,132,1173,0.31091041,1.0282066,-0.035062965,4
3,133,646,0.27891975,0.74153328,-0.026304495,9
3,134,2091,0.33976877,1.1024259,0.00012672039,6
3,135,2091,0.35294009,0.52047392,0.017421747,5
3,135,2596,0.17391866,0.75787335,0.049029732,4
3,135,688,0.2813793,0.8120692,0.0047369269,5
3,136,2066,0.29731031,0.52563983,0.032298627,6
3,136,2091,0.31622453,0.53411779,0.0019332214,18
3,137,2091,0.31454907,0.97979053,-0.010447729,6
3,137,2212,0.21870732,1.0280975,0.016544613,4
3,138,2630,0.20832414,0.81274438,0.033691621,11
3,139,1244,0.17827231,1.1370896,0.021368571,4
3,139,474,3.7708912e-18,0.52265914,-0.0031425673,7
3,13,2170,0.23723279,0.7710302,0.003247836,9
3,140,2167,0.15150352,0.62259095,0.034331179,5
3,140,2446,0.34116782,1.0209662,0.011364369,8
3,141,2446,0.34987376,0.61526991,0.018570689,6
3,141,2799,0.19404319,0.91530523,-0.017827767,4
3,142,1040,0.307455,1.1780851,0.0048949725,5
3,142,1122,0.11683387,0.51379961,0.030563753,5
3,144,1657,0.34222185,0.67163131,0.0042292616,9
3,146,262,0.25745637,0.5567743,-0.0045530795,9
3,146,572,5.0736095e-19,0.45268153,-0.016942059,4
3,146,684,0.20306652,0.94176453,0.005125708,6
3,146,760,0.35398713,1.1219921,0.0076245942,5
3,146,847,0.25366542,0.74464268,-0.0057082104,8
3,147,563,0.27833556,0.75638938,-0.0056571364,7
3,147,847,0.24369495,0.48156837,0.015722857,6
3,149,1478,0.29423536,0.61799378,0.033994358,4
3,149,1543,0.30099565,1.0251303,-0.0087595961,6
3,149,2821,0.26043002,0.89767763,0.033862396,6
3,14,2282,0.29470637,1.0128213,-0.015749921,6
3,14,3042,0.29671664,1.0094038,0.022080404,4
3,14,861,0.28045015,1.1762927,0.00072923241,6
3,150,2821,0.23867052,0.53758711,0.033015601,5
3,150,540,0.29194421,0.55448001,-0.0072340192,19
3,151,2597,0.24745407,0.92334048,0.02890625,7
3,153,789,0.20577267,0.58839551,0.010880242,4
3,154,2214,0.26428346,1.0742938,0.012503453,5
3,155,2457,0.21764041,0.52057257,0.003101854,7
3,156,1982,0.23711824,0.45694312,0.0098694995,5
3,157,2802,0.21775806,0.50280741,0.015996095,5
3,159,520,0.27437852,0.84124981,0.012142334,6
3,160,520,0.26366578,0.53509348,0.018866513,4
3,161,2367,0.25560782,0.71120628,0.027358026,5
3,164,946,0.11279924,0.43547742,-0.0017023844,7
3,165,2647,0.31517681,0.96811185,-0.016200921,5
3,165,3042,0.25538855,0.89016329,-0.014457535,5
3,166,2672,0.25566671,0.92738602,0.013829484,5
3,166,2976,0.19510638,0.74771495,0.029757606,5
3,167,2672,0.29393399,0.47230573,0.025589563,4
3,167,2962,0.23752362,0.9003736,0.0089651092,7
3,167,579,0.26120014,0.68716007,0.007421543,6
3,16,2377,0.28656816,0.88355988,0.00072723897,13
3,171,239,3.2288268e-21,0.65244418,-0.015016472,6
3,171,590,0.26169905,0.81697656,0.039212188,4
3,171,628,2.603241e-28,0.57598904,0.0035795363,14
3,171,631,0.31774149,1.0747236,0.0024605852,6
3,171,948,0.26132231,0.9779403,0.022199728,5
3,172,1035,0.44207426,0.86348495,0.023499579,11
3,172,2746,0.21597071,1.0076698,0.035613674,4
3,172,948,0.19007685,0.4685642,0.045751626,4
3,173,2486,0.25246179,0.6637235,-0.0072034471,8
3,173,2746,0.28755103,0.57268806,0.022550577,4
3,175,1500,0.28833633,0.95000832,0.026742595,6
3,176,1500,0.22685631,0.57653374,0.035501164,5
3,176,843,0.30110523,0.94792486,0.003215167,5
3,178,2067,0.29546582,1.0577722,-0.0011369088,9
3,178,2289,0.32828517,0.40425939,-0.003234758,13
3,178,2727,0.29583906,0.49942122,-0.0052927047,18
3,181,824,0.27654122,0.61528019,-0.016431628,17
3,182,1093,0.32214605,1.0881982,0.0082552005,5
3,183,1093,0.28963051,0.55745295,0.023706426,5
3,183,1298,0.27292452,0.86036418,-0.00028421124,6
3,183,1849,0.28336508,0.98326614,-0.0040553793,7
3,184,2160,0.16162079,0.66718281,0.038415113,4
3,185,2656,0.25110008,0.92903491,-0.024489826,4
3,185,617,0.3718419,1.0024064,-0.020440127,4
3,186,1831,0.29791015,1.0247361,-0.016393345,4
3,186,2650,0.34172978,0.98241143,-0.012237775,4
3,187,206,0.21259324,1.0281817,0.040531229,6
3,187,914,0.28312167,1.055461,0.0032298314,6
3,188,3000,0.2023108,0.46408516,0.029971898,4
3,188,31,0.30645979,0.78728726,-0.0064670296,20
3,189,2089,0.24965514,0.87367482,-0.0044024008,6
3,189,31,0.30730118,0.44672531,0.0028882577,14
3,18,1968,0.27553481,1.076981,-0.0080988183,8
3,18,2655,0.21644357,1.2686441,-0.0049750315,4
3,190,1602,0.28893207,0.94108005,0.00010383121,6
3,191,839,0.2710159,0.77202608,0.018492857,6
3,193,1082,0.21393103,0.76496583,-0.007446214,4
3,196,246,0.2920509,1.04272,0.0042487393,5
3,197,1369,0.28879483,1.0950053,-0.017041316,4
3,197,246,0.32002938,0.51192456,0.011477798,5
3,198,1258,0.22406438,0.52330789,0.00055843222,7
3,199,2104,0.48206386,0.875029,0.014814361,10
3,199,2209,0.21353884,0.64610808,0.0072555553,4
3,1,2210,0.23754258,0.74754252,0.028618092,6
3,1,392,0.30188757,0.69793419,-0.0079109495,19
3,201,2368,0.2771305,0.51980705,-0.00017152114,5
3,203,2210,0.49902396,0.65996003,-0.0023669821,10
3,203,2676,0.2532289,0.98688675,0.016994198,5
3,204,15,0.24499355,1.2577615,0.012366739,7
3,204,2210,0.43547238,0.36563549,0.0080659456,8
3,204,2252,0.11747538,0.52093869,0.022306664,4
3,205,15,0.25540596,0.60244291,0.0022216219,5
3,205,1984,0.28317904,0.56217428,-0.022593681,12
3,205,2252,0.14833066,0.74134062,0.049497781,5
3,205,2780,0.17985138,0.79505971,0.032606992,6
3,205,724,0.36505102,0.41950561,-0.012224264,16
3,206,2327,1.2621774e-29,0.40048209,-0.0028521983,9
3,206,2693,0.32959209,0.99900267,0.0080190662,4
3,206,960,0.27202094,1.02734,-0.005620207,6
3,209,2375,0.26139862,0.91233987,-0.0042169098,6
3,20,2489,0.31945062,0.93109206,-0.014183652,5
3,20,2768,0.42315142,0.80605125,0.018629652,12
3,211,2167,0.2666877,0.80474904,-0.017146592,10
3,211,775,0.30401483,0.84239709,0.018713098,9
3,212,2167,0.29090385,0.44130868,0.0016684556,6
3,212,500,0.20530709,0.60976826,0.0086620596,7
3,212,775,0.29111201,0.58003081,0.0048150258,7
3,213,2171,0.29406,1.121639,0.0058991641,5
3,213,698,0.28929016,0.67831705,-0.016703049,17
3,213,704,0.29715439,0.99411732,-0.0096184002,5
3,214,1290,0.22771913,0.86239852,-0.00057941419,5
3,214,1832,0.34510162,1.0094721,-0.0065159174,8
3,214,2171,0.25724464,0.57984474,0.025530771,5
3,217,2066,0.23226767,1.0447546,0.00070234497,4
3,219,2704,0.29555094,0.65166009,-0.010576279,13
3,21,2898,0.19614528,0.54721814,0.018687501,5
3,220,2157,2.083806e-17,0.67243605,-0.015982352,7
3,221,80,0.28152221,0.86696721,0.011615438,10
3,222,2281,0.30805724,0.91812558,-0.018752466,5
3,222,80,0.27899129,0.46123767,-0.014821208,6
3,224,2682,0.19996571,0.95450998,0.03303983,5
3,224,3027,0.17634486,0.60528459,0.0060029429,8
3,225,2682,0.21502429,0.58844026,0.041103575,4
3,229,828,0.2944667,1.1117535,0.0048030068,7
3,22,2898,0.12593423,0.42993162,0.024106855,4
3,22,883,1.2324543e-16,0.49127021,-0.0075082839,7
3,230,1118,0.27634101,0.89326541,0.016361245,9
3,230,828,0.30473323,0.5677543,0.012466059,5
3,231,1118,0.23011732,0.60005745,0.023639548,6
3,231,2830,0.28344087,0.49593319,0.0031498667,8
3,233,1,0.36811246,0.82965448,-0.0098299472,12
3,233,1485,0.23300171,0.98250559,-0.0080861992,4
3,234,190,0.3116461,0.55260611,0.009063733,7
3,234,338,0.26421931,0.62425028,0.011302867,7
3,235,190,0.34335341,0.60602261,-0.017560314,18
3,235,2357,0.1617378,1.3304722,0.022085003,4
3,236,1369,0.22763791,0.66889381,-0.00096116911,5
3,236,2419,0.25491347,0.94467263,0.010301945,4
3,236,2862,0.34741036,0.8655036,-0.0060967026,15
3,237,1341,0.30694029,0.92382062,-0.0025154839,5
3,237,2461,0.29264253,1.0802836,-0.013819637,4
3,23,2533,0.32504445,1.089328,0.010757178,4
3,23,2724,0.34111715,0.98363384,-0.00049593778,4
3,242,290,0.27496528,0.96466251,0.001242505,4
3,243,153,0.25754611,0.87450731,-0.0049540695,7
3,244,2685,0.14997045,0.6240404,0.031196565,5
3,246,2384,0.30161739,0.89029016,-0.0085769239,6
3,248,2353,0.2529385,0.75014815,0.022436764,6
3,249,2614,0.15392121,0.74013317,0.0440648,6
3,24,1189,0.28869328,0.96065471,-0.007178448,11
3,250,2258,0.34275696,0.90273738,-0.00093323724,21
3,251,1262,0.18132792,0.62101462,0.01819846,5
3,251,1815,0.27662902,0.76482309,-0.0033253194,12
3,252,1262,0.15473682,0.44672788,0.012090329,4
3,252,2323,0.2810018,0.30455608,-0.011762828,4
3,254,1504,0.26239325,1.0231526,0.013601935,5
3,254,2287,0.1835736,0.78224319,0.04148111,4
3,255,1504,0.28409205,0.54792613,0.030015512,4
3,256,2662,0.25383429,0.87633705,0.028800694,5
3,257,433,0.33035517,0.62661811,-0.0034188534,4
3,261,2501,0.26748005,1.0368532,-0.0015163039,8
3,262,2501,0.25667579,0.51590277,0.001808801,8
3,263,2841,0.29971415,0.79004317,-0.0062350776,14
3,266,1830,0.28309351,0.91743774,-0.0088556181,5
3,266,2262,0.25818197,1.0026833,0.0010573151,4
3,266,2359,0.23431534,0.65638731,-0.0030862207,4
3,269,2970,0.2587635,0.87655197,0.0029255258,4
3,270,845,0.30215596,0.69691941,-0.0051355075,4
3,274,1521,0.23536485,0.71880483,-0.00098842245,8
3,274,2819,0.25599012,1.0437803,0.008887708,7
3,275,2819,0.25053267,0.52862902,0.0022683576,9
3,276,2150,0.19714252,0.5213709,0.047111458,4
3,278,2534,0.27353582,0.84134678,-0.0088251007,5
3,27,1895,0.33489566,0.52147499,-0.011326338,4
3,280,1029,0.17190836,0.48341019,0.002510487,5
3,281,2436,0.30964739,0.85956847,-0.0045301681,5
3,284,206,0.28992556,1.0059384,0.0081821952,8
3,285,1417,0.33302311,0.65491836,0.00081325729,19
3,285,206,0.26947875,0.57471544,0.010841038,8
3,286,2101,0.28123252,1.0189475,-0.013739117,4
3,288,1044,0.35296022,0.94789515,-0.008231145,10
3,288,1907,0.36161792,1.0221998,0.0092026453,5
3,288,505,0.32269762,0.89060252,-0.0087644502,4
3,289,1907,0.33570105,0.54875268,0.0032917119,4
3,289,3011,0.22713792,0.99376076,0.018082187,5
3,290,1453,0.20968929,0.91726994,0.023914641,6
3,291,415,0.31410157,0.9099423,-0.020480531,5
3,293,2040,0.085527308,0.51107698,0.022250448,4
3,299,1644,0.26813659,0.90616886,0.0053061028,7
3,299,1920,0.34173024,0.95404918,-0.020475243,4
3,300,1644,0.28674642,0.52826508,0.0069154504,4
3,300,2447,0.16661498,1.2470109,0.01380807,4
3,302,1694,0.29546009,0.84245426,-0.0051925001,18
3,302,456,0.30444116,1.0787328,0.0047367008,7
3,303,1500,0.29651239,0.67885987,-0.0099151835,4
3,303,456,0.28633469,0.5737849,0.011467203,4
3,304,1804,0.21216543,0.47233027,0.0045686905,4
3,305,2390,0.28644592,0.94221418,-0.0043523547,5
3,306,2453,0.23562593,0.61496339,0.010688891,6
3,307,2528,0.23357364,0.52574777,0.02127382,5
3,308,2701,0.2965013,0.71381193,0.00075245168,21
3,308,310,0.23176248,0.53182072,0.0027501025,4
3,309,2287,0.19004244,1.0920875,0.035039957,6
3,309,452,0.1154651,0.62387509,0.042500941,4
3,30,2285,0.29347825,0.96263063,-0.011271779,11
3,30,2738,0.31431474,1.0315648,0.0065671613,6
3,312,1592,0.2735833,1.1002928,0.018318164,4
3,312,2049,0.24484366,0.98859992,0.025081224,4
3,313,1824,0.30366582,0.45679057,-0.0061779868,19
3,313,836,0.25149602,1.0151997,0.018543554,8
3,314,2425,0.29922694,0.89132978,-0.002535636,16
3,314,2493,0.19132034,0.73025793,0.042818618,5
3,314,836,0.25821682,0.59143509,0.016606682,7
3,316,1048,0.27724201,1.0379668,0.0048292691,7
3,316,1641,0.31640591,0.94116655,-0.017708736,5
3,317,1048,0.31130966,0.61098145,0.025048276,4
3,31,2738,0.19395124,0.56535305,0.043407755,5
3,320,1983,0.17486467,0.48338671,0.03873929,4
3,321,1446,0.27144463,1.0799949,-0.00064205917,5
3,321,2025,0.25541797,0.57190268,0.010153424,5
3,321,2267,0.27567803,0.48010611,0.0090682677,5
3,321,2511,0.30420742,0.53997644,-0.0058434293,19
3,321,647,0.32924738,1.0096545,-0.024983046,6
3,322,1618,0.16317216,0.9073468,-0.0068368202,4
3,322,2728,0.25022995,0.85383192,0.000581498,7
3,323,2547,0.22071108,0.66035582,0.0022760574,8
3,325,2522,0.2229412,0.68814753,-0.0067209006,4
3,325,828,0.073423778,0.52140109,0.0030584035,7
3,328,1699,0.23686678,0.71226602,0.011887836,4
3,328,2581,0.32149681,0.90562433,-0.01728952,6
3,329,2866,0.3486257,0.77587278,-0.013477535,8
3,32,1352,0.37911081,0.46526754,-0.031266982,5
3,331,2718,0.28229874,1.0825641,-0.032907701,5
3,332,2599,0.24705994,1.0595549,0.0072803826,5
3,333,2595,0.25608764,0.47679892,0.033931562,4
3,333,2599,0.22473652,0.51285183,0.02278477,6
3,335,2038,0.23815504,0.80297661,-0.0028877263,6
3,340,1325,0.28497268,0.90459186,0.010343931,13
3,341,1325,0.29197102,0.51621225,0.0053203647,12
3,342,2406,0.31463135,0.70563578,-0.011795187,6
3,344,2542,0.18715986,1.1528075,0.032600796,4
3,345,2265,0.31227868,0.94806659,-0.011232225,5
3,346,1931,0.21539578,1.051508,0.02891584,5
3,346,2183,0.26875039,0.96844333,0.0052267851,7
3,347,2281,0.22650237,0.95465287,0.00040226851,4
3,34,1859,0.30257518,0.53319887,0.0057503233,5
3,34,1993,0.25661469,1.2551751,-0.016162701,5
3,34,2028,0.2871504,1.0468283,0.0011055752,6
3,350,2083,0.33723187,0.87131763,-0.033995521,4
3,353,2089,0.20471241,0.62157741,0.010062803,7
3,354,1083,0.23579312,0.63605007,-0.0051647375,8
3,354,2411,0.28623322,0.97810513,0.0052686817,9
3,355,2114,0.25551217,1.0014501,0.021455813,6
3,355,2411,0.26392751,0.58357246,0.005587933,7
3,356,2114,0.24917204,0.56916387,0.016992649,6
3,356,2345,0.16435445,0.60365086,0.021106087,4
3,356,2380,0.28288671,1.0934449,-0.0027440445,9
3,357,2380,0.27728704,0.5671463,0.0065996102,8
3,364,2625,0.36347729,1.1119471,0.0011661607,6
3,366,1257,0.32376816,0.95072262,-0.013892621,5
3,367,2760,0.31019498,0.67695828,-0.0076836863,10
3,369,1205,0.25972408,1.0313032,0.0042178953,6
3,371,473,0.2882993,1.1357502,0.011092422,5
3,372,473,0.29690686,0.58240835,0.023811534,4
3,373,2537,0.33495138,1.1639729,0.012897837,4
3,375,2220,0.26769203,0.6692517,0.023167847,5
3,375,2495,0.26848654,0.80374647,0.015552457,8
3,376,1474,0.28091128,0.57714813,-0.018754013,13
3,377,634,0.26948352,0.4246996,0.010358697,4
3,37,1546,0.29400044,1.0781858,0.0041912008,5
3,380,2475,0.23678966,1.1010955,0.0031348689,7
3,380,2521,0.24032149,0.64472232,0.0069157013,6
3,380,2554,0.27962356,1.0711899,-7.1603841e-05,8
3,380,2985,0.27374262,1.0200566,0.008039566,6
3,380,967,0.34600077,0.5163404,0.013990246,6
3,381,2571,0.26989494,0.81377596,-0.0065773371,8
3,383,2600,0.2810819,0.52930391,-0.014470572,11
3,384,2535,0.28496386,0.93929617,0.020377193,4
3,387,1825,0.2665828,0.70065614,-0.0016054699,5
3,387,2254,0.2922308,1.0543231,0.0022686196,4
3,389,2326,0.28995761,0.45477282,0.009803247,4
3,38,1546,0.31757653,0.51303017,0.023501275,4
3,38,2001,0.31456927,0.67919504,-0.011978144,19
3,38,258,0.33706876,0.7575307,-0.013005544,8
3,390,1403,0.29515436,0.52411363,-0.0041430959,18
3,390,2099,0.30880492,0.42975202,-0.012697653,16
3,390,2795,0.076455991,0.44142633,0.0015364454,7
3,390,2931,0.36455058,0.82036726,-0.010157018,5
3,393,1165,0.32970814,0.83309729,0.0094885403,6
3,393,2295,0.30382577,0.76331118,-0.0050471214,20
3,394,1339,0.29706688,0.50226119,-0.014961616,14
3,394,952,0.27896643,0.8819954,-0.0010781885,9
3,397,2982,0.12969511,0.63147766,0.014339274,4
3,397,830,0.30370018,0.88097711,-0.0081892121,19
3,398,1136,0.15848647,0.51392353,-0.0052523043,7
3,398,2921,0.29591034,1.0562942,0.0063811973,5
3,398,457,0.26912746,1.0410258,-0.0052564205,6
3,399,2921,0.17993956,0.53393289,0.040233561,4
3,3,2947,0.31071604,0.94493647,-0.0065951734,8
3,400,2668,0.23790004,0.84688251,-0.012326696,5
3,400,2764,0.16123273,0.72112752,0.014437574,4
3,400,884,0.30699764,0.90169018,0.0034482881,15
3,401,1204,0.30638556,0.92520467,-0.011067183,4
3,401,2251,0.4048428,0.83379082,0.058544866,6
3,401,2726,0.1237872,0.58110186,0.048104093,5
3,403,2862,0.25379338,0.55896174,0.00081192142,7
3,404,225,0.30609598,1.0519911,0.0075244492,6
3,406,375,0.29455667,0.93407638,0.010629276,7
3,407,1034,0.13655919,1.117963,0.035183008,4
3,407,2556,0.22749513,1.0845121,0.010995372,6
3,407,375,0.25728617,0.55968248,0.015109832,5
3,409,176,0.2966713,0.91484989,0.002060614,6
3,40,2564,0.24353775,0.68872426,0.014256747,6
3,410,2339,0.28920932,0.97717471,-0.0011837015,4
3,410,2995,0.26082194,0.66569401,-0.014456415,13
3,411,2762,0.31384341,0.51403092,-0.0092481156,18
3,411,2982,0.30782187,0.84490071,-0.020570044,5
3,413,1780,0.31242803,0.68716834,-0.0092155318,19
3,413,2798,0.16965958,0.97842816,0.036210042,5
3,413,2808,0.30498777,0.71320762,-0.01016345,17
3,414,2668,0.34047147,0.88309719,0.026760969,4
3,414,3032,1.5533732e-24,0.40688361,-0.023161995,9
3,415,2153,0.34954785,1.0707874,-0.00080079431,5
3,415,347,0.31535858,0.98107288,-0.017377148,5
3,416,2153,0.33389549,0.57884872,-0.0040573553,4
3,416,813,0.31572749,0.96185826,-0.0075919085,6
3,418,652,0.28594072,0.90717042,0.0032680697,4
3,41,1624,0.35119656,0.82813112,0.0074601208,9
3,41,1746,0.28014338,0.78124099,-0.012609951,4
3,420,1637,0.24489575,0.48418183,0.027026352,4
3,420,238,0.13035234,0.87926899,0.021065598,5
3,421,2196,0.30049918,0.75208801,-0.0034118592,19
3,423,2485,0.21248686,0.74067216,0.0067769514,4
3,423,963,0.24586595,0.59401067,-0.017099136,6
3,424,1495,0.23302128,1.0637137,0.013429366,6
3,425,132,0.29992613,0.9630216,-0.013474305,6
3,425,1495,0.27435242,0.5809739,0.025263723,4
3,425,832,0.27861162,0.93558468,-0.013619456,6
3,428,2175,0.29792555,0.93480404,-0.0026850121,13
3,428,2510,0.30503906,0.8201097,-0.012424582,16
3,429,1108,0.35075451,0.86877047,-0.0021891579,4
3,429,2510,0.31073006,0.48059833,-0.0034059046,10
3,42,1940,0.30812621,0.97444237,-0.017144213,5
3,433,2029,0.27763987,0.95282242,0.020438965,7
3,434,1593,2.586555e-24,0.53073924,0.0011253006,10
3,434,2598,0.303919,1.0828501,-0.010192737,5
3,434,97,0.3173734,0.74224186,0.011263459,4
3,436,2629,0.23621534,1.0750968,0.028455328,5
3,436,391,0.24052213,0.86079659,0.026647759,6
3,437,2124,0.31041819,1.0528339,0.0014536506,6
3,438,2124,0.30406263,0.5756956,0.016588435,4
3,438,2278,0.27254046,0.48941408,0.026150105,6
3,438,420,0.28393017,0.68695869,-0.0038996222,4
3,438,474,0.38951677,0.89341327,-0.01086883,9
3,440,941,0.22640407,0.67709403,0.04418818,5
3,442,2383,0.29258895,1.0670532,0.0073672282,7
3,443,2383,0.3011641,0.52855832,0.010253536,5
3,445,1512,0.29366729,0.5203419,-0.018247239,13
3,446,2171,0.23009815,0.97929636,-0.0072990836,4
3,446,2334,0.10289058,0.93843609,0.032208427,6
3,446,2399,0.30353863,1.0590209,-0.00076948641,6
3,446,2409,0.15603898,0.59176104,0.014974004,4
3,446,2797,0.31258875,1.0886305,0.0021729562,7
3,447,2399,0.29159284,0.6734694,0.028558194,4
3,447,2797,0.29356047,0.51785039,0.022832652,6
3,449,1809,0.11088877,0.97753455,0.046232112,7
3,449,775,2.2281744e-22,0.3735466,-0.011304503,4
3,449,928,9.7870801e-24,0.97481746,0.013349511,4
3,451,2211,0.309779,0.98230392,-0.022865554,4
3,452,2814,0.20629797,0.72854325,0.041422408,5
3,454,2367,0.1646204,0.60108875,0.027911597,4
3,455,1624,0.25129821,1.0980113,0.019424461,4
3,459,449,0.28929317,0.87971583,0.029819945,8
3,45,1611,0.2323402,0.76069308,0.011494305,7
3,460,2453,0.30233108,0.50330733,0.030091443,4
3,460,449,0.3287295,0.5584234,0.0037184605,5
3,461,2151,0.30866653,0.80459822,-0.007091124,4
3,461,2517,0.22495977,1.137427,0.0031521891,6
3,461,2943,0.18802309,0.4386874,0.01615642,4
3,462,1625,0.14504292,0.93665017,0.039956743,6
3,462,1749,0.1172829,0.7474214,0.04556296,6
3,462,2890,0.29641017,0.98130196,-0.002305068,8
3,463,2890,0.27237628,0.52980044,0.013618986,8
3,466,1442,0.33172851,1.0610986,0.0081381721,7
3,467,1442,0.31528364,0.62665078,0.01494985,6
3,467,2500,0.17744705,0.66028241,0.016596269,5
3,468,2352,0.26982543,0.93195979,-0.0047902623,5
3,468,2495,0.1914191,0.72603796,0.027341474,6
3,469,2976,0.32995154,0.70729326,-0.015963679,18
3,470,580,0.24541058,0.98482459,0.018411966,4
3,472,2521,0.27691411,0.47266469,-0.0061794526,8
3,472,753,0.33097796,1.0583149,0.010097243,4
3,474,1275,0.30601437,0.73720354,0.0012342297,4
3,476,2859,0.21785983,0.86264886,-0.0015961504,5
3,477,1469,0.17229096,0.68053694,0.034109496,5
3,479,2146,0.18677947,1.1316018,0.016604095,4
3,47,2810,0.22549884,0.77649254,0.045242862,5
3,480,2772,0.38013728,0.96279097,-0.011383502,6
3,480,3028,0.25948044,0.5195294,0.020830486,4
3,481,1407,0.14650293,0.69490193,0.024927221,5
3,482,2294,0.23749352,0.92479256,0.032714133,8
3,483,2294,0.16618151,0.5676831,0.03892166,5
3,483,471,0.27344367,1.0842093,0.0070234498,5
3,483,859,0.25233242,1.0004,0.0014446555,5
3,484,471,0.22075461,0.51869222,0.030908902,4
3,484,859,0.22080999,0.4975352,0.01703197,4
3,487,980,0.33778664,1.1122804,-0.010992225,7
3,488,201,0.22229197,0.79104925,0.028178282,5
3,489,2868,0.29853058,0.9124138,0.025665689,4
3,490,1285,0.25999682,0.94092143,0.0015764538,6
3,492,644,0.2443696,0.91890274,0.013727194,6
3,493,644,0.26783318,0.51229869,0.039242377,4
3,494,2940,0.15574103,1.2330981,0.019482374,4
3,495,2365,0.29890187,0.94957617,-0.0062062133,11
3,496,2365,0.29108437,0.55447841,0.0042861163,7
3,496,2482,0.27590657,1.0223689,-0.0024290349,8
3,498,2252,0.23511188,1.1498051,0.014701447,4
3,498,560,0.25470334,0.70884048,0.0092350517,4
3,499,2069,0.26822708,0.56015074,-0.0083601064,5
3,499,969,0.29964779,0.94499529,-0.018467696,4
3,49,1280,0.16695493,1.0935735,0.031074864,6
3,49,2601,0.15085872,0.650941,0.030920887,5
3,4,2144,0.25805302,0.39359747,0.013227964,9
3,4,2151,0.27360254,0.89293061,-0.012901479,4
3,502,3059,0.14366501,0.52403694,0.016426089,5
3,503,2961,0.16782574,0.7429888,0.017253662,6
3,504,2972,0.28472176,1.0127368,0.0025764822,7
3,505,2972,0.2699878,0.56165013,0.0078815299,7
3,505,581,0.30672593,1.0947782,-0.00097528511,7
3,506,581,0.32059035,0.5039408,0.018396073,5
3,508,2000,0.26476194,1.1037406,2.9677035e-05,6
3,508,2552,0.19874878,0.59203776,0.010074307,7
3,509,632,0.25829075,0.99618133,-0.011059052,4
3,52,1962,0.24312978,0.97785835,0.025697355,8
3,54,2141,0.22665382,0.72983105,0.0043073019,6
3,54,2596,0.30857993,0.77792136,-0.00019343866,16
3,55,2581,0.23619681,0.88073092,-0.0015063914,4
3,56,1729,0.20883626,0.7551739,0.031609675,6
3,57,823,0.25940957,0.85420574,0.040879302,6
3,5,2716,0.27798879,0.64517264,0.0055022173,6
3,60,2112,0.25001209,0.863674,-0.0014647848,4
3,61,2479,0.33144945,1.0362015,0.0093724144,5
3,62,1307,0.35805746,0.84811606,-0.0006192199,10
3,62,2262,0.25161923,1.0031116,0.015814594,5
3,62,2403,0.29538105,0.98914332,-0.001379601,14
3,62,2479,0.34901096,0.53052947,0.020504755,5
3,63,2403,0.22612593,0.55976695,0.027354525,6
3,65,767,0.16248692,1.0266079,0.04097539,5
3,66,1335,0.16316192,1.2281325,0.026400528,4
3,69,1498,0.13077618,0.47214935,0.032570016,4
3,70,2115,0.30635572,0.84043286,-0.0063138305,20
3,71,55,0.18814459,1.1324244,0.033201429,5
3,72,55,0.1559271,0.69193212,0.017737637,7
3,74,1963,0.29263266,0.8157283,-0.00074175751,8
3,74,1966,0.29828117,0.95034958,-0.000587254,12
3,74,866,0.22829944,0.98855705,0.053944736,4
3,76,1437,0.26013997,0.89369146,-0.0082110354,5
3,77,1878,0.29533975,0.55926845,-0.0065953012,20
3,77,842,0.2983202,0.99582318,-0.011791385,6
3,79,1223,0.18189783,0.53445364,0.011742753,6
3,7,2368,0.35294076,1.1263843,0.0030323637,7
3,7,2377,0.30501272,0.81373091,-0.0140299,10
3,82,2952,1.5515945e-21,0.49050451,-0.00079186816,5
3,82,786,0.1661931,0.65679758,0.028295513,6
3,83,2525,0.26895639,0.96448281,-0.0075662292,4
3,83,2703,0.33187802,0.96349737,-0.0057013144,19
3,85,973,0.25535626,0.76473865,-0.00045986762,5
3,86,398,1.5062662e-19,0.84039678,0.082173781,9
3,87,2078,0.27803203,1.1440674,-0.0047035441,7
3,88,2096,0.24600407,0.86926363,0.0073840144,5
3,88,2236,0.19010705,0.46259732,0.026513689,4
3,89,1604,0.36587701,0.92232689,-0.011056534,4
3,89,2552,0.16772022,0.76023752,0.053896953,8
3,8,1935,0.23197699,0.52789606,0.027724514,4
3,8,2368,0.35515982,0.61941563,0.012013682,7
3,90,2084,0.31021285,0.60495174,0.0086150755,10
3,90,778,0.51317152,0.51386934,0.0077975929,7
3,91,2053,0.22731145,0.89830117,0.021986397,4
3,91,2844,0.24003793,0.87681688,0.035219744,6
3,91,778,0.6255458,0.27961393,0.03254445,4
3,92,1734,0.29375596,0.79044392,-0.0063154809,12
3,92,2200,0.26056634,0.97652654,0.021936505,5
3,92,2844,0.15568179,0.5572038,0.03632944,4
3,93,2900,0.26212853,1.092757,0.0011920523,7
3,96,1108,0.1543361,0.85242706,0.022894804,6
3,97,1181,0.25115963,0.80159911,-0.016540152,6
3,98,1927,0.18656439,1.0280617,0.022371792,5
3,98,2067,0.13978542,0.50132131,0.029870912,5
3,98,2445,0.20827686,1.0454329,0.050262511,4
