manifest_version,selected,exclusion_reason,relative_path,file_name,file_size_bytes,acquisition_family,temperature_K,dtph,seconds,run_id,ccd,npumps,charge_shifts,voltage_low,voltage_high,nrow,ncol,nbinrow,nbincol,hdu_count,quadrants,hdu_shapes,datestart,dateend,delay_h_overlap,delay_integ_ped,delay_integ_sig,delay_rg_width,delay_swhigh,delay_v_overlap,delay_dg_low,delay_og_low,syncdelay
signed-refit-input-v1,1,,proc/proc_skp_temp_scan_run1_125k_binned_NROW580_NBINROW1_NCOL3600_NBINCOL1_SC200000_vl-2.75_vh7.5_dtph750_NPUMPS3000_2_194.fits,proc_skp_temp_scan_run1_125k_binned_NROW580_NBINROW1_NCOL3600_NBINCOL1_SC200000_vl-2.75_vh7.5_dtph750_NPUMPS3000_2_194.fits,33477120,temp_scan_run1,125,750,5e-05,194,2,3000,200000,-2.75,7.5,580,3600,1,1,4,0;1;2;3,580x3600;580x3600;580x3600;580x3600,2025-03-10T14:00:08,2025-03-10T14:09:24,150,270,245,15,12,300,15,5,0
signed-refit-input-v1,1,,proc/proc_skp_temp_scan_run1_125k_binned_NROW580_NBINROW1_NCOL3600_NBINCOL1_SC200000_vl-2.75_vh7.5_dtph1200_NPUMPS3000_2_195.fits,proc_skp_temp_scan_run1_125k_binned_NROW580_NBINROW1_NCOL3600_NBINCOL1_SC200000_vl-2.75_vh7.5_dtph1200_NPUMPS3000_2_195.fits,33477120,temp_scan_run1,125,1200,8e-05,195,2,3000,200000,-2.75,7.5,580,3600,1,1,4,0;1;2;3,580x3600;580x3600;580x3600;580x3600,2025-03-10T14:11:57,2025-03-10T14:21:14,150,270,245,15,12,300,15,5,0
signed-refit-input-v1,1,,proc/proc_skp_temp_scan_run1_125k_binned_NROW580_NBINROW1_NCOL3600_NBINCOL1_SC200000_vl-2.75_vh7.5_dtph2000_NPUMPS3000_2_196.fits,proc_skp_temp_scan_run1_125k_binned_NROW580_NBINROW1_NCOL3600_NBINCOL1_SC200000_vl-2.75_vh7.5_dtph2000_NPUMPS3000_2_196.fits,33477120,temp_scan_run1,125,2000,0.000133333333333,196,2,3000,200000,-2.75,7.5,580,3600,1,1,4,0;1;2;3,580x3600;580x3600;580x3600;580x3600,2025-03-10T14:23:49,2025-03-10T14:33:05,150,270,245,15,12,300,15,5,0
signed-refit-input-v1,1,,proc/proc_skp_temp_scan_run1_125k_binned_NROW580_NBINROW1_NCOL3600_NBINCOL1_SC200000_vl-2.75_vh7.5_dtph3000_NPUMPS3000_2_197.fits,proc_skp_temp_scan_run1_125k_binned_NROW580_NBINROW1_NCOL3600_NBINCOL1_SC200000_vl-2.75_vh7.5_dtph3000_NPUMPS3000_2_197.fits,33477120,temp_scan_run1,125,3000,0.0002,197,2,3000,200000,-2.75,7.5,580,3600,1,1,4,0;1;2;3,580x3600;580x3600;580x3600;580x3600,2025-03-10T14:35:44,2025-03-10T14:45:00,150,270,245,15,12,300,15,5,0
signed-refit-input-v1,1,,proc/proc_skp_temp_scan_run1_125k_binned_NROW580_NBINROW1_NCOL3600_NBINCOL1_SC200000_vl-2.75_vh7.5_dtph5000_NPUMPS3000_2_198.fits,proc_skp_temp_scan_run1_125k_binned_NROW580_NBINROW1_NCOL3600_NBINCOL1_SC200000_vl-2.75_vh7.5_dtph5000_NPUMPS3000_2_198.fits,33477120,temp_scan_run1,125,5000,0.000333333333333,198,2,3000,200000,-2.75,7.5,580,3600,1,1,4,0;1;2;3,580x3600;580x3600;580x3600;580x3600,2025-03-10T14:47:45,2025-03-10T14:57:02,150,270,245,15,12,300,15,5,0
signed-refit-input-v1,1,,proc/proc_skp_temp_scan_run1_125k_binned_NROW580_NBINROW1_NCOL3600_NBINCOL1_SC200000_vl-2.75_vh7.5_dtph8000_NPUMPS3000_2_199.fits,proc_skp_temp_scan_run1_125k_binned_NROW580_NBINROW1_NCOL3600_NBINCOL1_SC200000_vl-2.75_vh7.5_dtph8000_NPUMPS3000_2_199.fits,33477120,temp_scan_run1,125,8000,0.000533333333333,199,2,3000,200000,-2.75,7.5,580,3600,1,1,4,0;1;2;3,580x3600;580x3600;580x3600;580x3600,2025-03-10T14:59:56,2025-03-10T15:09:12,150,270,245,15,12,300,15,5,0
signed-refit-input-v1,1,,proc/proc_skp_temp_scan_run1_125k_binned_NROW580_NBINROW1_NCOL3600_NBINCOL1_SC200000_vl-2.75_vh7.5_dtph18000_NPUMPS3000_2_200.fits,proc_skp_temp_scan_run1_125k_binned_NROW580_NBINROW1_NCOL3600_NBINCOL1_SC200000_vl-2.75_vh7.5_dtph18000_NPUMPS3000_2_200.fits,33477120,temp_scan_run1,125,18000,0.0012,200,2,3000,200000,-2.75,7.5,580,3600,1,1,4,0;1;2;3,580x3600;580x3600;580x3600;580x3600,2025-03-10T15:12:39,2025-03-10T15:21:55,150,270,245,15,12,300,15,5,0
signed-refit-input-v1,1,,proc/proc_skp_temp_scan_run1_125k_binned_NROW580_NBINROW1_NCOL3600_NBINCOL1_SC200000_vl-2.75_vh7.5_dtph28000_NPUMPS3000_2_201.fits,proc_skp_temp_scan_run1_125k_binned_NROW580_NBINROW1_NCOL3600_NBINCOL1_SC200000_vl-2.75_vh7.5_dtph28000_NPUMPS3000_2_201.fits,33477120,temp_scan_run1,125,28000,0.00186666666667,201,2,3000,200000,-2.75,7.5,580,3600,1,1,4,0;1;2;3,580x3600;580x3600;580x3600;580x3600,2025-03-10T15:25:54,2025-03-10T15:35:10,150,270,245,15,12,300,15,5,0
signed-refit-input-v1,1,,proc/proc_skp_temp_scan_run1_125k_binned_NROW580_NBINROW1_NCOL3600_NBINCOL1_SC200000_vl-2.75_vh7.5_dtph45000_NPUMPS3000_2_202.fits,proc_skp_temp_scan_run1_125k_binned_NROW580_NBINROW1_NCOL3600_NBINCOL1_SC200000_vl-2.75_vh7.5_dtph45000_NPUMPS3000_2_202.fits,33477120,temp_scan_run1,125,45000,0.003,202,2,3000,200000,-2.75,7.5,580,3600,1,1,4,0;1;2;3,580x3600;580x3600;580x3600;580x3600,2025-03-10T15:40:03,2025-03-10T15:49:19,150,270,245,15,12,300,15,5,0
signed-refit-input-v1,1,,proc/proc_skp_temp_scan_run1_125k_binned_NROW580_NBINROW1_NCOL3600_NBINCOL1_SC200000_vl-2.75_vh7.5_dtph70000_NPUMPS3000_2_203.fits,proc_skp_temp_scan_run1_125k_binned_NROW580_NBINROW1_NCOL3600_NBINCOL1_SC200000_vl-2.75_vh7.5_dtph70000_NPUMPS3000_2_203.fits,33477120,temp_scan_run1,125,70000,0.00466666666667,203,2,3000,200000,-2.75,7.5,580,3600,1,1,4,0;1;2;3,580x3600;580x3600;580x3600;580x3600,2025-03-10T15:55:32,2025-03-10T16:04:49,150,270,245,15,12,300,15,5,0
signed-refit-input-v1,1,,proc/proc_skp_temp_scan_run1_125k_binned_NROW580_NBINROW1_NCOL3600_NBINCOL1_SC200000_vl-2.75_vh7.5_dtph100000_NPUMPS3000_2_204.fits,proc_skp_temp_scan_run1_125k_binned_NROW580_NBINROW1_NCOL3600_NBINCOL1_SC200000_vl-2.75_vh7.5_dtph100000_NPUMPS3000_2_204.fits,33477120,temp_scan_run1,125,100000,0.00666666666667,204,2,3000,200000,-2.75,7.5,580,3600,1,1,4,0;1;2;3,580x3600;580x3600;580x3600;580x3600,2025-03-10T16:12:38,2025-03-10T16:21:54,150,270,245,15,12,300,15,5,0
signed-refit-input-v1,1,,proc/proc_skp_temp_scan_run1_125k_binned_NROW580_NBINROW1_NCOL3600_NBINCOL1_SC200000_vl-2.75_vh7.5_dtph170000_NPUMPS3000_2_205.fits,proc_skp_temp_scan_run1_125k_binned_NROW580_NBINROW1_NCOL3600_NBINCOL1_SC200000_vl-2.75_vh7.5_dtph170000_NPUMPS3000_2_205.fits,33477120,temp_scan_run1,125,170000,0.0113333333333,205,2,3000,200000,-2.75,7.5,580,3600,1,1,4,0;1;2;3,580x3600;580x3600;580x3600;580x3600,2025-03-10T16:33:27,2025-03-10T16:42:43,150,270,245,15,12,300,15,5,0
signed-refit-input-v1,1,,proc/proc_skp_temp_scan_run1_125k_binned_NROW580_NBINROW1_NCOL3600_NBINCOL1_SC200000_vl-2.75_vh7.5_dtph260000_NPUMPS3000_2_206.fits,proc_skp_temp_scan_run1_125k_binned_NROW580_NBINROW1_NCOL3600_NBINCOL1_SC200000_vl-2.75_vh7.5_dtph260000_NPUMPS3000_2_206.fits,33477120,temp_scan_run1,125,260000,0.0173333333333,206,2,3000,200000,-2.75,7.5,580,3600,1,1,4,0;1;2;3,580x3600;580x3600;580x3600;580x3600,2025-03-10T16:59:04,2025-03-10T17:08:20,150,270,245,15,12,300,15,5,0
signed-refit-input-v1,1,,proc/proc_skp_temp_scan_run1_125k_binned_NROW580_NBINROW1_NCOL3600_NBINCOL1_SC200000_vl-2.75_vh7.5_dtph400000_NPUMPS3000_2_207.fits,proc_skp_temp_scan_run1_125k_binned_NROW580_NBINROW1_NCOL3600_NBINCOL1_SC200000_vl-2.75_vh7.5_dtph400000_NPUMPS3000_2_207.fits,33477120,temp_scan_run1,125,400000,0.0266666666667,207,2,3000,200000,-2.75,7.5,580,3600,1,1,4,0;1;2;3,580x3600;580x3600;580x3600;580x3600,2025-03-10T17:32:09,2025-03-10T17:41:26,150,270,245,15,12,300,15,5,0
signed-refit-input-v1,1,,proc/proc_skp_temp_scan_run1_125k_binned_NROW580_NBINROW1_NCOL3600_NBINCOL1_SC200000_vl-2.75_vh7.5_dtph650000_NPUMPS3000_2_208.fits,proc_skp_temp_scan_run1_125k_binned_NROW580_NBINROW1_NCOL3600_NBINCOL1_SC200000_vl-2.75_vh7.5_dtph650000_NPUMPS3000_2_208.fits,33477120,temp_scan_run1,125,650000,0.0433333333333,208,2,3000,200000,-2.75,7.5,580,3600,1,1,4,0;1;2;3,580x3600;580x3600;580x3600;580x3600,2025-03-10T18:18:35,2025-03-10T18:27:51,150,270,245,15,12,300,15,5,0
signed-refit-input-v1,1,,proc/proc_skp_temp_scan_run1_125k_binned_NROW580_NBINROW1_NCOL3600_NBINCOL1_SC200000_vl-2.75_vh7.5_dtph1000000_NPUMPS3000_2_209.fits,proc_skp_temp_scan_run1_125k_binned_NROW580_NBINROW1_NCOL3600_NBINCOL1_SC200000_vl-2.75_vh7.5_dtph1000000_NPUMPS3000_2_209.fits,33477120,temp_scan_run1,125,1000000,0.0666666666667,209,2,3000,200000,-2.75,7.5,580,3600,1,1,4,0;1;2;3,580x3600;580x3600;580x3600;580x3600,2025-03-10T19:23:40,2025-03-10T19:32:56,150,270,245,15,12,300,15,5,0
signed-refit-input-v1,1,,proc/proc_skp_temp_scan_run1_125k_binned_NROW580_NBINROW1_NCOL3600_NBINCOL1_SC200000_vl-2.75_vh7.5_dtph1500000_NPUMPS3000_2_210.fits,proc_skp_temp_scan_run1_125k_binned_NROW580_NBINROW1_NCOL3600_NBINCOL1_SC200000_vl-2.75_vh7.5_dtph1500000_NPUMPS3000_2_210.fits,33477120,temp_scan_run1,125,1500000,0.1,210,2,3000,200000,-2.75,7.5,580,3600,1,1,4,0;1;2;3,580x3600;580x3600;580x3600;580x3600,2025-03-10T20:55:23,2025-03-10T21:04:40,150,270,245,15,12,300,15,5,0
signed-refit-input-v1,1,,proc/proc_skp_temp_scan_run1_125k_binned_NROW580_NBINROW1_NCOL3600_NBINCOL1_SC200000_vl-2.75_vh7.5_dtph2500000_NPUMPS3000_2_211.fits,proc_skp_temp_scan_run1_125k_binned_NROW580_NBINROW1_NCOL3600_NBINCOL1_SC200000_vl-2.75_vh7.5_dtph2500000_NPUMPS3000_2_211.fits,33477120,temp_scan_run1,125,2500000,0.166666666667,211,2,3000,200000,-2.75,7.5,580,3600,1,1,4,0;1;2;3,580x3600;580x3600;580x3600;580x3600,2025-03-10T23:20:29,2025-03-10T23:29:45,150,270,245,15,12,300,15,5,0
signed-refit-input-v1,1,,proc/proc_skp_temp_scan_run1_130k_binned_NROW580_NBINROW1_NCOL3600_NBINCOL1_SC200000_vl-2.75_vh7.5_dtph750_NPUMPS3000_2_175.fits,proc_skp_temp_scan_run1_130k_binned_NROW580_NBINROW1_NCOL3600_NBINCOL1_SC200000_vl-2.75_vh7.5_dtph750_NPUMPS3000_2_175.fits,33477120,temp_scan_run1,130,750,5e-05,175,2,3000,200000,-2.75,7.5,580,3600,1,1,4,0;1;2;3,580x3600;580x3600;580x3600;580x3600,2025-03-10T00:46:22,2025-03-10T00:55:38,150,270,245,15,12,300,15,5,0
signed-refit-input-v1,1,,proc/proc_skp_temp_scan_run1_130k_binned_NROW580_NBINROW1_NCOL3600_NBINCOL1_SC200000_vl-2.75_vh7.5_dtph1200_NPUMPS3000_2_176.fits,proc_skp_temp_scan_run1_130k_binned_NROW580_NBINROW1_NCOL3600_NBINCOL1_SC200000_vl-2.75_vh7.5_dtph1200_NPUMPS3000_2_176.fits,33477120,temp_scan_run1,130,1200,8e-05,176,2,3000,200000,-2.75,7.5,580,3600,1,1,4,0;1;2;3,580x3600;580x3600;580x3600;580x3600,2025-03-10T00:58:11,2025-03-10T01:07:27,150,270,245,15,12,300,15,5,0
signed-refit-input-v1,1,,proc/proc_skp_temp_scan_run1_130k_binned_NROW580_NBINROW1_NCOL3600_NBINCOL1_SC200000_vl-2.75_vh7.5_dtph2000_NPUMPS3000_2_177.fits,proc_skp_temp_scan_run1_130k_binned_NROW580_NBINROW1_NCOL3600_NBINCOL1_SC200000_vl-2.75_vh7.5_dtph2000_NPUMPS3000_2_177.fits,33477120,temp_scan_run1,130,2000,0.000133333333333,177,2,3000,200000,-2.75,7.5,580,3600,1,1,4,0;1;2;3,580x3600;580x3600;580x3600;580x3600,2025-03-10T01:10:04,2025-03-10T01:19:20,150,270,245,15,12,300,15,5,0
signed-refit-input-v1,1,,proc/proc_skp_temp_scan_run1_130k_binned_NROW580_NBINROW1_NCOL3600_NBINCOL1_SC200000_vl-2.75_vh7.5_dtph3000_NPUMPS3000_2_178.fits,proc_skp_temp_scan_run1_130k_binned_NROW580_NBINROW1_NCOL3600_NBINCOL1_SC200000_vl-2.75_vh7.5_dtph3000_NPUMPS3000_2_178.fits,33477120,temp_scan_run1,130,3000,0.0002,178,2,3000,200000,-2.75,7.5,580,3600,1,1,4,0;1;2;3,580x3600;580x3600;580x3600;580x3600,2025-03-10T01:21:58,2025-03-10T01:31:15,150,270,245,15,12,300,15,5,0
signed-refit-input-v1,1,,proc/proc_skp_temp_scan_run1_130k_binned_NROW580_NBINROW1_NCOL3600_NBINCOL1_SC200000_vl-2.75_vh7.5_dtph5000_NPUMPS3000_2_179.fits,proc_skp_temp_scan_run1_130k_binned_NROW580_NBINROW1_NCOL3600_NBINCOL1_SC200000_vl-2.75_vh7.5_dtph5000_NPUMPS3000_2_179.fits,33477120,temp_scan_run1,130,5000,0.000333333333333,179,2,3000,200000,-2.75,7.5,580,3600,1,1,4,0;1;2;3,580x3600;580x3600;580x3600;580x3600,2025-03-10T01:34:00,2025-03-10T01:43:17,150,270,245,15,12,300,15,5,0
signed-refit-input-v1,1,,proc/proc_skp_temp_scan_run1_130k_binned_NROW580_NBINROW1_NCOL3600_NBINCOL1_SC200000_vl-2.75_vh7.5_dtph8000_NPUMPS3000_2_180.fits,proc_skp_temp_scan_run1_130k_binned_NROW580_NBINROW1_NCOL3600_NBINCOL1_SC200000_vl-2.75_vh7.5_dtph8000_NPUMPS3000_2_180.fits,33477120,temp_scan_run1,130,8000,0.000533333333333,180,2,3000,200000,-2.75,7.5,580,3600,1,1,4,0;1;2;3,580x3600;580x3600;580x3600;580x3600,2025-03-10T01:46:11,2025-03-10T01:55:27,150,270,245,15,12,300,15,5,0
signed-refit-input-v1,1,,proc/proc_skp_temp_scan_run1_130k_binned_NROW580_NBINROW1_NCOL3600_NBINCOL1_SC200000_vl-2.75_vh7.5_dtph18000_NPUMPS3000_2_181.fits,proc_skp_temp_scan_run1_130k_binned_NROW580_NBINROW1_NCOL3600_NBINCOL1_SC200000_vl-2.75_vh7.5_dtph18000_NPUMPS3000_2_181.fits,33477120,temp_scan_run1,130,18000,0.0012,181,2,3000,200000,-2.75,7.5,580,3600,1,1,4,0;1;2;3,580x3600;580x3600;580x3600;580x3600,2025-03-10T01:58:54,2025-03-10T02:08:10,150,270,245,15,12,300,15,5,0
signed-refit-input-v1,1,,proc/proc_skp_temp_scan_run1_130k_binned_NROW580_NBINROW1_NCOL3600_NBINCOL1_SC200000_vl-2.75_vh7.5_dtph28000_NPUMPS3000_2_182.fits,proc_skp_temp_scan_run1_130k_binned_NROW580_NBINROW1_NCOL3600_NBINCOL1_SC200000_vl-2.75_vh7.5_dtph28000_NPUMPS3000_2_182.fits,33477120,temp_scan_run1,130,28000,0.00186666666667,182,2,3000,200000,-2.75,7.5,580,3600,1,1,4,0;1;2;3,580x3600;580x3600;580x3600;580x3600,2025-03-10T02:12:09,2025-03-10T02:21:25,150,270,245,15,12,300,15,5,0
signed-refit-input-v1,1,,proc/proc_skp_temp_scan_run1_130k_binned_NROW580_NBINROW1_NCOL3600_NBINCOL1_SC200000_vl-2.75_vh7.5_dtph45000_NPUMPS3000_2_183.fits,proc_skp_temp_scan_run1_130k_binned_NROW580_NBINROW1_NCOL3600_NBINCOL1_SC200000_vl-2.75_vh7.5_dtph45000_NPUMPS3000_2_183.fits,33477120,temp_scan_run1,130,45000,0.003,183,2,3000,200000,-2.75,7.5,580,3600,1,1,4,0;1;2;3,580x3600;580x3600;580x3600;580x3600,2025-03-10T02:26:19,2025-03-10T02:35:35,150,270,245,15,12,300,15,5,0
signed-refit-input-v1,1,,proc/proc_skp_temp_scan_run1_130k_binned_NROW580_NBINROW1_NCOL3600_NBINCOL1_SC200000_vl-2.75_vh7.5_dtph70000_NPUMPS3000_2_184.fits,proc_skp_temp_scan_run1_130k_binned_NROW580_NBINROW1_NCOL3600_NBINCOL1_SC200000_vl-2.75_vh7.5_dtph70000_NPUMPS3000_2_184.fits,33477120,temp_scan_run1,130,70000,0.00466666666667,184,2,3000,200000,-2.75,7.5,580,3600,1,1,4,0;1;2;3,580x3600;580x3600;580x3600;580x3600,2025-03-10T02:41:49,2025-03-10T02:51:05,150,270,245,15,12,300,15,5,0
signed-refit-input-v1,1,,proc/proc_skp_temp_scan_run1_130k_binned_NROW580_NBINROW1_NCOL3600_NBINCOL1_SC200000_vl-2.75_vh7.5_dtph100000_NPUMPS3000_2_185.fits,proc_skp_temp_scan_run1_130k_binned_NROW580_NBINROW1_NCOL3600_NBINCOL1_SC200000_vl-2.75_vh7.5_dtph100000_NPUMPS3000_2_185.fits,33477120,temp_scan_run1,130,100000,0.00666666666667,185,2,3000,200000,-2.75,7.5,580,3600,1,1,4,0;1;2;3,580x3600;580x3600;580x3600;580x3600,2025-03-10T02:58:54,2025-03-10T03:08:10,150,270,245,15,12,300,15,5,0
signed-refit-input-v1,1,,proc/proc_skp_temp_scan_run1_130k_binned_NROW580_NBINROW1_NCOL3600_NBINCOL1_SC200000_vl-2.75_vh7.5_dtph170000_NPUMPS3000_2_186.fits,proc_skp_temp_scan_run1_130k_binned_NROW580_NBINROW1_NCOL3600_NBINCOL1_SC200000_vl-2.75_vh7.5_dtph170000_NPUMPS3000_2_186.fits,33477120,temp_scan_run1,130,170000,0.0113333333333,186,2,3000,200000,-2.75,7.5,580,3600,1,1,4,0;1;2;3,580x3600;580x3600;580x3600;580x3600,2025-03-10T03:19:44,2025-03-10T03:29:01,150,270,245,15,12,300,15,5,0
signed-refit-input-v1,1,,proc/proc_skp_temp_scan_run1_130k_binned_NROW580_NBINROW1_NCOL3600_NBINCOL1_SC200000_vl-2.75_vh7.5_dtph260000_NPUMPS3000_2_187.fits,proc_skp_temp_scan_run1_130k_binned_NROW580_NBINROW1_NCOL3600_NBINCOL1_SC200000_vl-2.75_vh7.5_dtph260000_NPUMPS3000_2_187.fits,33477120,temp_scan_run1,130,260000,0.0173333333333,187,2,3000,200000,-2.75,7.5,580,3600,1,1,4,0;1;2;3,580x3600;580x3600;580x3600;580x3600,2025-03-10T03:45:21,2025-03-10T03:54:38,150,270,245,15,12,300,15,5,0
signed-refit-input-v1,1,,proc/proc_skp_temp_scan_run1_130k_binned_NROW580_NBINROW1_NCOL3600_NBINCOL1_SC200000_vl-2.75_vh7.5_dtph400000_NPUMPS3000_2_188.fits,proc_skp_temp_scan_run1_130k_binned_NROW580_NBINROW1_NCOL3600_NBINCOL1_SC200000_vl-2.75_vh7.5_dtph400000_NPUMPS3000_2_188.fits,33477120,temp_scan_run1,130,400000,0.0266666666667,188,2,3000,200000,-2.75,7.5,580,3600,1,1,4,0;1;2;3,580x3600;580x3600;580x3600;580x3600,2025-03-10T04:18:27,2025-03-10T04:27:43,150,270,245,15,12,300,15,5,0
signed-refit-input-v1,1,,proc/proc_skp_temp_scan_run1_130k_binned_NROW580_NBINROW1_NCOL3600_NBINCOL1_SC200000_vl-2.75_vh7.5_dtph650000_NPUMPS3000_2_189.fits,proc_skp_temp_scan_run1_130k_binned_NROW580_NBINROW1_NCOL3600_NBINCOL1_SC200000_vl-2.75_vh7.5_dtph650000_NPUMPS3000_2_189.fits,33477120,temp_scan_run1,130,650000,0.0433333333333,189,2,3000,200000,-2.75,7.5,580,3600,1,1,4,0;1;2;3,580x3600;580x3600;580x3600;580x3600,2025-03-10T05:04:52,2025-03-10T05:14:08,150,270,245,15,12,300,15,5,0
signed-refit-input-v1,1,,proc/proc_skp_temp_scan_run1_130k_binned_NROW580_NBINROW1_NCOL3600_NBINCOL1_SC200000_vl-2.75_vh7.5_dtph1000000_NPUMPS3000_2_190.fits,proc_skp_temp_scan_run1_130k_binned_NROW580_NBINROW1_NCOL3600_NBINCOL1_SC200000_vl-2.75_vh7.5_dtph1000000_NPUMPS3000_2_190.fits,33477120,temp_scan_run1,130,1000000,0.0666666666667,190,2,3000,200000,-2.75,7.5,580,3600,1,1,4,0;1;2;3,580x3600;580x3600;580x3600;580x3600,2025-03-10T06:09:57,2025-03-10T06:19:13,150,270,245,15,12,300,15,5,0
signed-refit-input-v1,1,,proc/proc_skp_temp_scan_run1_130k_binned_NROW580_NBINROW1_NCOL3600_NBINCOL1_SC200000_vl-2.75_vh7.5_dtph1500000_NPUMPS3000_2_191.fits,proc_skp_temp_scan_run1_130k_binned_NROW580_NBINROW1_NCOL3600_NBINCOL1_SC200000_vl-2.75_vh7.5_dtph1500000_NPUMPS3000_2_191.fits,33477120,temp_scan_run1,130,1500000,0.1,191,2,3000,200000,-2.75,7.5,580,3600,1,1,4,0;1;2;3,580x3600;580x3600;580x3600;580x3600,2025-03-10T07:41:42,2025-03-10T07:50:59,150,270,245,15,12,300,15,5,0
signed-refit-input-v1,1,,proc/proc_skp_temp_scan_run1_130k_binned_NROW580_NBINROW1_NCOL3600_NBINCOL1_SC200000_vl-2.75_vh7.5_dtph2500000_NPUMPS3000_2_192.fits,proc_skp_temp_scan_run1_130k_binned_NROW580_NBINROW1_NCOL3600_NBINCOL1_SC200000_vl-2.75_vh7.5_dtph2500000_NPUMPS3000_2_192.fits,33477120,temp_scan_run1,130,2500000,0.166666666667,192,2,3000,200000,-2.75,7.5,580,3600,1,1,4,0;1;2;3,580x3600;580x3600;580x3600;580x3600,2025-03-10T10:06:47,2025-03-10T10:16:04,150,270,245,15,12,300,15,5,0
signed-refit-input-v1,1,,proc/proc_skp_temp_scan_run1_135k_binned_NROW580_NBINROW1_NCOL3600_NBINCOL1_SC200000_vl-2.75_vh7.5_dtph750_NPUMPS3000_2_156.fits,proc_skp_temp_scan_run1_135k_binned_NROW580_NBINROW1_NCOL3600_NBINCOL1_SC200000_vl-2.75_vh7.5_dtph750_NPUMPS3000_2_156.fits,33477120,temp_scan_run1,135,750,5e-05,156,2,3000,200000,-2.75,7.5,580,3600,1,1,4,0;1;2;3,580x3600;580x3600;580x3600;580x3600,2025-03-09T11:32:32,2025-03-09T11:41:49,150,270,245,15,12,300,15,5,0
signed-refit-input-v1,1,,proc/proc_skp_temp_scan_run1_135k_binned_NROW580_NBINROW1_NCOL3600_NBINCOL1_SC200000_vl-2.75_vh7.5_dtph1200_NPUMPS3000_2_157.fits,proc_skp_temp_scan_run1_135k_binned_NROW580_NBINROW1_NCOL3600_NBINCOL1_SC200000_vl-2.75_vh7.5_dtph1200_NPUMPS3000_2_157.fits,33477120,temp_scan_run1,135,1200,8e-05,157,2,3000,200000,-2.75,7.5,580,3600,1,1,4,0;1;2;3,580x3600;580x3600;580x3600;580x3600,2025-03-09T11:44:21,2025-03-09T11:53:38,150,270,245,15,12,300,15,5,0
signed-refit-input-v1,1,,proc/proc_skp_temp_scan_run1_135k_binned_NROW580_NBINROW1_NCOL3600_NBINCOL1_SC200000_vl-2.75_vh7.5_dtph2000_NPUMPS3000_2_158.fits,proc_skp_temp_scan_run1_135k_binned_NROW580_NBINROW1_NCOL3600_NBINCOL1_SC200000_vl-2.75_vh7.5_dtph2000_NPUMPS3000_2_158.fits,33477120,temp_scan_run1,135,2000,0.000133333333333,158,2,3000,200000,-2.75,7.5,580,3600,1,1,4,0;1;2;3,580x3600;580x3600;580x3600;580x3600,2025-03-09T11:56:13,2025-03-09T12:05:29,150,270,245,15,12,300,15,5,0
signed-refit-input-v1,1,,proc/proc_skp_temp_scan_run1_135k_binned_NROW580_NBINROW1_NCOL3600_NBINCOL1_SC200000_vl-2.75_vh7.5_dtph3000_NPUMPS3000_2_159.fits,proc_skp_temp_scan_run1_135k_binned_NROW580_NBINROW1_NCOL3600_NBINCOL1_SC200000_vl-2.75_vh7.5_dtph3000_NPUMPS3000_2_159.fits,33477120,temp_scan_run1,135,3000,0.0002,159,2,3000,200000,-2.75,7.5,580,3600,1,1,4,0;1;2;3,580x3600;580x3600;580x3600;580x3600,2025-03-09T12:08:08,2025-03-09T12:17:24,150,270,245,15,12,300,15,5,0
signed-refit-input-v1,1,,proc/proc_skp_temp_scan_run1_135k_binned_NROW580_NBINROW1_NCOL3600_NBINCOL1_SC200000_vl-2.75_vh7.5_dtph5000_NPUMPS3000_2_160.fits,proc_skp_temp_scan_run1_135k_binned_NROW580_NBINROW1_NCOL3600_NBINCOL1_SC200000_vl-2.75_vh7.5_dtph5000_NPUMPS3000_2_160.fits,33477120,temp_scan_run1,135,5000,0.000333333333333,160,2,3000,200000,-2.75,7.5,580,3600,1,1,4,0;1;2;3,580x3600;580x3600;580x3600;580x3600,2025-03-09T12:20:09,2025-03-09T12:29:26,150,270,245,15,12,300,15,5,0
signed-refit-input-v1,1,,proc/proc_skp_temp_scan_run1_135k_binned_NROW580_NBINROW1_NCOL3600_NBINCOL1_SC200000_vl-2.75_vh7.5_dtph8000_NPUMPS3000_2_161.fits,proc_skp_temp_scan_run1_135k_binned_NROW580_NBINROW1_NCOL3600_NBINCOL1_SC200000_vl-2.75_vh7.5_dtph8000_NPUMPS3000_2_161.fits,33477120,temp_scan_run1,135,8000,0.000533333333333,161,2,3000,200000,-2.75,7.5,580,3600,1,1,4,0;1;2;3,580x3600;580x3600;580x3600;580x3600,2025-03-09T12:32:21,2025-03-09T12:41:37,150,270,245,15,12,300,15,5,0
signed-refit-input-v1,1,,proc/proc_skp_temp_scan_run1_135k_binned_NROW580_NBINROW1_NCOL3600_NBINCOL1_SC200000_vl-2.75_vh7.5_dtph18000_NPUMPS3000_2_162.fits,proc_skp_temp_scan_run1_135k_binned_NROW580_NBINROW1_NCOL3600_NBINCOL1_SC200000_vl-2.75_vh7.5_dtph18000_NPUMPS3000_2_162.fits,33477120,temp_scan_run1,135,18000,0.0012,162,2,3000,200000,-2.75,7.5,580,3600,1,1,4,0;1;2;3,580x3600;580x3600;580x3600;580x3600,2025-03-09T12:45:05,2025-03-09T12:54:21,150,270,245,15,12,300,15,5,0
signed-refit-input-v1,1,,proc/proc_skp_temp_scan_run1_135k_binned_NROW580_NBINROW1_NCOL3600_NBINCOL1_SC200000_vl-2.75_vh7.5_dtph28000_NPUMPS3000_2_163.fits,proc_skp_temp_scan_run1_135k_binned_NROW580_NBINROW1_NCOL3600_NBINCOL1_SC200000_vl-2.75_vh7.5_dtph28000_NPUMPS3000_2_163.fits,33477120,temp_scan_run1,135,28000,0.00186666666667,163,2,3000,200000,-2.75,7.5,580,3600,1,1,4,0;1;2;3,580x3600;580x3600;580x3600;580x3600,2025-03-09T12:58:20,2025-03-09T13:07:36,150,270,245,15,12,300,15,5,0
signed-refit-input-v1,1,,proc/proc_skp_temp_scan_run1_135k_binned_NROW580_NBINROW1_NCOL3600_NBINCOL1_SC200000_vl-2.75_vh7.5_dtph45000_NPUMPS3000_2_164.fits,proc_skp_temp_scan_run1_135k_binned_NROW580_NBINROW1_NCOL3600_NBINCOL1_SC200000_vl-2.75_vh7.5_dtph45000_NPUMPS3000_2_164.fits,33477120,temp_scan_run1,135,45000,0.003,164,2,3000,200000,-2.75,7.5,580,3600,1,1,4,0;1;2;3,580x3600;580x3600;580x3600;580x3600,2025-03-09T13:12:29,2025-03-09T13:21:46,150,270,245,15,12,300,15,5,0
signed-refit-input-v1,1,,proc/proc_skp_temp_scan_run1_135k_binned_NROW580_NBINROW1_NCOL3600_NBINCOL1_SC200000_vl-2.75_vh7.5_dtph70000_NPUMPS3000_2_165.fits,proc_skp_temp_scan_run1_135k_binned_NROW580_NBINROW1_NCOL3600_NBINCOL1_SC200000_vl-2.75_vh7.5_dtph70000_NPUMPS3000_2_165.fits,33477120,temp_scan_run1,135,70000,0.00466666666667,165,2,3000,200000,-2.75,7.5,580,3600,1,1,4,0;1;2;3,580x3600;580x3600;580x3600;580x3600,2025-03-09T13:28:00,2025-03-09T13:37:16,150,270,245,15,12,300,15,5,0
signed-refit-input-v1,1,,proc/proc_skp_temp_scan_run1_135k_binned_NROW580_NBINROW1_NCOL3600_NBINCOL1_SC200000_vl-2.75_vh7.5_dtph100000_NPUMPS3000_2_166.fits,proc_skp_temp_scan_run1_135k_binned_NROW580_NBINROW1_NCOL3600_NBINCOL1_SC200000_vl-2.75_vh7.5_dtph100000_NPUMPS3000_2_166.fits,33477120,temp_scan_run1,135,100000,0.00666666666667,166,2,3000,200000,-2.75,7.5,580,3600,1,1,4,0;1;2;3,580x3600;580x3600;580x3600;580x3600,2025-03-09T13:45:05,2025-03-09T13:54:21,150,270,245,15,12,300,15,5,0
signed-refit-input-v1,1,,proc/proc_skp_temp_scan_run1_135k_binned_NROW580_NBINROW1_NCOL3600_NBINCOL1_SC200000_vl-2.75_vh7.5_dtph170000_NPUMPS3000_2_167.fits,proc_skp_temp_scan_run1_135k_binned_NROW580_NBINROW1_NCOL3600_NBINCOL1_SC200000_vl-2.75_vh7.5_dtph170000_NPUMPS3000_2_167.fits,33477120,temp_scan_run1,135,170000,0.0113333333333,167,2,3000,200000,-2.75,7.5,580,3600,1,1,4,0;1;2;3,580x3600;580x3600;580x3600;580x3600,2025-03-09T14:05:55,2025-03-09T14:15:11,150,270,245,15,12,300,15,5,0
signed-refit-input-v1,1,,proc/proc_skp_temp_scan_run1_135k_binned_NROW580_NBINROW1_NCOL3600_NBINCOL1_SC200000_vl-2.75_vh7.5_dtph260000_NPUMPS3000_2_168.fits,proc_skp_temp_scan_run1_135k_binned_NROW580_NBINROW1_NCOL3600_NBINCOL1_SC200000_vl-2.75_vh7.5_dtph260000_NPUMPS3000_2_168.fits,33477120,temp_scan_run1,135,260000,0.0173333333333,168,2,3000,200000,-2.75,7.5,580,3600,1,1,4,0;1;2;3,580x3600;580x3600;580x3600;580x3600,2025-03-09T14:31:32,2025-03-09T14:40:49,150,270,245,15,12,300,15,5,0
signed-refit-input-v1,1,,proc/proc_skp_temp_scan_run1_135k_binned_NROW580_NBINROW1_NCOL3600_NBINCOL1_SC200000_vl-2.75_vh7.5_dtph400000_NPUMPS3000_2_169.fits,proc_skp_temp_scan_run1_135k_binned_NROW580_NBINROW1_NCOL3600_NBINCOL1_SC200000_vl-2.75_vh7.5_dtph400000_NPUMPS3000_2_169.fits,33477120,temp_scan_run1,135,400000,0.0266666666667,169,2,3000,200000,-2.75,7.5,580,3600,1,1,4,0;1;2;3,580x3600;580x3600;580x3600;580x3600,2025-03-09T15:04:38,2025-03-09T15:13:55,150,270,245,15,12,300,15,5,0
signed-refit-input-v1,1,,proc/proc_skp_temp_scan_run1_135k_binned_NROW580_NBINROW1_NCOL3600_NBINCOL1_SC200000_vl-2.75_vh7.5_dtph650000_NPUMPS3000_2_170.fits,proc_skp_temp_scan_run1_135k_binned_NROW580_NBINROW1_NCOL3600_NBINCOL1_SC200000_vl-2.75_vh7.5_dtph650000_NPUMPS3000_2_170.fits,33477120,temp_scan_run1,135,650000,0.0433333333333,170,2,3000,200000,-2.75,7.5,580,3600,1,1,4,0;1;2;3,580x3600;580x3600;580x3600;580x3600,2025-03-09T15:51:04,2025-03-09T16:00:20,150,270,245,15,12,300,15,5,0
signed-refit-input-v1,1,,proc/proc_skp_temp_scan_run1_135k_binned_NROW580_NBINROW1_NCOL3600_NBINCOL1_SC200000_vl-2.75_vh7.5_dtph1000000_NPUMPS3000_2_171.fits,proc_skp_temp_scan_run1_135k_binned_NROW580_NBINROW1_NCOL3600_NBINCOL1_SC200000_vl-2.75_vh7.5_dtph1000000_NPUMPS3000_2_171.fits,33477120,temp_scan_run1,135,1000000,0.0666666666667,171,2,3000,200000,-2.75,7.5,580,3600,1,1,4,0;1;2;3,580x3600;580x3600;580x3600;580x3600,2025-03-09T16:56:10,2025-03-09T17:05:26,150,270,245,15,12,300,15,5,0
signed-refit-input-v1,1,,proc/proc_skp_temp_scan_run1_135k_binned_NROW580_NBINROW1_NCOL3600_NBINCOL1_SC200000_vl-2.75_vh7.5_dtph1500000_NPUMPS3000_2_172.fits,proc_skp_temp_scan_run1_135k_binned_NROW580_NBINROW1_NCOL3600_NBINCOL1_SC200000_vl-2.75_vh7.5_dtph1500000_NPUMPS3000_2_172.fits,33477120,temp_scan_run1,135,1500000,0.1,172,2,3000,200000,-2.75,7.5,580,3600,1,1,4,0;1;2;3,580x3600;580x3600;580x3600;580x3600,2025-03-09T18:27:55,2025-03-09T18:37:11,150,270,245,15,12,300,15,5,0
signed-refit-input-v1,1,,proc/proc_skp_temp_scan_run1_135k_binned_NROW580_NBINROW1_NCOL3600_NBINCOL1_SC200000_vl-2.75_vh7.5_dtph2500000_NPUMPS3000_2_173.fits,proc_skp_temp_scan_run1_135k_binned_NROW580_NBINROW1_NCOL3600_NBINCOL1_SC200000_vl-2.75_vh7.5_dtph2500000_NPUMPS3000_2_173.fits,33477120,temp_scan_run1,135,2500000,0.166666666667,173,2,3000,200000,-2.75,7.5,580,3600,1,1,4,0;1;2;3,580x3600;580x3600;580x3600;580x3600,2025-03-09T20:53:01,2025-03-09T21:02:17,150,270,245,15,12,300,15,5,0
signed-refit-input-v1,1,,proc/proc_skp_temp_scan_run1_140k_binned_NROW580_NBINROW1_NCOL3600_NBINCOL1_SC200000_vl-2.75_vh7.5_dtph750_NPUMPS3000_2_137.fits,proc_skp_temp_scan_run1_140k_binned_NROW580_NBINROW1_NCOL3600_NBINCOL1_SC200000_vl-2.75_vh7.5_dtph750_NPUMPS3000_2_137.fits,33477120,temp_scan_run1,140,750,5e-05,137,2,3000,200000,-2.75,7.5,580,3600,1,1,4,0;1;2;3,580x3600;580x3600;580x3600;580x3600,2025-03-08T22:18:49,2025-03-08T22:28:06,150,270,245,15,12,300,15,5,0
signed-refit-input-v1,1,,proc/proc_skp_temp_scan_run1_140k_binned_NROW580_NBINROW1_NCOL3600_NBINCOL1_SC200000_vl-2.75_vh7.5_dtph1200_NPUMPS3000_2_138.fits,proc_skp_temp_scan_run1_140k_binned_NROW580_NBINROW1_NCOL3600_NBINCOL1_SC200000_vl-2.75_vh7.5_dtph1200_NPUMPS3000_2_138.fits,33477120,temp_scan_run1,140,1200,8e-05,138,2,3000,200000,-2.75,7.5,580,3600,1,1,4,0;1;2;3,580x3600;580x3600;580x3600;580x3600,2025-03-08T22:30:39,2025-03-08T22:39:55,150,270,245,15,12,300,15,5,0
signed-refit-input-v1,1,,proc/proc_skp_temp_scan_run1_140k_binned_NROW580_NBINROW1_NCOL3600_NBINCOL1_SC200000_vl-2.75_vh7.5_dtph2000_NPUMPS3000_2_139.fits,proc_skp_temp_scan_run1_140k_binned_NROW580_NBINROW1_NCOL3600_NBINCOL1_SC200000_vl-2.75_vh7.5_dtph2000_NPUMPS3000_2_139.fits,33477120,temp_scan_run1,140,2000,0.000133333333333,139,2,3000,200000,-2.75,7.5,580,3600,1,1,4,0;1;2;3,580x3600;580x3600;580x3600;580x3600,2025-03-08T22:42:30,2025-03-08T22:51:47,150,270,245,15,12,300,15,5,0
signed-refit-input-v1,1,,proc/proc_skp_temp_scan_run1_140k_binned_NROW580_NBINROW1_NCOL3600_NBINCOL1_SC200000_vl-2.75_vh7.5_dtph3000_NPUMPS3000_2_140.fits,proc_skp_temp_scan_run1_140k_binned_NROW580_NBINROW1_NCOL3600_NBINCOL1_SC200000_vl-2.75_vh7.5_dtph3000_NPUMPS3000_2_140.fits,33477120,temp_scan_run1,140,3000,0.0002,140,2,3000,200000,-2.75,7.5,580,3600,1,1,4,0;1;2;3,580x3600;580x3600;580x3600;580x3600,2025-03-08T22:54:25,2025-03-08T23:03:41,150,270,245,15,12,300,15,5,0
signed-refit-input-v1,1,,proc/proc_skp_temp_scan_run1_140k_binned_NROW580_NBINROW1_NCOL3600_NBINCOL1_SC200000_vl-2.75_vh7.5_dtph5000_NPUMPS3000_2_141.fits,proc_skp_temp_scan_run1_140k_binned_NROW580_NBINROW1_NCOL3600_NBINCOL1_SC200000_vl-2.75_vh7.5_dtph5000_NPUMPS3000_2_141.fits,33477120,temp_scan_run1,140,5000,0.000333333333333,141,2,3000,200000,-2.75,7.5,580,3600,1,1,4,0;1;2;3,580x3600;580x3600;580x3600;580x3600,2025-03-08T23:06:26,2025-03-08T23:15:43,150,270,245,15,12,300,15,5,0
signed-refit-input-v1,1,,proc/proc_skp_temp_scan_run1_140k_binned_NROW580_NBINROW1_NCOL3600_NBINCOL1_SC200000_vl-2.75_vh7.5_dtph8000_NPUMPS3000_2_142.fits,proc_skp_temp_scan_run1_140k_binned_NROW580_NBINROW1_NCOL3600_NBINCOL1_SC200000_vl-2.75_vh7.5_dtph8000_NPUMPS3000_2_142.fits,33477120,temp_scan_run1,140,8000,0.000533333333333,142,2,3000,200000,-2.75,7.5,580,3600,1,1,4,0;1;2;3,580x3600;580x3600;580x3600;580x3600,2025-03-08T23:18:37,2025-03-08T23:27:54,150,270,245,15,12,300,15,5,0
signed-refit-input-v1,1,,proc/proc_skp_temp_scan_run1_140k_binned_NROW580_NBINROW1_NCOL3600_NBINCOL1_SC200000_vl-2.75_vh7.5_dtph18000_NPUMPS3000_2_143.fits,proc_skp_temp_scan_run1_140k_binned_NROW580_NBINROW1_NCOL3600_NBINCOL1_SC200000_vl-2.75_vh7.5_dtph18000_NPUMPS3000_2_143.fits,33477120,temp_scan_run1,140,18000,0.0012,143,2,3000,200000,-2.75,7.5,580,3600,1,1,4,0;1;2;3,580x3600;580x3600;580x3600;580x3600,2025-03-08T23:31:20,2025-03-08T23:40:37,150,270,245,15,12,300,15,5,0
signed-refit-input-v1,1,,proc/proc_skp_temp_scan_run1_140k_binned_NROW580_NBINROW1_NCOL3600_NBINCOL1_SC200000_vl-2.75_vh7.5_dtph28000_NPUMPS3000_2_144.fits,proc_skp_temp_scan_run1_140k_binned_NROW580_NBINROW1_NCOL3600_NBINCOL1_SC200000_vl-2.75_vh7.5_dtph28000_NPUMPS3000_2_144.fits,33477120,temp_scan_run1,140,28000,0.00186666666667,144,2,3000,200000,-2.75,7.5,580,3600,1,1,4,0;1;2;3,580x3600;580x3600;580x3600;580x3600,2025-03-08T23:44:35,2025-03-08T23:53:52,150,270,245,15,12,300,15,5,0
signed-refit-input-v1,1,,proc/proc_skp_temp_scan_run1_140k_binned_NROW580_NBINROW1_NCOL3600_NBINCOL1_SC200000_vl-2.75_vh7.5_dtph45000_NPUMPS3000_2_145.fits,proc_skp_temp_scan_run1_140k_binned_NROW580_NBINROW1_NCOL3600_NBINCOL1_SC200000_vl-2.75_vh7.5_dtph45000_NPUMPS3000_2_145.fits,33477120,temp_scan_run1,140,45000,0.003,145,2,3000,200000,-2.75,7.5,580,3600,1,1,4,0;1;2;3,580x3600;580x3600;580x3600;580x3600,2025-03-08T23:58:44,2025-03-09T00:08:01,150,270,245,15,12,300,15,5,0
signed-refit-input-v1,1,,proc/proc_skp_temp_scan_run1_140k_binned_NROW580_NBINROW1_NCOL3600_NBINCOL1_SC200000_vl-2.75_vh7.5_dtph70000_NPUMPS3000_2_146.fits,proc_skp_temp_scan_run1_140k_binned_NROW580_NBINROW1_NCOL3600_NBINCOL1_SC200000_vl-2.75_vh7.5_dtph70000_NPUMPS3000_2_146.fits,33477120,temp_scan_run1,140,70000,0.00466666666667,146,2,3000,200000,-2.75,7.5,580,3600,1,1,4,0;1;2;3,580x3600;580x3600;580x3600;580x3600,2025-03-09T00:14:14,2025-03-09T00:23:30,150,270,245,15,12,300,15,5,0
signed-refit-input-v1,1,,proc/proc_skp_temp_scan_run1_140k_binned_NROW580_NBINROW1_NCOL3600_NBINCOL1_SC200000_vl-2.75_vh7.5_dtph100000_NPUMPS3000_2_147.fits,proc_skp_temp_scan_run1_140k_binned_NROW580_NBINROW1_NCOL3600_NBINCOL1_SC200000_vl-2.75_vh7.5_dtph100000_NPUMPS3000_2_147.fits,33477120,temp_scan_run1,140,100000,0.00666666666667,147,2,3000,200000,-2.75,7.5,580,3600,1,1,4,0;1;2;3,580x3600;580x3600;580x3600;580x3600,2025-03-09T00:31:19,2025-03-09T00:40:35,150,270,245,15,12,300,15,5,0
signed-refit-input-v1,1,,proc/proc_skp_temp_scan_run1_140k_binned_NROW580_NBINROW1_NCOL3600_NBINCOL1_SC200000_vl-2.75_vh7.5_dtph170000_NPUMPS3000_2_148.fits,proc_skp_temp_scan_run1_140k_binned_NROW580_NBINROW1_NCOL3600_NBINCOL1_SC200000_vl-2.75_vh7.5_dtph170000_NPUMPS3000_2_148.fits,33477120,temp_scan_run1,140,170000,0.0113333333333,148,2,3000,200000,-2.75,7.5,580,3600,1,1,4,0;1;2;3,580x3600;580x3600;580x3600;580x3600,2025-03-09T00:52:08,2025-03-09T01:01:24,150,270,245,15,12,300,15,5,0
signed-refit-input-v1,1,,proc/proc_skp_temp_scan_run1_140k_binned_NROW580_NBINROW1_NCOL3600_NBINCOL1_SC200000_vl-2.75_vh7.5_dtph260000_NPUMPS3000_2_149.fits,proc_skp_temp_scan_run1_140k_binned_NROW580_NBINROW1_NCOL3600_NBINCOL1_SC200000_vl-2.75_vh7.5_dtph260000_NPUMPS3000_2_149.fits,33477120,temp_scan_run1,140,260000,0.0173333333333,149,2,3000,200000,-2.75,7.5,580,3600,1,1,4,0;1;2;3,580x3600;580x3600;580x3600;580x3600,2025-03-09T01:17:45,2025-03-09T01:27:02,150,270,245,15,12,300,15,5,0
signed-refit-input-v1,1,,proc/proc_skp_temp_scan_run1_140k_binned_NROW580_NBINROW1_NCOL3600_NBINCOL1_SC200000_vl-2.75_vh7.5_dtph400000_NPUMPS3000_2_150.fits,proc_skp_temp_scan_run1_140k_binned_NROW580_NBINROW1_NCOL3600_NBINCOL1_SC200000_vl-2.75_vh7.5_dtph400000_NPUMPS3000_2_150.fits,33477120,temp_scan_run1,140,400000,0.0266666666667,150,2,3000,200000,-2.75,7.5,580,3600,1,1,4,0;1;2;3,580x3600;580x3600;580x3600;580x3600,2025-03-09T01:50:51,2025-03-09T02:00:07,150,270,245,15,12,300,15,5,0
signed-refit-input-v1,1,,proc/proc_skp_temp_scan_run1_140k_binned_NROW580_NBINROW1_NCOL3600_NBINCOL1_SC200000_vl-2.75_vh7.5_dtph650000_NPUMPS3000_2_151.fits,proc_skp_temp_scan_run1_140k_binned_NROW580_NBINROW1_NCOL3600_NBINCOL1_SC200000_vl-2.75_vh7.5_dtph650000_NPUMPS3000_2_151.fits,33477120,temp_scan_run1,140,650000,0.0433333333333,151,2,3000,200000,-2.75,7.5,580,3600,1,1,4,0;1;2;3,580x3600;580x3600;580x3600;580x3600,2025-03-09T02:37:16,2025-03-09T02:46:32,150,270,245,15,12,300,15,5,0
signed-refit-input-v1,1,,proc/proc_skp_temp_scan_run1_140k_binned_NROW580_NBINROW1_NCOL3600_NBINCOL1_SC200000_vl-2.75_vh7.5_dtph1000000_NPUMPS3000_2_152.fits,proc_skp_temp_scan_run1_140k_binned_NROW580_NBINROW1_NCOL3600_NBINCOL1_SC200000_vl-2.75_vh7.5_dtph1000000_NPUMPS3000_2_152.fits,33477120,temp_scan_run1,140,1000000,0.0666666666667,152,2,3000,200000,-2.75,7.5,580,3600,1,1,4,0;1;2;3,580x3600;580x3600;580x3600;580x3600,2025-03-09T03:42:21,2025-03-09T03:51:37,150,270,245,15,12,300,15,5,0
signed-refit-input-v1,1,,proc/proc_skp_temp_scan_run1_140k_binned_NROW580_NBINROW1_NCOL3600_NBINCOL1_SC200000_vl-2.75_vh7.5_dtph1500000_NPUMPS3000_2_153.fits,proc_skp_temp_scan_run1_140k_binned_NROW580_NBINROW1_NCOL3600_NBINCOL1_SC200000_vl-2.75_vh7.5_dtph1500000_NPUMPS3000_2_153.fits,33477120,temp_scan_run1,140,1500000,0.1,153,2,3000,200000,-2.75,7.5,580,3600,1,1,4,0;1;2;3,580x3600;580x3600;580x3600;580x3600,2025-03-09T05:14:06,2025-03-09T05:23:23,150,270,245,15,12,300,15,5,0
signed-refit-input-v1,1,,proc/proc_skp_temp_scan_run1_140k_binned_NROW580_NBINROW1_NCOL3600_NBINCOL1_SC200000_vl-2.75_vh7.5_dtph2500000_NPUMPS3000_2_154.fits,proc_skp_temp_scan_run1_140k_binned_NROW580_NBINROW1_NCOL3600_NBINCOL1_SC200000_vl-2.75_vh7.5_dtph2500000_NPUMPS3000_2_154.fits,33477120,temp_scan_run1,140,2500000,0.166666666667,154,2,3000,200000,-2.75,7.5,580,3600,1,1,4,0;1;2;3,580x3600;580x3600;580x3600;580x3600,2025-03-09T07:39:12,2025-03-09T07:48:28,150,270,245,15,12,300,15,5,0
signed-refit-input-v1,1,,proc/proc_skp_temp_scan_run1_145k_binned_NROW580_NBINROW1_NCOL3600_NBINCOL1_SC200000_vl-2.75_vh7.5_dtph750_NPUMPS3000_2_118.fits,proc_skp_temp_scan_run1_145k_binned_NROW580_NBINROW1_NCOL3600_NBINCOL1_SC200000_vl-2.75_vh7.5_dtph750_NPUMPS3000_2_118.fits,33477120,temp_scan_run1,145,750,5e-05,118,2,3000,200000,-2.75,7.5,580,3600,1,1,4,0;1;2;3,580x3600;580x3600;580x3600;580x3600,2025-03-08T09:04:56,2025-03-08T09:14:12,150,270,245,15,12,300,15,5,0
signed-refit-input-v1,1,,proc/proc_skp_temp_scan_run1_145k_binned_NROW580_NBINROW1_NCOL3600_NBINCOL1_SC200000_vl-2.75_vh7.5_dtph1200_NPUMPS3000_2_119.fits,proc_skp_temp_scan_run1_145k_binned_NROW580_NBINROW1_NCOL3600_NBINCOL1_SC200000_vl-2.75_vh7.5_dtph1200_NPUMPS3000_2_119.fits,33477120,temp_scan_run1,145,1200,8e-05,119,2,3000,200000,-2.75,7.5,580,3600,1,1,4,0;1;2;3,580x3600;580x3600;580x3600;580x3600,2025-03-08T09:16:46,2025-03-08T09:26:02,150,270,245,15,12,300,15,5,0
signed-refit-input-v1,1,,proc/proc_skp_temp_scan_run1_145k_binned_NROW580_NBINROW1_NCOL3600_NBINCOL1_SC200000_vl-2.75_vh7.5_dtph2000_NPUMPS3000_2_120.fits,proc_skp_temp_scan_run1_145k_binned_NROW580_NBINROW1_NCOL3600_NBINCOL1_SC200000_vl-2.75_vh7.5_dtph2000_NPUMPS3000_2_120.fits,33477120,temp_scan_run1,145,2000,0.000133333333333,120,2,3000,200000,-2.75,7.5,580,3600,1,1,4,0;1;2;3,580x3600;580x3600;580x3600;580x3600,2025-03-08T09:28:38,2025-03-08T09:37:55,150,270,245,15,12,300,15,5,0
signed-refit-input-v1,1,,proc/proc_skp_temp_scan_run1_145k_binned_NROW580_NBINROW1_NCOL3600_NBINCOL1_SC200000_vl-2.75_vh7.5_dtph3000_NPUMPS3000_2_121.fits,proc_skp_temp_scan_run1_145k_binned_NROW580_NBINROW1_NCOL3600_NBINCOL1_SC200000_vl-2.75_vh7.5_dtph3000_NPUMPS3000_2_121.fits,33477120,temp_scan_run1,145,3000,0.0002,121,2,3000,200000,-2.75,7.5,580,3600,1,1,4,0;1;2;3,580x3600;580x3600;580x3600;580x3600,2025-03-08T09:40:33,2025-03-08T09:49:50,150,270,245,15,12,300,15,5,0
signed-refit-input-v1,1,,proc/proc_skp_temp_scan_run1_145k_binned_NROW580_NBINROW1_NCOL3600_NBINCOL1_SC200000_vl-2.75_vh7.5_dtph5000_NPUMPS3000_2_122.fits,proc_skp_temp_scan_run1_145k_binned_NROW580_NBINROW1_NCOL3600_NBINCOL1_SC200000_vl-2.75_vh7.5_dtph5000_NPUMPS3000_2_122.fits,33477120,temp_scan_run1,145,5000,0.000333333333333,122,2,3000,200000,-2.75,7.5,580,3600,1,1,4,0;1;2;3,580x3600;580x3600;580x3600;580x3600,2025-03-08T09:52:35,2025-03-08T10:01:51,150,270,245,15,12,300,15,5,0
signed-refit-input-v1,1,,proc/proc_skp_temp_scan_run1_145k_binned_NROW580_NBINROW1_NCOL3600_NBINCOL1_SC200000_vl-2.75_vh7.5_dtph8000_NPUMPS3000_2_123.fits,proc_skp_temp_scan_run1_145k_binned_NROW580_NBINROW1_NCOL3600_NBINCOL1_SC200000_vl-2.75_vh7.5_dtph8000_NPUMPS3000_2_123.fits,33477120,temp_scan_run1,145,8000,0.000533333333333,123,2,3000,200000,-2.75,7.5,580,3600,1,1,4,0;1;2;3,580x3600;580x3600;580x3600;580x3600,2025-03-08T10:04:47,2025-03-08T10:14:03,150,270,245,15,12,300,15,5,0
signed-refit-input-v1,1,,proc/proc_skp_temp_scan_run1_145k_binned_NROW580_NBINROW1_NCOL3600_NBINCOL1_SC200000_vl-2.75_vh7.5_dtph18000_NPUMPS3000_2_124.fits,proc_skp_temp_scan_run1_145k_binned_NROW580_NBINROW1_NCOL3600_NBINCOL1_SC200000_vl-2.75_vh7.5_dtph18000_NPUMPS3000_2_124.fits,33477120,temp_scan_run1,145,18000,0.0012,124,2,3000,200000,-2.75,7.5,580,3600,1,1,4,0;1;2;3,580x3600;580x3600;580x3600;580x3600,2025-03-08T10:17:29,2025-03-08T10:26:46,150,270,245,15,12,300,15,5,0
signed-refit-input-v1,1,,proc/proc_skp_temp_scan_run1_145k_binned_NROW580_NBINROW1_NCOL3600_NBINCOL1_SC200000_vl-2.75_vh7.5_dtph28000_NPUMPS3000_2_125.fits,proc_skp_temp_scan_run1_145k_binned_NROW580_NBINROW1_NCOL3600_NBINCOL1_SC200000_vl-2.75_vh7.5_dtph28000_NPUMPS3000_2_125.fits,33477120,temp_scan_run1,145,28000,0.00186666666667,125,2,3000,200000,-2.75,7.5,580,3600,1,1,4,0;1;2;3,580x3600;580x3600;580x3600;580x3600,2025-03-08T10:30:45,2025-03-08T10:40:01,150,270,245,15,12,300,15,5,0
signed-refit-input-v1,1,,proc/proc_skp_temp_scan_run1_145k_binned_NROW580_NBINROW1_NCOL3600_NBINCOL1_SC200000_vl-2.75_vh7.5_dtph45000_NPUMPS3000_2_126.fits,proc_skp_temp_scan_run1_145k_binned_NROW580_NBINROW1_NCOL3600_NBINCOL1_SC200000_vl-2.75_vh7.5_dtph45000_NPUMPS3000_2_126.fits,33477120,temp_scan_run1,145,45000,0.003,126,2,3000,200000,-2.75,7.5,580,3600,1,1,4,0;1;2;3,580x3600;580x3600;580x3600;580x3600,2025-03-08T10:44:55,2025-03-08T10:54:11,150,270,245,15,12,300,15,5,0
signed-refit-input-v1,1,,proc/proc_skp_temp_scan_run1_145k_binned_NROW580_NBINROW1_NCOL3600_NBINCOL1_SC200000_vl-2.75_vh7.5_dtph70000_NPUMPS3000_2_127.fits,proc_skp_temp_scan_run1_145k_binned_NROW580_NBINROW1_NCOL3600_NBINCOL1_SC200000_vl-2.75_vh7.5_dtph70000_NPUMPS3000_2_127.fits,33477120,temp_scan_run1,145,70000,0.00466666666667,127,2,3000,200000,-2.75,7.5,580,3600,1,1,4,0;1;2;3,580x3600;580x3600;580x3600;580x3600,2025-03-08T11:00:25,2025-03-08T11:09:41,150,270,245,15,12,300,15,5,0
signed-refit-input-v1,1,,proc/proc_skp_temp_scan_run1_145k_binned_NROW580_NBINROW1_NCOL3600_NBINCOL1_SC200000_vl-2.75_vh7.5_dtph100000_NPUMPS3000_2_128.fits,proc_skp_temp_scan_run1_145k_binned_NROW580_NBINROW1_NCOL3600_NBINCOL1_SC200000_vl-2.75_vh7.5_dtph100000_NPUMPS3000_2_128.fits,33477120,temp_scan_run1,145,100000,0.00666666666667,128,2,3000,200000,-2.75,7.5,580,3600,1,1,4,0;1;2;3,580x3600;580x3600;580x3600;580x3600,2025-03-08T11:17:31,2025-03-08T11:26:47,150,270,245,15,12,300,15,5,0
signed-refit-input-v1,1,,proc/proc_skp_temp_scan_run1_145k_binned_NROW580_NBINROW1_NCOL3600_NBINCOL1_SC200000_vl-2.75_vh7.5_dtph170000_NPUMPS3000_2_129.fits,proc_skp_temp_scan_run1_145k_binned_NROW580_NBINROW1_NCOL3600_NBINCOL1_SC200000_vl-2.75_vh7.5_dtph170000_NPUMPS3000_2_129.fits,33477120,temp_scan_run1,145,170000,0.0113333333333,129,2,3000,200000,-2.75,7.5,580,3600,1,1,4,0;1;2;3,580x3600;580x3600;580x3600;580x3600,2025-03-08T11:38:21,2025-03-08T11:47:37,150,270,245,15,12,300,15,5,0
signed-refit-input-v1,1,,proc/proc_skp_temp_scan_run1_145k_binned_NROW580_NBINROW1_NCOL3600_NBINCOL1_SC200000_vl-2.75_vh7.5_dtph260000_NPUMPS3000_2_130.fits,proc_skp_temp_scan_run1_145k_binned_NROW580_NBINROW1_NCOL3600_NBINCOL1_SC200000_vl-2.75_vh7.5_dtph260000_NPUMPS3000_2_130.fits,33477120,temp_scan_run1,145,260000,0.0173333333333,130,2,3000,200000,-2.75,7.5,580,3600,1,1,4,0;1;2;3,580x3600;580x3600;580x3600;580x3600,2025-03-08T12:03:59,2025-03-08T12:13:15,150,270,245,15,12,300,15,5,0
signed-refit-input-v1,1,,proc/proc_skp_temp_scan_run1_145k_binned_NROW580_NBINROW1_NCOL3600_NBINCOL1_SC200000_vl-2.75_vh7.5_dtph400000_NPUMPS3000_2_131.fits,proc_skp_temp_scan_run1_145k_binned_NROW580_NBINROW1_NCOL3600_NBINCOL1_SC200000_vl-2.75_vh7.5_dtph400000_NPUMPS3000_2_131.fits,33477120,temp_scan_run1,145,400000,0.0266666666667,131,2,3000,200000,-2.75,7.5,580,3600,1,1,4,0;1;2;3,580x3600;580x3600;580x3600;580x3600,2025-03-08T12:37:05,2025-03-08T12:46:21,150,270,245,15,12,300,15,5,0
signed-refit-input-v1,1,,proc/proc_skp_temp_scan_run1_145k_binned_NROW580_NBINROW1_NCOL3600_NBINCOL1_SC200000_vl-2.75_vh7.5_dtph650000_NPUMPS3000_2_132.fits,proc_skp_temp_scan_run1_145k_binned_NROW580_NBINROW1_NCOL3600_NBINCOL1_SC200000_vl-2.75_vh7.5_dtph650000_NPUMPS3000_2_132.fits,33477120,temp_scan_run1,145,650000,0.0433333333333,132,2,3000,200000,-2.75,7.5,580,3600,1,1,4,0;1;2;3,580x3600;580x3600;580x3600;580x3600,2025-03-08T13:23:30,2025-03-08T13:32:47,150,270,245,15,12,300,15,5,0
signed-refit-input-v1,1,,proc/proc_skp_temp_scan_run1_145k_binned_NROW580_NBINROW1_NCOL3600_NBINCOL1_SC200000_vl-2.75_vh7.5_dtph1000000_NPUMPS3000_2_133.fits,proc_skp_temp_scan_run1_145k_binned_NROW580_NBINROW1_NCOL3600_NBINCOL1_SC200000_vl-2.75_vh7.5_dtph1000000_NPUMPS3000_2_133.fits,33477120,temp_scan_run1,145,1000000,0.0666666666667,133,2,3000,200000,-2.75,7.5,580,3600,1,1,4,0;1;2;3,580x3600;580x3600;580x3600;580x3600,2025-03-08T14:28:36,2025-03-08T14:37:53,150,270,245,15,12,300,15,5,0
signed-refit-input-v1,1,,proc/proc_skp_temp_scan_run1_145k_binned_NROW580_NBINROW1_NCOL3600_NBINCOL1_SC200000_vl-2.75_vh7.5_dtph1500000_NPUMPS3000_2_134.fits,proc_skp_temp_scan_run1_145k_binned_NROW580_NBINROW1_NCOL3600_NBINCOL1_SC200000_vl-2.75_vh7.5_dtph1500000_NPUMPS3000_2_134.fits,33477120,temp_scan_run1,145,1500000,0.1,134,2,3000,200000,-2.75,7.5,580,3600,1,1,4,0;1;2;3,580x3600;580x3600;580x3600;580x3600,2025-03-08T16:00:23,2025-03-08T16:09:39,150,270,245,15,12,300,15,5,0
signed-refit-input-v1,1,,proc/proc_skp_temp_scan_run1_145k_binned_NROW580_NBINROW1_NCOL3600_NBINCOL1_SC200000_vl-2.75_vh7.5_dtph2500000_NPUMPS3000_2_135.fits,proc_skp_temp_scan_run1_145k_binned_NROW580_NBINROW1_NCOL3600_NBINCOL1_SC200000_vl-2.75_vh7.5_dtph2500000_NPUMPS3000_2_135.fits,33477120,temp_scan_run1,145,2500000,0.166666666667,135,2,3000,200000,-2.75,7.5,580,3600,1,1,4,0;1;2;3,580x3600;580x3600;580x3600;580x3600,2025-03-08T18:25:29,2025-03-08T18:34:45,150,270,245,15,12,300,15,5,0
signed-refit-input-v1,1,,proc/proc_skp_temp_scan_run1_150k_binned_NROW580_NBINROW1_NCOL3600_NBINCOL1_SC200000_vl-2.75_vh7.5_dtph750_NPUMPS3000_2_99.fits,proc_skp_temp_scan_run1_150k_binned_NROW580_NBINROW1_NCOL3600_NBINCOL1_SC200000_vl-2.75_vh7.5_dtph750_NPUMPS3000_2_99.fits,33477120,temp_scan_run1,150,750,5e-05,99,2,3000,200000,-2.75,7.5,580,3600,1,1,4,0;1;2;3,580x3600;580x3600;580x3600;580x3600,2025-03-07T19:51:15,2025-03-07T20:00:32,150,270,245,15,12,300,15,5,0
signed-refit-input-v1,1,,proc/proc_skp_temp_scan_run1_150k_binned_NROW580_NBINROW1_NCOL3600_NBINCOL1_SC200000_vl-2.75_vh7.5_dtph1200_NPUMPS3000_2_100.fits,proc_skp_temp_scan_run1_150k_binned_NROW580_NBINROW1_NCOL3600_NBINCOL1_SC200000_vl-2.75_vh7.5_dtph1200_NPUMPS3000_2_100.fits,33477120,temp_scan_run1,150,1200,8e-05,100,2,3000,200000,-2.75,7.5,580,3600,1,1,4,0;1;2;3,580x3600;580x3600;580x3600;580x3600,2025-03-07T20:03:05,2025-03-07T20:12:21,150,270,245,15,12,300,15,5,0
signed-refit-input-v1,1,,proc/proc_skp_temp_scan_run1_150k_binned_NROW580_NBINROW1_NCOL3600_NBINCOL1_SC200000_vl-2.75_vh7.5_dtph2000_NPUMPS3000_2_101.fits,proc_skp_temp_scan_run1_150k_binned_NROW580_NBINROW1_NCOL3600_NBINCOL1_SC200000_vl-2.75_vh7.5_dtph2000_NPUMPS3000_2_101.fits,33477120,temp_scan_run1,150,2000,0.000133333333333,101,2,3000,200000,-2.75,7.5,580,3600,1,1,4,0;1;2;3,580x3600;580x3600;580x3600;580x3600,2025-03-07T20:14:56,2025-03-07T20:24:12,150,270,245,15,12,300,15,5,0
signed-refit-input-v1,1,,proc/proc_skp_temp_scan_run1_150k_binned_NROW580_NBINROW1_NCOL3600_NBINCOL1_SC200000_vl-2.75_vh7.5_dtph3000_NPUMPS3000_2_102.fits,proc_skp_temp_scan_run1_150k_binned_NROW580_NBINROW1_NCOL3600_NBINCOL1_SC200000_vl-2.75_vh7.5_dtph3000_NPUMPS3000_2_102.fits,33477120,temp_scan_run1,150,3000,0.0002,102,2,3000,200000,-2.75,7.5,580,3600,1,1,4,0;1;2;3,580x3600;580x3600;580x3600;580x3600,2025-03-07T20:26:51,2025-03-07T20:36:07,150,270,245,15,12,300,15,5,0
signed-refit-input-v1,1,,proc/proc_skp_temp_scan_run1_150k_binned_NROW580_NBINROW1_NCOL3600_NBINCOL1_SC200000_vl-2.75_vh7.5_dtph5000_NPUMPS3000_2_103.fits,proc_skp_temp_scan_run1_150k_binned_NROW580_NBINROW1_NCOL3600_NBINCOL1_SC200000_vl-2.75_vh7.5_dtph5000_NPUMPS3000_2_103.fits,33477120,temp_scan_run1,150,5000,0.000333333333333,103,2,3000,200000,-2.75,7.5,580,3600,1,1,4,0;1;2;3,580x3600;580x3600;580x3600;580x3600,2025-03-07T20:38:52,2025-03-07T20:48:09,150,270,245,15,12,300,15,5,0
signed-refit-input-v1,1,,proc/proc_skp_temp_scan_run1_150k_binned_NROW580_NBINROW1_NCOL3600_NBINCOL1_SC200000_vl-2.75_vh7.5_dtph8000_NPUMPS3000_2_104.fits,proc_skp_temp_scan_run1_150k_binned_NROW580_NBINROW1_NCOL3600_NBINCOL1_SC200000_vl-2.75_vh7.5_dtph8000_NPUMPS3000_2_104.fits,33477120,temp_scan_run1,150,8000,0.000533333333333,104,2,3000,200000,-2.75,7.5,580,3600,1,1,4,0;1;2;3,580x3600;580x3600;580x3600;580x3600,2025-03-07T20:51:03,2025-03-07T21:00:19,150,270,245,15,12,300,15,5,0
signed-refit-input-v1,1,,proc/proc_skp_temp_scan_run1_150k_binned_NROW580_NBINROW1_NCOL3600_NBINCOL1_SC200000_vl-2.75_vh7.5_dtph18000_NPUMPS3000_2_105.fits,proc_skp_temp_scan_run1_150k_binned_NROW580_NBINROW1_NCOL3600_NBINCOL1_SC200000_vl-2.75_vh7.5_dtph18000_NPUMPS3000_2_105.fits,33477120,temp_scan_run1,150,18000,0.0012,105,2,3000,200000,-2.75,7.5,580,3600,1,1,4,0;1;2;3,580x3600;580x3600;580x3600;580x3600,2025-03-07T21:03:46,2025-03-07T21:13:02,150,270,245,15,12,300,15,5,0
signed-refit-input-v1,1,,proc/proc_skp_temp_scan_run1_150k_binned_NROW580_NBINROW1_NCOL3600_NBINCOL1_SC200000_vl-2.75_vh7.5_dtph28000_NPUMPS3000_2_106.fits,proc_skp_temp_scan_run1_150k_binned_NROW580_NBINROW1_NCOL3600_NBINCOL1_SC200000_vl-2.75_vh7.5_dtph28000_NPUMPS3000_2_106.fits,33477120,temp_scan_run1,150,28000,0.00186666666667,106,2,3000,200000,-2.75,7.5,580,3600,1,1,4,0;1;2;3,580x3600;580x3600;580x3600;580x3600,2025-03-07T21:17:01,2025-03-07T21:26:17,150,270,245,15,12,300,15,5,0
signed-refit-input-v1,1,,proc/proc_skp_temp_scan_run1_150k_binned_NROW580_NBINROW1_NCOL3600_NBINCOL1_SC200000_vl-2.75_vh7.5_dtph45000_NPUMPS3000_2_107.fits,proc_skp_temp_scan_run1_150k_binned_NROW580_NBINROW1_NCOL3600_NBINCOL1_SC200000_vl-2.75_vh7.5_dtph45000_NPUMPS3000_2_107.fits,33477120,temp_scan_run1,150,45000,0.003,107,2,3000,200000,-2.75,7.5,580,3600,1,1,4,0;1;2;3,580x3600;580x3600;580x3600;580x3600,2025-03-07T21:31:10,2025-03-07T21:40:26,150,270,245,15,12,300,15,5,0
signed-refit-input-v1,1,,proc/proc_skp_temp_scan_run1_150k_binned_NROW580_NBINROW1_NCOL3600_NBINCOL1_SC200000_vl-2.75_vh7.5_dtph70000_NPUMPS3000_2_108.fits,proc_skp_temp_scan_run1_150k_binned_NROW580_NBINROW1_NCOL3600_NBINCOL1_SC200000_vl-2.75_vh7.5_dtph70000_NPUMPS3000_2_108.fits,33477120,temp_scan_run1,150,70000,0.00466666666667,108,2,3000,200000,-2.75,7.5,580,3600,1,1,4,0;1;2;3,580x3600;580x3600;580x3600;580x3600,2025-03-07T21:46:39,2025-03-07T21:55:55,150,270,245,15,12,300,15,5,0
signed-refit-input-v1,1,,proc/proc_skp_temp_scan_run1_150k_binned_NROW580_NBINROW1_NCOL3600_NBINCOL1_SC200000_vl-2.75_vh7.5_dtph100000_NPUMPS3000_2_109.fits,proc_skp_temp_scan_run1_150k_binned_NROW580_NBINROW1_NCOL3600_NBINCOL1_SC200000_vl-2.75_vh7.5_dtph100000_NPUMPS3000_2_109.fits,33477120,temp_scan_run1,150,100000,0.00666666666667,109,2,3000,200000,-2.75,7.5,580,3600,1,1,4,0;1;2;3,580x3600;580x3600;580x3600;580x3600,2025-03-07T22:03:45,2025-03-07T22:13:01,150,270,245,15,12,300,15,5,0
signed-refit-input-v1,1,,proc/proc_skp_temp_scan_run1_150k_binned_NROW580_NBINROW1_NCOL3600_NBINCOL1_SC200000_vl-2.75_vh7.5_dtph170000_NPUMPS3000_2_110.fits,proc_skp_temp_scan_run1_150k_binned_NROW580_NBINROW1_NCOL3600_NBINCOL1_SC200000_vl-2.75_vh7.5_dtph170000_NPUMPS3000_2_110.fits,33477120,temp_scan_run1,150,170000,0.0113333333333,110,2,3000,200000,-2.75,7.5,580,3600,1,1,4,0;1;2;3,580x3600;580x3600;580x3600;580x3600,2025-03-07T22:24:34,2025-03-07T22:33:50,150,270,245,15,12,300,15,5,0
signed-refit-input-v1,1,,proc/proc_skp_temp_scan_run1_150k_binned_NROW580_NBINROW1_NCOL3600_NBINCOL1_SC200000_vl-2.75_vh7.5_dtph260000_NPUMPS3000_2_111.fits,proc_skp_temp_scan_run1_150k_binned_NROW580_NBINROW1_NCOL3600_NBINCOL1_SC200000_vl-2.75_vh7.5_dtph260000_NPUMPS3000_2_111.fits,33477120,temp_scan_run1,150,260000,0.0173333333333,111,2,3000,200000,-2.75,7.5,580,3600,1,1,4,0;1;2;3,580x3600;580x3600;580x3600;580x3600,2025-03-07T22:50:11,2025-03-07T22:59:27,150,270,245,15,12,300,15,5,0
signed-refit-input-v1,1,,proc/proc_skp_temp_scan_run1_150k_binned_NROW580_NBINROW1_NCOL3600_NBINCOL1_SC200000_vl-2.75_vh7.5_dtph400000_NPUMPS3000_2_112.fits,proc_skp_temp_scan_run1_150k_binned_NROW580_NBINROW1_NCOL3600_NBINCOL1_SC200000_vl-2.75_vh7.5_dtph400000_NPUMPS3000_2_112.fits,33477120,temp_scan_run1,150,400000,0.0266666666667,112,2,3000,200000,-2.75,7.5,580,3600,1,1,4,0;1;2;3,580x3600;580x3600;580x3600;580x3600,2025-03-07T23:23:16,2025-03-07T23:32:33,150,270,245,15,12,300,15,5,0
signed-refit-input-v1,1,,proc/proc_skp_temp_scan_run1_150k_binned_NROW580_NBINROW1_NCOL3600_NBINCOL1_SC200000_vl-2.75_vh7.5_dtph650000_NPUMPS3000_2_113.fits,proc_skp_temp_scan_run1_150k_binned_NROW580_NBINROW1_NCOL3600_NBINCOL1_SC200000_vl-2.75_vh7.5_dtph650000_NPUMPS3000_2_113.fits,33477120,temp_scan_run1,150,650000,0.0433333333333,113,2,3000,200000,-2.75,7.5,580,3600,1,1,4,0;1;2;3,580x3600;580x3600;580x3600;580x3600,2025-03-08T00:09:40,2025-03-08T00:18:56,150,270,245,15,12,300,15,5,0
signed-refit-input-v1,1,,proc/proc_skp_temp_scan_run1_150k_binned_NROW580_NBINROW1_NCOL3600_NBINCOL1_SC200000_vl-2.75_vh7.5_dtph1000000_NPUMPS3000_2_114.fits,proc_skp_temp_scan_run1_150k_binned_NROW580_NBINROW1_NCOL3600_NBINCOL1_SC200000_vl-2.75_vh7.5_dtph1000000_NPUMPS3000_2_114.fits,33477120,temp_scan_run1,150,1000000,0.0666666666667,114,2,3000,200000,-2.75,7.5,580,3600,1,1,4,0;1;2;3,580x3600;580x3600;580x3600;580x3600,2025-03-08T01:14:44,2025-03-08T01:24:00,150,270,245,15,12,300,15,5,0
signed-refit-input-v1,1,,proc/proc_skp_temp_scan_run1_150k_binned_NROW580_NBINROW1_NCOL3600_NBINCOL1_SC200000_vl-2.75_vh7.5_dtph1500000_NPUMPS3000_2_115.fits,proc_skp_temp_scan_run1_150k_binned_NROW580_NBINROW1_NCOL3600_NBINCOL1_SC200000_vl-2.75_vh7.5_dtph1500000_NPUMPS3000_2_115.fits,33477120,temp_scan_run1,150,1500000,0.1,115,2,3000,200000,-2.75,7.5,580,3600,1,1,4,0;1;2;3,580x3600;580x3600;580x3600;580x3600,2025-03-08T02:46:29,2025-03-08T02:55:45,150,270,245,15,12,300,15,5,0
signed-refit-input-v1,1,,proc/proc_skp_temp_scan_run1_150k_binned_NROW580_NBINROW1_NCOL3600_NBINCOL1_SC200000_vl-2.75_vh7.5_dtph2500000_NPUMPS3000_2_116.fits,proc_skp_temp_scan_run1_150k_binned_NROW580_NBINROW1_NCOL3600_NBINCOL1_SC200000_vl-2.75_vh7.5_dtph2500000_NPUMPS3000_2_116.fits,33477120,temp_scan_run1,150,2500000,0.166666666667,116,2,3000,200000,-2.75,7.5,580,3600,1,1,4,0;1;2;3,580x3600;580x3600;580x3600;580x3600,2025-03-08T05:11:34,2025-03-08T05:20:51,150,270,245,15,12,300,15,5,0
signed-refit-input-v1,1,,proc/proc_skp_temp_scan_run1_155k_binned_NROW580_NBINROW1_NCOL3600_NBINCOL1_SC200000_vl-2.75_vh7.5_dtph750_NPUMPS3000_2_80.fits,proc_skp_temp_scan_run1_155k_binned_NROW580_NBINROW1_NCOL3600_NBINCOL1_SC200000_vl-2.75_vh7.5_dtph750_NPUMPS3000_2_80.fits,33477120,temp_scan_run1,155,750,5e-05,80,2,3000,200000,-2.75,7.5,580,3600,1,1,4,0;1;2;3,580x3600;580x3600;580x3600;580x3600,2025-03-07T06:37:33,2025-03-07T06:46:49,150,270,245,15,12,300,15,5,0
signed-refit-input-v1,1,,proc/proc_skp_temp_scan_run1_155k_binned_NROW580_NBINROW1_NCOL3600_NBINCOL1_SC200000_vl-2.75_vh7.5_dtph1200_NPUMPS3000_2_81.fits,proc_skp_temp_scan_run1_155k_binned_NROW580_NBINROW1_NCOL3600_NBINCOL1_SC200000_vl-2.75_vh7.5_dtph1200_NPUMPS3000_2_81.fits,33477120,temp_scan_run1,155,1200,8e-05,81,2,3000,200000,-2.75,7.5,580,3600,1,1,4,0;1;2;3,580x3600;580x3600;580x3600;580x3600,2025-03-07T06:49:22,2025-03-07T06:58:38,150,270,245,15,12,300,15,5,0
signed-refit-input-v1,1,,proc/proc_skp_temp_scan_run1_155k_binned_NROW580_NBINROW1_NCOL3600_NBINCOL1_SC200000_vl-2.75_vh7.5_dtph2000_NPUMPS3000_2_82.fits,proc_skp_temp_scan_run1_155k_binned_NROW580_NBINROW1_NCOL3600_NBINCOL1_SC200000_vl-2.75_vh7.5_dtph2000_NPUMPS3000_2_82.fits,33477120,temp_scan_run1,155,2000,0.000133333333333,82,2,3000,200000,-2.75,7.5,580,3600,1,1,4,0;1;2;3,580x3600;580x3600;580x3600;580x3600,2025-03-07T07:01:13,2025-03-07T07:10:30,150,270,245,15,12,300,15,5,0
signed-refit-input-v1,1,,proc/proc_skp_temp_scan_run1_155k_binned_NROW580_NBINROW1_NCOL3600_NBINCOL1_SC200000_vl-2.75_vh7.5_dtph3000_NPUMPS3000_2_83.fits,proc_skp_temp_scan_run1_155k_binned_NROW580_NBINROW1_NCOL3600_NBINCOL1_SC200000_vl-2.75_vh7.5_dtph3000_NPUMPS3000_2_83.fits,33477120,temp_scan_run1,155,3000,0.0002,83,2,3000,200000,-2.75,7.5,580,3600,1,1,4,0;1;2;3,580x3600;580x3600;580x3600;580x3600,2025-03-07T07:13:08,2025-03-07T07:22:24,150,270,245,15,12,300,15,5,0
signed-refit-input-v1,1,,proc/proc_skp_temp_scan_run1_155k_binned_NROW580_NBINROW1_NCOL3600_NBINCOL1_SC200000_vl-2.75_vh7.5_dtph5000_NPUMPS3000_2_84.fits,proc_skp_temp_scan_run1_155k_binned_NROW580_NBINROW1_NCOL3600_NBINCOL1_SC200000_vl-2.75_vh7.5_dtph5000_NPUMPS3000_2_84.fits,33477120,temp_scan_run1,155,5000,0.000333333333333,84,2,3000,200000,-2.75,7.5,580,3600,1,1,4,0;1;2;3,580x3600;580x3600;580x3600;580x3600,2025-03-07T07:25:09,2025-03-07T07:34:26,150,270,245,15,12,300,15,5,0
signed-refit-input-v1,1,,proc/proc_skp_temp_scan_run1_155k_binned_NROW580_NBINROW1_NCOL3600_NBINCOL1_SC200000_vl-2.75_vh7.5_dtph8000_NPUMPS3000_2_85.fits,proc_skp_temp_scan_run1_155k_binned_NROW580_NBINROW1_NCOL3600_NBINCOL1_SC200000_vl-2.75_vh7.5_dtph8000_NPUMPS3000_2_85.fits,33477120,temp_scan_run1,155,8000,0.000533333333333,85,2,3000,200000,-2.75,7.5,580,3600,1,1,4,0;1;2;3,580x3600;580x3600;580x3600;580x3600,2025-03-07T07:37:20,2025-03-07T07:46:36,150,270,245,15,12,300,15,5,0
signed-refit-input-v1,1,,proc/proc_skp_temp_scan_run1_155k_binned_NROW580_NBINROW1_NCOL3600_NBINCOL1_SC200000_vl-2.75_vh7.5_dtph18000_NPUMPS3000_2_86.fits,proc_skp_temp_scan_run1_155k_binned_NROW580_NBINROW1_NCOL3600_NBINCOL1_SC200000_vl-2.75_vh7.5_dtph18000_NPUMPS3000_2_86.fits,33477120,temp_scan_run1,155,18000,0.0012,86,2,3000,200000,-2.75,7.5,580,3600,1,1,4,0;1;2;3,580x3600;580x3600;580x3600;580x3600,2025-03-07T07:50:03,2025-03-07T07:59:19,150,270,245,15,12,300,15,5,0
signed-refit-input-v1,1,,proc/proc_skp_temp_scan_run1_155k_binned_NROW580_NBINROW1_NCOL3600_NBINCOL1_SC200000_vl-2.75_vh7.5_dtph28000_NPUMPS3000_2_87.fits,proc_skp_temp_scan_run1_155k_binned_NROW580_NBINROW1_NCOL3600_NBINCOL1_SC200000_vl-2.75_vh7.5_dtph28000_NPUMPS3000_2_87.fits,33477120,temp_scan_run1,155,28000,0.00186666666667,87,2,3000,200000,-2.75,7.5,580,3600,1,1,4,0;1;2;3,580x3600;580x3600;580x3600;580x3600,2025-03-07T08:03:18,2025-03-07T08:12:34,150,270,245,15,12,300,15,5,0
signed-refit-input-v1,1,,proc/proc_skp_temp_scan_run1_155k_binned_NROW580_NBINROW1_NCOL3600_NBINCOL1_SC200000_vl-2.75_vh7.5_dtph45000_NPUMPS3000_2_88.fits,proc_skp_temp_scan_run1_155k_binned_NROW580_NBINROW1_NCOL3600_NBINCOL1_SC200000_vl-2.75_vh7.5_dtph45000_NPUMPS3000_2_88.fits,33477120,temp_scan_run1,155,45000,0.003,88,2,3000,200000,-2.75,7.5,580,3600,1,1,4,0;1;2;3,580x3600;580x3600;580x3600;580x3600,2025-03-07T08:17:27,2025-03-07T08:26:43,150,270,245,15,12,300,15,5,0
signed-refit-input-v1,1,,proc/proc_skp_temp_scan_run1_155k_binned_NROW580_NBINROW1_NCOL3600_NBINCOL1_SC200000_vl-2.75_vh7.5_dtph70000_NPUMPS3000_2_89.fits,proc_skp_temp_scan_run1_155k_binned_NROW580_NBINROW1_NCOL3600_NBINCOL1_SC200000_vl-2.75_vh7.5_dtph70000_NPUMPS3000_2_89.fits,33477120,temp_scan_run1,155,70000,0.00466666666667,89,2,3000,200000,-2.75,7.5,580,3600,1,1,4,0;1;2;3,580x3600;580x3600;580x3600;580x3600,2025-03-07T08:32:56,2025-03-07T08:42:13,150,270,245,15,12,300,15,5,0
signed-refit-input-v1,1,,proc/proc_skp_temp_scan_run1_155k_binned_NROW580_NBINROW1_NCOL3600_NBINCOL1_SC200000_vl-2.75_vh7.5_dtph100000_NPUMPS3000_2_90.fits,proc_skp_temp_scan_run1_155k_binned_NROW580_NBINROW1_NCOL3600_NBINCOL1_SC200000_vl-2.75_vh7.5_dtph100000_NPUMPS3000_2_90.fits,33477120,temp_scan_run1,155,100000,0.00666666666667,90,2,3000,200000,-2.75,7.5,580,3600,1,1,4,0;1;2;3,580x3600;580x3600;580x3600;580x3600,2025-03-07T08:50:02,2025-03-07T08:59:18,150,270,245,15,12,300,15,5,0
signed-refit-input-v1,1,,proc/proc_skp_temp_scan_run1_155k_binned_NROW580_NBINROW1_NCOL3600_NBINCOL1_SC200000_vl-2.75_vh7.5_dtph170000_NPUMPS3000_2_91.fits,proc_skp_temp_scan_run1_155k_binned_NROW580_NBINROW1_NCOL3600_NBINCOL1_SC200000_vl-2.75_vh7.5_dtph170000_NPUMPS3000_2_91.fits,33477120,temp_scan_run1,155,170000,0.0113333333333,91,2,3000,200000,-2.75,7.5,580,3600,1,1,4,0;1;2;3,580x3600;580x3600;580x3600;580x3600,2025-03-07T09:10:51,2025-03-07T09:20:07,150,270,245,15,12,300,15,5,0
signed-refit-input-v1,1,,proc/proc_skp_temp_scan_run1_155k_binned_NROW580_NBINROW1_NCOL3600_NBINCOL1_SC200000_vl-2.75_vh7.5_dtph260000_NPUMPS3000_2_92.fits,proc_skp_temp_scan_run1_155k_binned_NROW580_NBINROW1_NCOL3600_NBINCOL1_SC200000_vl-2.75_vh7.5_dtph260000_NPUMPS3000_2_92.fits,33477120,temp_scan_run1,155,260000,0.0173333333333,92,2,3000,200000,-2.75,7.5,580,3600,1,1,4,0;1;2;3,580x3600;580x3600;580x3600;580x3600,2025-03-07T09:36:28,2025-03-07T09:45:44,150,270,245,15,12,300,15,5,0
signed-refit-input-v1,1,,proc/proc_skp_temp_scan_run1_155k_binned_NROW580_NBINROW1_NCOL3600_NBINCOL1_SC200000_vl-2.75_vh7.5_dtph400000_NPUMPS3000_2_93.fits,proc_skp_temp_scan_run1_155k_binned_NROW580_NBINROW1_NCOL3600_NBINCOL1_SC200000_vl-2.75_vh7.5_dtph400000_NPUMPS3000_2_93.fits,33477120,temp_scan_run1,155,400000,0.0266666666667,93,2,3000,200000,-2.75,7.5,580,3600,1,1,4,0;1;2;3,580x3600;580x3600;580x3600;580x3600,2025-03-07T10:09:33,2025-03-07T10:18:50,150,270,245,15,12,300,15,5,0
signed-refit-input-v1,1,,proc/proc_skp_temp_scan_run1_155k_binned_NROW580_NBINROW1_NCOL3600_NBINCOL1_SC200000_vl-2.75_vh7.5_dtph650000_NPUMPS3000_2_94.fits,proc_skp_temp_scan_run1_155k_binned_NROW580_NBINROW1_NCOL3600_NBINCOL1_SC200000_vl-2.75_vh7.5_dtph650000_NPUMPS3000_2_94.fits,33477120,temp_scan_run1,155,650000,0.0433333333333,94,2,3000,200000,-2.75,7.5,580,3600,1,1,4,0;1;2;3,580x3600;580x3600;580x3600;580x3600,2025-03-07T10:55:59,2025-03-07T11:05:15,150,270,245,15,12,300,15,5,0
signed-refit-input-v1,1,,proc/proc_skp_temp_scan_run1_155k_binned_NROW580_NBINROW1_NCOL3600_NBINCOL1_SC200000_vl-2.75_vh7.5_dtph1000000_NPUMPS3000_2_95.fits,proc_skp_temp_scan_run1_155k_binned_NROW580_NBINROW1_NCOL3600_NBINCOL1_SC200000_vl-2.75_vh7.5_dtph1000000_NPUMPS3000_2_95.fits,33477120,temp_scan_run1,155,1000000,0.0666666666667,95,2,3000,200000,-2.75,7.5,580,3600,1,1,4,0;1;2;3,580x3600;580x3600;580x3600;580x3600,2025-03-07T12:01:04,2025-03-07T12:10:20,150,270,245,15,12,300,15,5,0
signed-refit-input-v1,1,,proc/proc_skp_temp_scan_run1_155k_binned_NROW580_NBINROW1_NCOL3600_NBINCOL1_SC200000_vl-2.75_vh7.5_dtph1500000_NPUMPS3000_2_96.fits,proc_skp_temp_scan_run1_155k_binned_NROW580_NBINROW1_NCOL3600_NBINCOL1_SC200000_vl-2.75_vh7.5_dtph1500000_NPUMPS3000_2_96.fits,33477120,temp_scan_run1,155,1500000,0.1,96,2,3000,200000,-2.75,7.5,580,3600,1,1,4,0;1;2;3,580x3600;580x3600;580x3600;580x3600,2025-03-07T13:32:49,2025-03-07T13:42:06,150,270,245,15,12,300,15,5,0
signed-refit-input-v1,1,,proc/proc_skp_temp_scan_run1_155k_binned_NROW580_NBINROW1_NCOL3600_NBINCOL1_SC200000_vl-2.75_vh7.5_dtph2500000_NPUMPS3000_2_97.fits,proc_skp_temp_scan_run1_155k_binned_NROW580_NBINROW1_NCOL3600_NBINCOL1_SC200000_vl-2.75_vh7.5_dtph2500000_NPUMPS3000_2_97.fits,33477120,temp_scan_run1,155,2500000,0.166666666667,97,2,3000,200000,-2.75,7.5,580,3600,1,1,4,0;1;2;3,580x3600;580x3600;580x3600;580x3600,2025-03-07T15:57:55,2025-03-07T16:07:11,150,270,245,15,12,300,15,5,0
signed-refit-input-v1,1,,proc/proc_skp_dp_scan1_160k_binned_NROW580_NBINROW1_NCOL3600_NBINCOL1_SC300000_vl-2.75_vh7.5_dtph750_NPUMPS3000_2_3.fits,proc_skp_dp_scan1_160k_binned_NROW580_NBINROW1_NCOL3600_NBINCOL1_SC300000_vl-2.75_vh7.5_dtph750_NPUMPS3000_2_3.fits,33477120,dp_scan1,160,750,5e-05,3,2,3000,300000,-2.75,7.5,580,3600,1,1,4,0;1;2;3,580x3600;580x3600;580x3600;580x3600,2025-02-21T23:57:40,2025-02-22T00:06:56,150,270,245,15,12,300,15,5,0
signed-refit-input-v1,1,,proc/proc_skp_dp_scan1_160k_binned_NROW580_NBINROW1_NCOL3600_NBINCOL1_SC300000_vl-2.75_vh7.5_dtph1200_NPUMPS3000_2_4.fits,proc_skp_dp_scan1_160k_binned_NROW580_NBINROW1_NCOL3600_NBINCOL1_SC300000_vl-2.75_vh7.5_dtph1200_NPUMPS3000_2_4.fits,33477120,dp_scan1,160,1200,8e-05,4,2,3000,300000,-2.75,7.5,580,3600,1,1,4,0;1;2;3,580x3600;580x3600;580x3600;580x3600,2025-02-22T00:10:17,2025-02-22T00:19:33,150,270,245,15,12,300,15,5,0
signed-refit-input-v1,1,,proc/proc_skp_dp_scan1_160k_binned_NROW580_NBINROW1_NCOL3600_NBINCOL1_SC300000_vl-2.75_vh7.5_dtph2000_NPUMPS3000_2_5.fits,proc_skp_dp_scan1_160k_binned_NROW580_NBINROW1_NCOL3600_NBINCOL1_SC300000_vl-2.75_vh7.5_dtph2000_NPUMPS3000_2_5.fits,33477120,dp_scan1,160,2000,0.000133333333333,5,2,3000,300000,-2.75,7.5,580,3600,1,1,4,0;1;2;3,580x3600;580x3600;580x3600;580x3600,2025-02-22T00:22:56,2025-02-22T00:32:12,150,270,245,15,12,300,15,5,0
signed-refit-input-v1,1,,proc/proc_skp_dp_scan1_160k_binned_NROW580_NBINROW1_NCOL3600_NBINCOL1_SC300000_vl-2.75_vh7.5_dtph3000_NPUMPS3000_2_6.fits,proc_skp_dp_scan1_160k_binned_NROW580_NBINROW1_NCOL3600_NBINCOL1_SC300000_vl-2.75_vh7.5_dtph3000_NPUMPS3000_2_6.fits,33477120,dp_scan1,160,3000,0.0002,6,2,3000,300000,-2.75,7.5,580,3600,1,1,4,0;1;2;3,580x3600;580x3600;580x3600;580x3600,2025-02-22T00:35:39,2025-02-22T00:44:55,150,270,245,15,12,300,15,5,0
signed-refit-input-v1,1,,proc/proc_skp_dp_scan1_160k_binned_NROW580_NBINROW1_NCOL3600_NBINCOL1_SC300000_vl-2.75_vh7.5_dtph5000_NPUMPS3000_2_7.fits,proc_skp_dp_scan1_160k_binned_NROW580_NBINROW1_NCOL3600_NBINCOL1_SC300000_vl-2.75_vh7.5_dtph5000_NPUMPS3000_2_7.fits,33477120,dp_scan1,160,5000,0.000333333333333,7,2,3000,300000,-2.75,7.5,580,3600,1,1,4,0;1;2;3,580x3600;580x3600;580x3600;580x3600,2025-02-22T00:48:28,2025-02-22T00:57:45,150,270,245,15,12,300,15,5,0
signed-refit-input-v1,1,,proc/proc_skp_dp_scan1_160k_binned_NROW580_NBINROW1_NCOL3600_NBINCOL1_SC300000_vl-2.75_vh7.5_dtph7000_NPUMPS3000_2_8.fits,proc_skp_dp_scan1_160k_binned_NROW580_NBINROW1_NCOL3600_NBINCOL1_SC300000_vl-2.75_vh7.5_dtph7000_NPUMPS3000_2_8.fits,33477120,dp_scan1,160,7000,0.000466666666667,8,2,3000,300000,-2.75,7.5,580,3600,1,1,4,0;1;2;3,580x3600;580x3600;580x3600;580x3600,2025-02-22T01:01:24,2025-02-22T01:10:40,150,270,245,15,12,300,15,5,0
signed-refit-input-v1,1,,proc/proc_skp_dp_scan1_160k_binned_NROW580_NBINROW1_NCOL3600_NBINCOL1_SC300000_vl-2.75_vh7.5_dtph18000_NPUMPS3000_2_9.fits,proc_skp_dp_scan1_160k_binned_NROW580_NBINROW1_NCOL3600_NBINCOL1_SC300000_vl-2.75_vh7.5_dtph18000_NPUMPS3000_2_9.fits,33477120,dp_scan1,160,18000,0.0012,9,2,3000,300000,-2.75,7.5,580,3600,1,1,4,0;1;2;3,580x3600;580x3600;580x3600;580x3600,2025-02-22T01:14:55,2025-02-22T01:24:11,150,270,245,15,12,300,15,5,0
signed-refit-input-v1,1,,proc/proc_skp_dp_scan1_160k_binned_NROW580_NBINROW1_NCOL3600_NBINCOL1_SC300000_vl-2.75_vh7.5_dtph28000_NPUMPS3000_2_10.fits,proc_skp_dp_scan1_160k_binned_NROW580_NBINROW1_NCOL3600_NBINCOL1_SC300000_vl-2.75_vh7.5_dtph28000_NPUMPS3000_2_10.fits,33477120,dp_scan1,160,28000,0.00186666666667,10,2,3000,300000,-2.75,7.5,580,3600,1,1,4,0;1;2;3,580x3600;580x3600;580x3600;580x3600,2025-02-22T01:28:58,2025-02-22T01:38:14,150,270,245,15,12,300,15,5,0
signed-refit-input-v1,1,,proc/proc_skp_dp_scan1_160k_binned_NROW580_NBINROW1_NCOL3600_NBINCOL1_SC300000_vl-2.75_vh7.5_dtph45000_NPUMPS3000_2_11.fits,proc_skp_dp_scan1_160k_binned_NROW580_NBINROW1_NCOL3600_NBINCOL1_SC300000_vl-2.75_vh7.5_dtph45000_NPUMPS3000_2_11.fits,33477120,dp_scan1,160,45000,0.003,11,2,3000,300000,-2.75,7.5,580,3600,1,1,4,0;1;2;3,580x3600;580x3600;580x3600;580x3600,2025-02-22T01:43:55,2025-02-22T01:53:11,150,270,245,15,12,300,15,5,0
signed-refit-input-v1,1,,proc/proc_skp_dp_scan1_160k_binned_NROW580_NBINROW1_NCOL3600_NBINCOL1_SC300000_vl-2.75_vh7.5_dtph70000_NPUMPS3000_2_12.fits,proc_skp_dp_scan1_160k_binned_NROW580_NBINROW1_NCOL3600_NBINCOL1_SC300000_vl-2.75_vh7.5_dtph70000_NPUMPS3000_2_12.fits,33477120,dp_scan1,160,70000,0.00466666666667,12,2,3000,300000,-2.75,7.5,580,3600,1,1,4,0;1;2;3,580x3600;580x3600;580x3600;580x3600,2025-02-22T02:00:12,2025-02-22T02:09:28,150,270,245,15,12,300,15,5,0
signed-refit-input-v1,1,,proc/proc_skp_dp_scan1_160k_binned_NROW580_NBINROW1_NCOL3600_NBINCOL1_SC300000_vl-2.75_vh7.5_dtph100000_NPUMPS3000_2_13.fits,proc_skp_dp_scan1_160k_binned_NROW580_NBINROW1_NCOL3600_NBINCOL1_SC300000_vl-2.75_vh7.5_dtph100000_NPUMPS3000_2_13.fits,33477120,dp_scan1,160,100000,0.00666666666667,13,2,3000,300000,-2.75,7.5,580,3600,1,1,4,0;1;2;3,580x3600;580x3600;580x3600;580x3600,2025-02-22T02:18:05,2025-02-22T02:27:21,150,270,245,15,12,300,15,5,0
signed-refit-input-v1,1,,proc/proc_skp_dp_scan1_160k_binned_NROW580_NBINROW1_NCOL3600_NBINCOL1_SC300000_vl-2.75_vh7.5_dtph170000_NPUMPS3000_2_14.fits,proc_skp_dp_scan1_160k_binned_NROW580_NBINROW1_NCOL3600_NBINCOL1_SC300000_vl-2.75_vh7.5_dtph170000_NPUMPS3000_2_14.fits,33477120,dp_scan1,160,170000,0.0113333333333,14,2,3000,300000,-2.75,7.5,580,3600,1,1,4,0;1;2;3,580x3600;580x3600;580x3600;580x3600,2025-02-22T02:39:42,2025-02-22T02:48:59,150,270,245,15,12,300,15,5,0
signed-refit-input-v1,1,,proc/proc_skp_dp_scan1_160k_binned_NROW580_NBINROW1_NCOL3600_NBINCOL1_SC300000_vl-2.75_vh7.5_dtph260000_NPUMPS3000_2_15.fits,proc_skp_dp_scan1_160k_binned_NROW580_NBINROW1_NCOL3600_NBINCOL1_SC300000_vl-2.75_vh7.5_dtph260000_NPUMPS3000_2_15.fits,33477120,dp_scan1,160,260000,0.0173333333333,15,2,3000,300000,-2.75,7.5,580,3600,1,1,4,0;1;2;3,580x3600;580x3600;580x3600;580x3600,2025-02-22T03:06:08,2025-02-22T03:15:24,150,270,245,15,12,300,15,5,0
signed-refit-input-v1,1,,proc/proc_skp_dp_scan1_160k_binned_NROW580_NBINROW1_NCOL3600_NBINCOL1_SC300000_vl-2.75_vh7.5_dtph400000_NPUMPS3000_2_16.fits,proc_skp_dp_scan1_160k_binned_NROW580_NBINROW1_NCOL3600_NBINCOL1_SC300000_vl-2.75_vh7.5_dtph400000_NPUMPS3000_2_16.fits,33477120,dp_scan1,160,400000,0.0266666666667,16,2,3000,300000,-2.75,7.5,580,3600,1,1,4,0;1;2;3,580x3600;580x3600;580x3600;580x3600,2025-02-22T03:40:01,2025-02-22T03:49:17,150,270,245,15,12,300,15,5,0
signed-refit-input-v1,1,,proc/proc_skp_dp_scan1_160k_binned_NROW580_NBINROW1_NCOL3600_NBINCOL1_SC300000_vl-2.75_vh7.5_dtph650000_NPUMPS3000_2_17.fits,proc_skp_dp_scan1_160k_binned_NROW580_NBINROW1_NCOL3600_NBINCOL1_SC300000_vl-2.75_vh7.5_dtph650000_NPUMPS3000_2_17.fits,33477120,dp_scan1,160,650000,0.0433333333333,17,2,3000,300000,-2.75,7.5,580,3600,1,1,4,0;1;2;3,580x3600;580x3600;580x3600;580x3600,2025-02-22T04:27:14,2025-02-22T04:36:31,150,270,245,15,12,300,15,5,0
signed-refit-input-v1,1,,proc/proc_skp_dp_scan1_160k_binned_NROW580_NBINROW1_NCOL3600_NBINCOL1_SC300000_vl-2.75_vh7.5_dtph1000000_NPUMPS3000_2_18.fits,proc_skp_dp_scan1_160k_binned_NROW580_NBINROW1_NCOL3600_NBINCOL1_SC300000_vl-2.75_vh7.5_dtph1000000_NPUMPS3000_2_18.fits,33477120,dp_scan1,160,1000000,0.0666666666667,18,2,3000,300000,-2.75,7.5,580,3600,1,1,4,0;1;2;3,580x3600;580x3600;580x3600;580x3600,2025-02-22T05:33:07,2025-02-22T05:42:24,150,270,245,15,12,300,15,5,0
signed-refit-input-v1,1,,proc/proc_skp_dp_scan1_160k_binned_NROW580_NBINROW1_NCOL3600_NBINCOL1_SC300000_vl-2.75_vh7.5_dtph1500000_NPUMPS3000_2_19.fits,proc_skp_dp_scan1_160k_binned_NROW580_NBINROW1_NCOL3600_NBINCOL1_SC300000_vl-2.75_vh7.5_dtph1500000_NPUMPS3000_2_19.fits,33477120,dp_scan1,160,1500000,0.1,19,2,3000,300000,-2.75,7.5,580,3600,1,1,4,0;1;2;3,580x3600;580x3600;580x3600;580x3600,2025-02-22T07:05:41,2025-02-22T07:14:57,150,270,245,15,12,300,15,5,0
signed-refit-input-v1,1,,proc/proc_skp_dp_scan1_160k_binned_NROW580_NBINROW1_NCOL3600_NBINCOL1_SC300000_vl-2.75_vh7.5_dtph2500000_NPUMPS3000_2_20.fits,proc_skp_dp_scan1_160k_binned_NROW580_NBINROW1_NCOL3600_NBINCOL1_SC300000_vl-2.75_vh7.5_dtph2500000_NPUMPS3000_2_20.fits,33477120,dp_scan1,160,2500000,0.166666666667,20,2,3000,300000,-2.75,7.5,580,3600,1,1,4,0;1;2;3,580x3600;580x3600;580x3600;580x3600,2025-02-22T09:31:34,2025-02-22T09:40:50,150,270,245,15,12,300,15,5,0
signed-refit-input-v1,1,,proc/proc_skp_temp_scan_run1_165k_binned_NROW580_NBINROW1_NCOL3600_NBINCOL1_SC200000_vl-2.75_vh7.5_dtph750_NPUMPS3000_2_61.fits,proc_skp_temp_scan_run1_165k_binned_NROW580_NBINROW1_NCOL3600_NBINCOL1_SC200000_vl-2.75_vh7.5_dtph750_NPUMPS3000_2_61.fits,33477120,temp_scan_run1,165,750,5e-05,61,2,3000,200000,-2.75,7.5,580,3600,1,1,4,0;1;2;3,580x3600;580x3600;580x3600;580x3600,2025-03-06T17:23:50,2025-03-06T17:33:06,150,270,245,15,12,300,15,5,0
signed-refit-input-v1,1,,proc/proc_skp_temp_scan_run1_165k_binned_NROW580_NBINROW1_NCOL3600_NBINCOL1_SC200000_vl-2.75_vh7.5_dtph1200_NPUMPS3000_2_62.fits,proc_skp_temp_scan_run1_165k_binned_NROW580_NBINROW1_NCOL3600_NBINCOL1_SC200000_vl-2.75_vh7.5_dtph1200_NPUMPS3000_2_62.fits,33477120,temp_scan_run1,165,1200,8e-05,62,2,3000,200000,-2.75,7.5,580,3600,1,1,4,0;1;2;3,580x3600;580x3600;580x3600;580x3600,2025-03-06T17:35:39,2025-03-06T17:44:55,150,270,245,15,12,300,15,5,0
signed-refit-input-v1,1,,proc/proc_skp_temp_scan_run1_165k_binned_NROW580_NBINROW1_NCOL3600_NBINCOL1_SC200000_vl-2.75_vh7.5_dtph2000_NPUMPS3000_2_63.fits,proc_skp_temp_scan_run1_165k_binned_NROW580_NBINROW1_NCOL3600_NBINCOL1_SC200000_vl-2.75_vh7.5_dtph2000_NPUMPS3000_2_63.fits,33477120,temp_scan_run1,165,2000,0.000133333333333,63,2,3000,200000,-2.75,7.5,580,3600,1,1,4,0;1;2;3,580x3600;580x3600;580x3600;580x3600,2025-03-06T17:47:31,2025-03-06T17:56:47,150,270,245,15,12,300,15,5,0
signed-refit-input-v1,1,,proc/proc_skp_temp_scan_run1_165k_binned_NROW580_NBINROW1_NCOL3600_NBINCOL1_SC200000_vl-2.75_vh7.5_dtph3000_NPUMPS3000_2_64.fits,proc_skp_temp_scan_run1_165k_binned_NROW580_NBINROW1_NCOL3600_NBINCOL1_SC200000_vl-2.75_vh7.5_dtph3000_NPUMPS3000_2_64.fits,33477120,temp_scan_run1,165,3000,0.0002,64,2,3000,200000,-2.75,7.5,580,3600,1,1,4,0;1;2;3,580x3600;580x3600;580x3600;580x3600,2025-03-06T17:59:26,2025-03-06T18:08:42,150,270,245,15,12,300,15,5,0
signed-refit-input-v1,1,,proc/proc_skp_temp_scan_run1_165k_binned_NROW580_NBINROW1_NCOL3600_NBINCOL1_SC200000_vl-2.75_vh7.5_dtph5000_NPUMPS3000_2_65.fits,proc_skp_temp_scan_run1_165k_binned_NROW580_NBINROW1_NCOL3600_NBINCOL1_SC200000_vl-2.75_vh7.5_dtph5000_NPUMPS3000_2_65.fits,33477120,temp_scan_run1,165,5000,0.000333333333333,65,2,3000,200000,-2.75,7.5,580,3600,1,1,4,0;1;2;3,580x3600;580x3600;580x3600;580x3600,2025-03-06T18:11:27,2025-03-06T18:20:43,150,270,245,15,12,300,15,5,0
signed-refit-input-v1,1,,proc/proc_skp_temp_scan_run1_165k_binned_NROW580_NBINROW1_NCOL3600_NBINCOL1_SC200000_vl-2.75_vh7.5_dtph8000_NPUMPS3000_2_66.fits,proc_skp_temp_scan_run1_165k_binned_NROW580_NBINROW1_NCOL3600_NBINCOL1_SC200000_vl-2.75_vh7.5_dtph8000_NPUMPS3000_2_66.fits,33477120,temp_scan_run1,165,8000,0.000533333333333,66,2,3000,200000,-2.75,7.5,580,3600,1,1,4,0;1;2;3,580x3600;580x3600;580x3600;580x3600,2025-03-06T18:23:38,2025-03-06T18:32:54,150,270,245,15,12,300,15,5,0
signed-refit-input-v1,1,,proc/proc_skp_temp_scan_run1_165k_binned_NROW580_NBINROW1_NCOL3600_NBINCOL1_SC200000_vl-2.75_vh7.5_dtph18000_NPUMPS3000_2_67.fits,proc_skp_temp_scan_run1_165k_binned_NROW580_NBINROW1_NCOL3600_NBINCOL1_SC200000_vl-2.75_vh7.5_dtph18000_NPUMPS3000_2_67.fits,33477120,temp_scan_run1,165,18000,0.0012,67,2,3000,200000,-2.75,7.5,580,3600,1,1,4,0;1;2;3,580x3600;580x3600;580x3600;580x3600,2025-03-06T18:36:21,2025-03-06T18:45:37,150,270,245,15,12,300,15,5,0
signed-refit-input-v1,1,,proc/proc_skp_temp_scan_run1_165k_binned_NROW580_NBINROW1_NCOL3600_NBINCOL1_SC200000_vl-2.75_vh7.5_dtph28000_NPUMPS3000_2_68.fits,proc_skp_temp_scan_run1_165k_binned_NROW580_NBINROW1_NCOL3600_NBINCOL1_SC200000_vl-2.75_vh7.5_dtph28000_NPUMPS3000_2_68.fits,33477120,temp_scan_run1,165,28000,0.00186666666667,68,2,3000,200000,-2.75,7.5,580,3600,1,1,4,0;1;2;3,580x3600;580x3600;580x3600;580x3600,2025-03-06T18:49:36,2025-03-06T18:58:52,150,270,245,15,12,300,15,5,0
signed-refit-input-v1,1,,proc/proc_skp_temp_scan_run1_165k_binned_NROW580_NBINROW1_NCOL3600_NBINCOL1_SC200000_vl-2.75_vh7.5_dtph45000_NPUMPS3000_2_69.fits,proc_skp_temp_scan_run1_165k_binned_NROW580_NBINROW1_NCOL3600_NBINCOL1_SC200000_vl-2.75_vh7.5_dtph45000_NPUMPS3000_2_69.fits,33477120,temp_scan_run1,165,45000,0.003,69,2,3000,200000,-2.75,7.5,580,3600,1,1,4,0;1;2;3,580x3600;580x3600;580x3600;580x3600,2025-03-06T19:03:45,2025-03-06T19:13:01,150,270,245,15,12,300,15,5,0
signed-refit-input-v1,1,,proc/proc_skp_temp_scan_run1_165k_binned_NROW580_NBINROW1_NCOL3600_NBINCOL1_SC200000_vl-2.75_vh7.5_dtph70000_NPUMPS3000_2_70.fits,proc_skp_temp_scan_run1_165k_binned_NROW580_NBINROW1_NCOL3600_NBINCOL1_SC200000_vl-2.75_vh7.5_dtph70000_NPUMPS3000_2_70.fits,33477120,temp_scan_run1,165,70000,0.00466666666667,70,2,3000,200000,-2.75,7.5,580,3600,1,1,4,0;1;2;3,580x3600;580x3600;580x3600;580x3600,2025-03-06T19:19:14,2025-03-06T19:28:31,150,270,245,15,12,300,15,5,0
signed-refit-input-v1,1,,proc/proc_skp_temp_scan_run1_165k_binned_NROW580_NBINROW1_NCOL3600_NBINCOL1_SC200000_vl-2.75_vh7.5_dtph100000_NPUMPS3000_2_71.fits,proc_skp_temp_scan_run1_165k_binned_NROW580_NBINROW1_NCOL3600_NBINCOL1_SC200000_vl-2.75_vh7.5_dtph100000_NPUMPS3000_2_71.fits,33477120,temp_scan_run1,165,100000,0.00666666666667,71,2,3000,200000,-2.75,7.5,580,3600,1,1,4,0;1;2;3,580x3600;580x3600;580x3600;580x3600,2025-03-06T19:36:20,2025-03-06T19:45:36,150,270,245,15,12,300,15,5,0
signed-refit-input-v1,1,,proc/proc_skp_temp_scan_run1_165k_binned_NROW580_NBINROW1_NCOL3600_NBINCOL1_SC200000_vl-2.75_vh7.5_dtph170000_NPUMPS3000_2_72.fits,proc_skp_temp_scan_run1_165k_binned_NROW580_NBINROW1_NCOL3600_NBINCOL1_SC200000_vl-2.75_vh7.5_dtph170000_NPUMPS3000_2_72.fits,33477120,temp_scan_run1,165,170000,0.0113333333333,72,2,3000,200000,-2.75,7.5,580,3600,1,1,4,0;1;2;3,580x3600;580x3600;580x3600;580x3600,2025-03-06T19:57:09,2025-03-06T20:06:25,150,270,245,15,12,300,15,5,0
signed-refit-input-v1,1,,proc/proc_skp_temp_scan_run1_165k_binned_NROW580_NBINROW1_NCOL3600_NBINCOL1_SC200000_vl-2.75_vh7.5_dtph260000_NPUMPS3000_2_73.fits,proc_skp_temp_scan_run1_165k_binned_NROW580_NBINROW1_NCOL3600_NBINCOL1_SC200000_vl-2.75_vh7.5_dtph260000_NPUMPS3000_2_73.fits,33477120,temp_scan_run1,165,260000,0.0173333333333,73,2,3000,200000,-2.75,7.5,580,3600,1,1,4,0;1;2;3,580x3600;580x3600;580x3600;580x3600,2025-03-06T20:22:46,2025-03-06T20:32:02,150,270,245,15,12,300,15,5,0
signed-refit-input-v1,1,,proc/proc_skp_temp_scan_run1_165k_binned_NROW580_NBINROW1_NCOL3600_NBINCOL1_SC200000_vl-2.75_vh7.5_dtph400000_NPUMPS3000_2_74.fits,proc_skp_temp_scan_run1_165k_binned_NROW580_NBINROW1_NCOL3600_NBINCOL1_SC200000_vl-2.75_vh7.5_dtph400000_NPUMPS3000_2_74.fits,33477120,temp_scan_run1,165,400000,0.0266666666667,74,2,3000,200000,-2.75,7.5,580,3600,1,1,4,0;1;2;3,580x3600;580x3600;580x3600;580x3600,2025-03-06T20:55:51,2025-03-06T21:05:07,150,270,245,15,12,300,15,5,0
signed-refit-input-v1,1,,proc/proc_skp_temp_scan_run1_165k_binned_NROW580_NBINROW1_NCOL3600_NBINCOL1_SC200000_vl-2.75_vh7.5_dtph650000_NPUMPS3000_2_75.fits,proc_skp_temp_scan_run1_165k_binned_NROW580_NBINROW1_NCOL3600_NBINCOL1_SC200000_vl-2.75_vh7.5_dtph650000_NPUMPS3000_2_75.fits,33477120,temp_scan_run1,165,650000,0.0433333333333,75,2,3000,200000,-2.75,7.5,580,3600,1,1,4,0;1;2;3,580x3600;580x3600;580x3600;580x3600,2025-03-06T21:42:16,2025-03-06T21:51:33,150,270,245,15,12,300,15,5,0
signed-refit-input-v1,1,,proc/proc_skp_temp_scan_run1_165k_binned_NROW580_NBINROW1_NCOL3600_NBINCOL1_SC200000_vl-2.75_vh7.5_dtph1000000_NPUMPS3000_2_76.fits,proc_skp_temp_scan_run1_165k_binned_NROW580_NBINROW1_NCOL3600_NBINCOL1_SC200000_vl-2.75_vh7.5_dtph1000000_NPUMPS3000_2_76.fits,33477120,temp_scan_run1,165,1000000,0.0666666666667,76,2,3000,200000,-2.75,7.5,580,3600,1,1,4,0;1;2;3,580x3600;580x3600;580x3600;580x3600,2025-03-06T22:47:21,2025-03-06T22:56:38,150,270,245,15,12,300,15,5,0
signed-refit-input-v1,1,,proc/proc_skp_temp_scan_run1_165k_binned_NROW580_NBINROW1_NCOL3600_NBINCOL1_SC200000_vl-2.75_vh7.5_dtph1500000_NPUMPS3000_2_77.fits,proc_skp_temp_scan_run1_165k_binned_NROW580_NBINROW1_NCOL3600_NBINCOL1_SC200000_vl-2.75_vh7.5_dtph1500000_NPUMPS3000_2_77.fits,33477120,temp_scan_run1,165,1500000,0.1,77,2,3000,200000,-2.75,7.5,580,3600,1,1,4,0;1;2;3,580x3600;580x3600;580x3600;580x3600,2025-03-07T00:19:06,2025-03-07T00:28:23,150,270,245,15,12,300,15,5,0
signed-refit-input-v1,1,,proc/proc_skp_temp_scan_run1_165k_binned_NROW580_NBINROW1_NCOL3600_NBINCOL1_SC200000_vl-2.75_vh7.5_dtph2500000_NPUMPS3000_2_78.fits,proc_skp_temp_scan_run1_165k_binned_NROW580_NBINROW1_NCOL3600_NBINCOL1_SC200000_vl-2.75_vh7.5_dtph2500000_NPUMPS3000_2_78.fits,33477120,temp_scan_run1,165,2500000,0.166666666667,78,2,3000,200000,-2.75,7.5,580,3600,1,1,4,0;1;2;3,580x3600;580x3600;580x3600;580x3600,2025-03-07T02:44:12,2025-03-07T02:53:28,150,270,245,15,12,300,15,5,0
signed-refit-input-v1,1,,proc/proc_skp_dp_scan1_170k_binned_NROW580_NBINROW1_NCOL3600_NBINCOL1_SC300000_vl-2.75_vh7.5_dtph750_NPUMPS3000_2_21.fits,proc_skp_dp_scan1_170k_binned_NROW580_NBINROW1_NCOL3600_NBINCOL1_SC300000_vl-2.75_vh7.5_dtph750_NPUMPS3000_2_21.fits,33477120,dp_scan1,170,750,5e-05,21,2,3000,300000,-2.75,7.5,580,3600,1,1,4,0;1;2;3,580x3600;580x3600;580x3600;580x3600,2025-02-22T18:40:50,2025-02-22T18:50:06,150,270,245,15,12,300,15,5,0
signed-refit-input-v1,1,,proc/proc_skp_dp_scan1_170k_binned_NROW580_NBINROW1_NCOL3600_NBINCOL1_SC300000_vl-2.75_vh7.5_dtph1200_NPUMPS3000_2_22.fits,proc_skp_dp_scan1_170k_binned_NROW580_NBINROW1_NCOL3600_NBINCOL1_SC300000_vl-2.75_vh7.5_dtph1200_NPUMPS3000_2_22.fits,33477120,dp_scan1,170,1200,8e-05,22,2,3000,300000,-2.75,7.5,580,3600,1,1,4,0;1;2;3,580x3600;580x3600;580x3600;580x3600,2025-02-22T18:53:27,2025-02-22T19:02:43,150,270,245,15,12,300,15,5,0
signed-refit-input-v1,1,,proc/proc_skp_dp_scan1_170k_binned_NROW580_NBINROW1_NCOL3600_NBINCOL1_SC300000_vl-2.75_vh7.5_dtph2000_NPUMPS3000_2_23.fits,proc_skp_dp_scan1_170k_binned_NROW580_NBINROW1_NCOL3600_NBINCOL1_SC300000_vl-2.75_vh7.5_dtph2000_NPUMPS3000_2_23.fits,33477120,dp_scan1,170,2000,0.000133333333333,23,2,3000,300000,-2.75,7.5,580,3600,1,1,4,0;1;2;3,580x3600;580x3600;580x3600;580x3600,2025-02-22T19:06:07,2025-02-22T19:15:23,150,270,245,15,12,300,15,5,0
signed-refit-input-v1,1,,proc/proc_skp_dp_scan1_170k_binned_NROW580_NBINROW1_NCOL3600_NBINCOL1_SC300000_vl-2.75_vh7.5_dtph3000_NPUMPS3000_2_24.fits,proc_skp_dp_scan1_170k_binned_NROW580_NBINROW1_NCOL3600_NBINCOL1_SC300000_vl-2.75_vh7.5_dtph3000_NPUMPS3000_2_24.fits,33477120,dp_scan1,170,3000,0.0002,24,2,3000,300000,-2.75,7.5,580,3600,1,1,4,0;1;2;3,580x3600;580x3600;580x3600;580x3600,2025-02-22T19:18:49,2025-02-22T19:28:06,150,270,245,15,12,300,15,5,0
signed-refit-input-v1,1,,proc/proc_skp_dp_scan1_170k_binned_NROW580_NBINROW1_NCOL3600_NBINCOL1_SC300000_vl-2.75_vh7.5_dtph5000_NPUMPS3000_2_25.fits,proc_skp_dp_scan1_170k_binned_NROW580_NBINROW1_NCOL3600_NBINCOL1_SC300000_vl-2.75_vh7.5_dtph5000_NPUMPS3000_2_25.fits,33477120,dp_scan1,170,5000,0.000333333333333,25,2,3000,300000,-2.75,7.5,580,3600,1,1,4,0;1;2;3,580x3600;580x3600;580x3600;580x3600,2025-02-22T19:31:39,2025-02-22T19:40:55,150,270,245,15,12,300,15,5,0
signed-refit-input-v1,1,,proc/proc_skp_dp_scan1_170k_binned_NROW580_NBINROW1_NCOL3600_NBINCOL1_SC300000_vl-2.75_vh7.5_dtph7000_NPUMPS3000_2_26.fits,proc_skp_dp_scan1_170k_binned_NROW580_NBINROW1_NCOL3600_NBINCOL1_SC300000_vl-2.75_vh7.5_dtph7000_NPUMPS3000_2_26.fits,33477120,dp_scan1,170,7000,0.000466666666667,26,2,3000,300000,-2.75,7.5,580,3600,1,1,4,0;1;2;3,580x3600;580x3600;580x3600;580x3600,2025-02-22T19:44:34,2025-02-22T19:53:51,150,270,245,15,12,300,15,5,0
signed-refit-input-v1,1,,proc/proc_skp_dp_scan1_170k_binned_NROW580_NBINROW1_NCOL3600_NBINCOL1_SC300000_vl-2.75_vh7.5_dtph18000_NPUMPS3000_2_27.fits,proc_skp_dp_scan1_170k_binned_NROW580_NBINROW1_NCOL3600_NBINCOL1_SC300000_vl-2.75_vh7.5_dtph18000_NPUMPS3000_2_27.fits,33477120,dp_scan1,170,18000,0.0012,27,2,3000,300000,-2.75,7.5,580,3600,1,1,4,0;1;2;3,580x3600;580x3600;580x3600;580x3600,2025-02-22T19:58:05,2025-02-22T20:07:21,150,270,245,15,12,300,15,5,0
signed-refit-input-v1,1,,proc/proc_skp_dp_scan1_170k_binned_NROW580_NBINROW1_NCOL3600_NBINCOL1_SC300000_vl-2.75_vh7.5_dtph28000_NPUMPS3000_2_28.fits,proc_skp_dp_scan1_170k_binned_NROW580_NBINROW1_NCOL3600_NBINCOL1_SC300000_vl-2.75_vh7.5_dtph28000_NPUMPS3000_2_28.fits,33477120,dp_scan1,170,28000,0.00186666666667,28,2,3000,300000,-2.75,7.5,580,3600,1,1,4,0;1;2;3,580x3600;580x3600;580x3600;580x3600,2025-02-22T20:12:08,2025-02-22T20:21:24,150,270,245,15,12,300,15,5,0
signed-refit-input-v1,1,,proc/proc_skp_dp_scan1_170k_binned_NROW580_NBINROW1_NCOL3600_NBINCOL1_SC300000_vl-2.75_vh7.5_dtph45000_NPUMPS3000_2_29.fits,proc_skp_dp_scan1_170k_binned_NROW580_NBINROW1_NCOL3600_NBINCOL1_SC300000_vl-2.75_vh7.5_dtph45000_NPUMPS3000_2_29.fits,33477120,dp_scan1,170,45000,0.003,29,2,3000,300000,-2.75,7.5,580,3600,1,1,4,0;1;2;3,580x3600;580x3600;580x3600;580x3600,2025-02-22T20:27:05,2025-02-22T20:36:21,150,270,245,15,12,300,15,5,0
signed-refit-input-v1,1,,proc/proc_skp_dp_scan1_170k_binned_NROW580_NBINROW1_NCOL3600_NBINCOL1_SC300000_vl-2.75_vh7.5_dtph70000_NPUMPS3000_2_30.fits,proc_skp_dp_scan1_170k_binned_NROW580_NBINROW1_NCOL3600_NBINCOL1_SC300000_vl-2.75_vh7.5_dtph70000_NPUMPS3000_2_30.fits,33477120,dp_scan1,170,70000,0.00466666666667,30,2,3000,300000,-2.75,7.5,580,3600,1,1,4,0;1;2;3,580x3600;580x3600;580x3600;580x3600,2025-02-22T20:43:22,2025-02-22T20:52:39,150,270,245,15,12,300,15,5,0
signed-refit-input-v1,1,,proc/proc_skp_dp_scan1_170k_binned_NROW580_NBINROW1_NCOL3600_NBINCOL1_SC300000_vl-2.75_vh7.5_dtph100000_NPUMPS3000_2_31.fits,proc_skp_dp_scan1_170k_binned_NROW580_NBINROW1_NCOL3600_NBINCOL1_SC300000_vl-2.75_vh7.5_dtph100000_NPUMPS3000_2_31.fits,33477120,dp_scan1,170,100000,0.00666666666667,31,2,3000,300000,-2.75,7.5,580,3600,1,1,4,0;1;2;3,580x3600;580x3600;580x3600;580x3600,2025-02-22T21:01:16,2025-02-22T21:10:32,150,270,245,15,12,300,15,5,0
signed-refit-input-v1,1,,proc/proc_skp_dp_scan1_170k_binned_NROW580_NBINROW1_NCOL3600_NBINCOL1_SC300000_vl-2.75_vh7.5_dtph170000_NPUMPS3000_2_32.fits,proc_skp_dp_scan1_170k_binned_NROW580_NBINROW1_NCOL3600_NBINCOL1_SC300000_vl-2.75_vh7.5_dtph170000_NPUMPS3000_2_32.fits,33477120,dp_scan1,170,170000,0.0113333333333,32,2,3000,300000,-2.75,7.5,580,3600,1,1,4,0;1;2;3,580x3600;580x3600;580x3600;580x3600,2025-02-22T21:22:53,2025-02-22T21:32:09,150,270,245,15,12,300,15,5,0
signed-refit-input-v1,1,,proc/proc_skp_dp_scan1_170k_binned_NROW580_NBINROW1_NCOL3600_NBINCOL1_SC300000_vl-2.75_vh7.5_dtph260000_NPUMPS3000_2_33.fits,proc_skp_dp_scan1_170k_binned_NROW580_NBINROW1_NCOL3600_NBINCOL1_SC300000_vl-2.75_vh7.5_dtph260000_NPUMPS3000_2_33.fits,33477120,dp_scan1,170,260000,0.0173333333333,33,2,3000,300000,-2.75,7.5,580,3600,1,1,4,0;1;2;3,580x3600;580x3600;580x3600;580x3600,2025-02-22T21:49:18,2025-02-22T21:58:35,150,270,245,15,12,300,15,5,0
signed-refit-input-v1,1,,proc/proc_skp_dp_scan1_170k_binned_NROW580_NBINROW1_NCOL3600_NBINCOL1_SC300000_vl-2.75_vh7.5_dtph400000_NPUMPS3000_2_34.fits,proc_skp_dp_scan1_170k_binned_NROW580_NBINROW1_NCOL3600_NBINCOL1_SC300000_vl-2.75_vh7.5_dtph400000_NPUMPS3000_2_34.fits,33477120,dp_scan1,170,400000,0.0266666666667,34,2,3000,300000,-2.75,7.5,580,3600,1,1,4,0;1;2;3,580x3600;580x3600;580x3600;580x3600,2025-02-22T22:23:12,2025-02-22T22:32:28,150,270,245,15,12,300,15,5,0
signed-refit-input-v1,1,,proc/proc_skp_dp_scan1_170k_binned_NROW580_NBINROW1_NCOL3600_NBINCOL1_SC300000_vl-2.75_vh7.5_dtph650000_NPUMPS3000_2_35.fits,proc_skp_dp_scan1_170k_binned_NROW580_NBINROW1_NCOL3600_NBINCOL1_SC300000_vl-2.75_vh7.5_dtph650000_NPUMPS3000_2_35.fits,33477120,dp_scan1,170,650000,0.0433333333333,35,2,3000,300000,-2.75,7.5,580,3600,1,1,4,0;1;2;3,580x3600;580x3600;580x3600;580x3600,2025-02-22T23:10:25,2025-02-22T23:19:41,150,270,245,15,12,300,15,5,0
signed-refit-input-v1,1,,proc/proc_skp_dp_scan1_170k_binned_NROW580_NBINROW1_NCOL3600_NBINCOL1_SC300000_vl-2.75_vh7.5_dtph1000000_NPUMPS3000_2_36.fits,proc_skp_dp_scan1_170k_binned_NROW580_NBINROW1_NCOL3600_NBINCOL1_SC300000_vl-2.75_vh7.5_dtph1000000_NPUMPS3000_2_36.fits,33477120,dp_scan1,170,1000000,0.0666666666667,36,2,3000,300000,-2.75,7.5,580,3600,1,1,4,0;1;2;3,580x3600;580x3600;580x3600;580x3600,2025-02-23T00:16:18,2025-02-23T00:25:35,150,270,245,15,12,300,15,5,0
signed-refit-input-v1,1,,proc/proc_skp_dp_scan1_170k_binned_NROW580_NBINROW1_NCOL3600_NBINCOL1_SC300000_vl-2.75_vh7.5_dtph1500000_NPUMPS3000_2_37.fits,proc_skp_dp_scan1_170k_binned_NROW580_NBINROW1_NCOL3600_NBINCOL1_SC300000_vl-2.75_vh7.5_dtph1500000_NPUMPS3000_2_37.fits,33477120,dp_scan1,170,1500000,0.1,37,2,3000,300000,-2.75,7.5,580,3600,1,1,4,0;1;2;3,580x3600;580x3600;580x3600;580x3600,2025-02-23T01:48:52,2025-02-23T01:58:08,150,270,245,15,12,300,15,5,0
signed-refit-input-v1,1,,proc/proc_skp_dp_scan1_170k_binned_NROW580_NBINROW1_NCOL3600_NBINCOL1_SC300000_vl-2.75_vh7.5_dtph2500000_NPUMPS3000_2_38.fits,proc_skp_dp_scan1_170k_binned_NROW580_NBINROW1_NCOL3600_NBINCOL1_SC300000_vl-2.75_vh7.5_dtph2500000_NPUMPS3000_2_38.fits,33477120,dp_scan1,170,2500000,0.166666666667,38,2,3000,300000,-2.75,7.5,580,3600,1,1,4,0;1;2;3,580x3600;580x3600;580x3600;580x3600,2025-02-23T04:14:45,2025-02-23T04:24:01,150,270,245,15,12,300,15,5,0
signed-refit-input-v1,1,,proc/proc_skp_temp_scan_run1_175k_binned_NROW580_NBINROW1_NCOL3600_NBINCOL1_SC200000_vl-2.75_vh7.5_dtph750_NPUMPS3000_2_42.fits,proc_skp_temp_scan_run1_175k_binned_NROW580_NBINROW1_NCOL3600_NBINCOL1_SC200000_vl-2.75_vh7.5_dtph750_NPUMPS3000_2_42.fits,33477120,temp_scan_run1,175,750,5e-05,42,2,3000,200000,-2.75,7.5,580,3600,1,1,4,0;1;2;3,580x3600;580x3600;580x3600;580x3600,2025-03-06T04:10:07,2025-03-06T04:19:23,150,270,245,15,12,300,15,5,0
signed-refit-input-v1,1,,proc/proc_skp_temp_scan_run1_175k_binned_NROW580_NBINROW1_NCOL3600_NBINCOL1_SC200000_vl-2.75_vh7.5_dtph1200_NPUMPS3000_2_43.fits,proc_skp_temp_scan_run1_175k_binned_NROW580_NBINROW1_NCOL3600_NBINCOL1_SC200000_vl-2.75_vh7.5_dtph1200_NPUMPS3000_2_43.fits,33477120,temp_scan_run1,175,1200,8e-05,43,2,3000,200000,-2.75,7.5,580,3600,1,1,4,0;1;2;3,580x3600;580x3600;580x3600;580x3600,2025-03-06T04:21:56,2025-03-06T04:31:13,150,270,245,15,12,300,15,5,0
signed-refit-input-v1,1,,proc/proc_skp_temp_scan_run1_175k_binned_NROW580_NBINROW1_NCOL3600_NBINCOL1_SC200000_vl-2.75_vh7.5_dtph2000_NPUMPS3000_2_44.fits,proc_skp_temp_scan_run1_175k_binned_NROW580_NBINROW1_NCOL3600_NBINCOL1_SC200000_vl-2.75_vh7.5_dtph2000_NPUMPS3000_2_44.fits,33477120,temp_scan_run1,175,2000,0.000133333333333,44,2,3000,200000,-2.75,7.5,580,3600,1,1,4,0;1;2;3,580x3600;580x3600;580x3600;580x3600,2025-03-06T04:33:48,2025-03-06T04:43:04,150,270,245,15,12,300,15,5,0
signed-refit-input-v1,1,,proc/proc_skp_temp_scan_run1_175k_binned_NROW580_NBINROW1_NCOL3600_NBINCOL1_SC200000_vl-2.75_vh7.5_dtph3000_NPUMPS3000_2_45.fits,proc_skp_temp_scan_run1_175k_binned_NROW580_NBINROW1_NCOL3600_NBINCOL1_SC200000_vl-2.75_vh7.5_dtph3000_NPUMPS3000_2_45.fits,33477120,temp_scan_run1,175,3000,0.0002,45,2,3000,200000,-2.75,7.5,580,3600,1,1,4,0;1;2;3,580x3600;580x3600;580x3600;580x3600,2025-03-06T04:45:43,2025-03-06T04:54:59,150,270,245,15,12,300,15,5,0
signed-refit-input-v1,1,,proc/proc_skp_temp_scan_run1_175k_binned_NROW580_NBINROW1_NCOL3600_NBINCOL1_SC200000_vl-2.75_vh7.5_dtph5000_NPUMPS3000_2_46.fits,proc_skp_temp_scan_run1_175k_binned_NROW580_NBINROW1_NCOL3600_NBINCOL1_SC200000_vl-2.75_vh7.5_dtph5000_NPUMPS3000_2_46.fits,33477120,temp_scan_run1,175,5000,0.000333333333333,46,2,3000,200000,-2.75,7.5,580,3600,1,1,4,0;1;2;3,580x3600;580x3600;580x3600;580x3600,2025-03-06T04:57:44,2025-03-06T05:07:00,150,270,245,15,12,300,15,5,0
signed-refit-input-v1,1,,proc/proc_skp_temp_scan_run1_175k_binned_NROW580_NBINROW1_NCOL3600_NBINCOL1_SC200000_vl-2.75_vh7.5_dtph8000_NPUMPS3000_2_47.fits,proc_skp_temp_scan_run1_175k_binned_NROW580_NBINROW1_NCOL3600_NBINCOL1_SC200000_vl-2.75_vh7.5_dtph8000_NPUMPS3000_2_47.fits,33477120,temp_scan_run1,175,8000,0.000533333333333,47,2,3000,200000,-2.75,7.5,580,3600,1,1,4,0;1;2;3,580x3600;580x3600;580x3600;580x3600,2025-03-06T05:09:55,2025-03-06T05:19:11,150,270,245,15,12,300,15,5,0
signed-refit-input-v1,1,,proc/proc_skp_temp_scan_run1_175k_binned_NROW580_NBINROW1_NCOL3600_NBINCOL1_SC200000_vl-2.75_vh7.5_dtph18000_NPUMPS3000_2_48.fits,proc_skp_temp_scan_run1_175k_binned_NROW580_NBINROW1_NCOL3600_NBINCOL1_SC200000_vl-2.75_vh7.5_dtph18000_NPUMPS3000_2_48.fits,33477120,temp_scan_run1,175,18000,0.0012,48,2,3000,200000,-2.75,7.5,580,3600,1,1,4,0;1;2;3,580x3600;580x3600;580x3600;580x3600,2025-03-06T05:22:38,2025-03-06T05:31:54,150,270,245,15,12,300,15,5,0
signed-refit-input-v1,1,,proc/proc_skp_temp_scan_run1_175k_binned_NROW580_NBINROW1_NCOL3600_NBINCOL1_SC200000_vl-2.75_vh7.5_dtph28000_NPUMPS3000_2_49.fits,proc_skp_temp_scan_run1_175k_binned_NROW580_NBINROW1_NCOL3600_NBINCOL1_SC200000_vl-2.75_vh7.5_dtph28000_NPUMPS3000_2_49.fits,33477120,temp_scan_run1,175,28000,0.00186666666667,49,2,3000,200000,-2.75,7.5,580,3600,1,1,4,0;1;2;3,580x3600;580x3600;580x3600;580x3600,2025-03-06T05:35:52,2025-03-06T05:45:09,150,270,245,15,12,300,15,5,0
signed-refit-input-v1,1,,proc/proc_skp_temp_scan_run1_175k_binned_NROW580_NBINROW1_NCOL3600_NBINCOL1_SC200000_vl-2.75_vh7.5_dtph45000_NPUMPS3000_2_50.fits,proc_skp_temp_scan_run1_175k_binned_NROW580_NBINROW1_NCOL3600_NBINCOL1_SC200000_vl-2.75_vh7.5_dtph45000_NPUMPS3000_2_50.fits,33477120,temp_scan_run1,175,45000,0.003,50,2,3000,200000,-2.75,7.5,580,3600,1,1,4,0;1;2;3,580x3600;580x3600;580x3600;580x3600,2025-03-06T05:50:02,2025-03-06T05:59:18,150,270,245,15,12,300,15,5,0
signed-refit-input-v1,1,,proc/proc_skp_temp_scan_run1_175k_binned_NROW580_NBINROW1_NCOL3600_NBINCOL1_SC200000_vl-2.75_vh7.5_dtph70000_NPUMPS3000_2_51.fits,proc_skp_temp_scan_run1_175k_binned_NROW580_NBINROW1_NCOL3600_NBINCOL1_SC200000_vl-2.75_vh7.5_dtph70000_NPUMPS3000_2_51.fits,33477120,temp_scan_run1,175,70000,0.00466666666667,51,2,3000,200000,-2.75,7.5,580,3600,1,1,4,0;1;2;3,580x3600;580x3600;580x3600;580x3600,2025-03-06T06:05:31,2025-03-06T06:14:47,150,270,245,15,12,300,15,5,0
signed-refit-input-v1,1,,proc/proc_skp_temp_scan_run1_175k_binned_NROW580_NBINROW1_NCOL3600_NBINCOL1_SC200000_vl-2.75_vh7.5_dtph100000_NPUMPS3000_2_52.fits,proc_skp_temp_scan_run1_175k_binned_NROW580_NBINROW1_NCOL3600_NBINCOL1_SC200000_vl-2.75_vh7.5_dtph100000_NPUMPS3000_2_52.fits,33477120,temp_scan_run1,175,100000,0.00666666666667,52,2,3000,200000,-2.75,7.5,580,3600,1,1,4,0;1;2;3,580x3600;580x3600;580x3600;580x3600,2025-03-06T06:22:36,2025-03-06T06:31:53,150,270,245,15,12,300,15,5,0
signed-refit-input-v1,1,,proc/proc_skp_temp_scan_run1_175k_binned_NROW580_NBINROW1_NCOL3600_NBINCOL1_SC200000_vl-2.75_vh7.5_dtph170000_NPUMPS3000_2_53.fits,proc_skp_temp_scan_run1_175k_binned_NROW580_NBINROW1_NCOL3600_NBINCOL1_SC200000_vl-2.75_vh7.5_dtph170000_NPUMPS3000_2_53.fits,33477120,temp_scan_run1,175,170000,0.0113333333333,53,2,3000,200000,-2.75,7.5,580,3600,1,1,4,0;1;2;3,580x3600;580x3600;580x3600;580x3600,2025-03-06T06:43:26,2025-03-06T06:52:42,150,270,245,15,12,300,15,5,0
signed-refit-input-v1,1,,proc/proc_skp_temp_scan_run1_175k_binned_NROW580_NBINROW1_NCOL3600_NBINCOL1_SC200000_vl-2.75_vh7.5_dtph260000_NPUMPS3000_2_54.fits,proc_skp_temp_scan_run1_175k_binned_NROW580_NBINROW1_NCOL3600_NBINCOL1_SC200000_vl-2.75_vh7.5_dtph260000_NPUMPS3000_2_54.fits,33477120,temp_scan_run1,175,260000,0.0173333333333,54,2,3000,200000,-2.75,7.5,580,3600,1,1,4,0;1;2;3,580x3600;580x3600;580x3600;580x3600,2025-03-06T07:09:03,2025-03-06T07:18:19,150,270,245,15,12,300,15,5,0
signed-refit-input-v1,1,,proc/proc_skp_temp_scan_run1_175k_binned_NROW580_NBINROW1_NCOL3600_NBINCOL1_SC200000_vl-2.75_vh7.5_dtph400000_NPUMPS3000_2_55.fits,proc_skp_temp_scan_run1_175k_binned_NROW580_NBINROW1_NCOL3600_NBINCOL1_SC200000_vl-2.75_vh7.5_dtph400000_NPUMPS3000_2_55.fits,33477120,temp_scan_run1,175,400000,0.0266666666667,55,2,3000,200000,-2.75,7.5,580,3600,1,1,4,0;1;2;3,580x3600;580x3600;580x3600;580x3600,2025-03-06T07:42:08,2025-03-06T07:51:24,150,270,245,15,12,300,15,5,0
signed-refit-input-v1,1,,proc/proc_skp_temp_scan_run1_175k_binned_NROW580_NBINROW1_NCOL3600_NBINCOL1_SC200000_vl-2.75_vh7.5_dtph650000_NPUMPS3000_2_56.fits,proc_skp_temp_scan_run1_175k_binned_NROW580_NBINROW1_NCOL3600_NBINCOL1_SC200000_vl-2.75_vh7.5_dtph650000_NPUMPS3000_2_56.fits,33477120,temp_scan_run1,175,650000,0.0433333333333,56,2,3000,200000,-2.75,7.5,580,3600,1,1,4,0;1;2;3,580x3600;580x3600;580x3600;580x3600,2025-03-06T08:28:33,2025-03-06T08:37:50,150,270,245,15,12,300,15,5,0
signed-refit-input-v1,1,,proc/proc_skp_temp_scan_run1_175k_binned_NROW580_NBINROW1_NCOL3600_NBINCOL1_SC200000_vl-2.75_vh7.5_dtph1000000_NPUMPS3000_2_57.fits,proc_skp_temp_scan_run1_175k_binned_NROW580_NBINROW1_NCOL3600_NBINCOL1_SC200000_vl-2.75_vh7.5_dtph1000000_NPUMPS3000_2_57.fits,33477120,temp_scan_run1,175,1000000,0.0666666666667,57,2,3000,200000,-2.75,7.5,580,3600,1,1,4,0;1;2;3,580x3600;580x3600;580x3600;580x3600,2025-03-06T09:33:39,2025-03-06T09:42:55,150,270,245,15,12,300,15,5,0
signed-refit-input-v1,1,,proc/proc_skp_temp_scan_run1_175k_binned_NROW580_NBINROW1_NCOL3600_NBINCOL1_SC200000_vl-2.75_vh7.5_dtph1500000_NPUMPS3000_2_58.fits,proc_skp_temp_scan_run1_175k_binned_NROW580_NBINROW1_NCOL3600_NBINCOL1_SC200000_vl-2.75_vh7.5_dtph1500000_NPUMPS3000_2_58.fits,33477120,temp_scan_run1,175,1500000,0.1,58,2,3000,200000,-2.75,7.5,580,3600,1,1,4,0;1;2;3,580x3600;580x3600;580x3600;580x3600,2025-03-06T11:05:24,2025-03-06T11:14:40,150,270,245,15,12,300,15,5,0
signed-refit-input-v1,1,,proc/proc_skp_temp_scan_run1_175k_binned_NROW580_NBINROW1_NCOL3600_NBINCOL1_SC200000_vl-2.75_vh7.5_dtph2500000_NPUMPS3000_2_59.fits,proc_skp_temp_scan_run1_175k_binned_NROW580_NBINROW1_NCOL3600_NBINCOL1_SC200000_vl-2.75_vh7.5_dtph2500000_NPUMPS3000_2_59.fits,33477120,temp_scan_run1,175,2500000,0.166666666667,59,2,3000,200000,-2.75,7.5,580,3600,1,1,4,0;1;2;3,580x3600;580x3600;580x3600;580x3600,2025-03-06T13:30:29,2025-03-06T13:39:46,150,270,245,15,12,300,15,5,0
signed-refit-input-v1,1,,proc/proc_skp_temp_scan_run1_180k_binned_NROW580_NBINROW1_NCOL3600_NBINCOL1_SC200000_vl-2.75_vh7.5_dtph750_NPUMPS3000_2_4.fits,proc_skp_temp_scan_run1_180k_binned_NROW580_NBINROW1_NCOL3600_NBINCOL1_SC200000_vl-2.75_vh7.5_dtph750_NPUMPS3000_2_4.fits,33477120,temp_scan_run1,180,750,5e-05,4,2,3000,200000,-2.75,7.5,580,3600,1,1,4,0;1;2;3,580x3600;580x3600;580x3600;580x3600,2025-03-18T23:40:48,2025-03-18T23:50:04,150,270,245,15,12,300,15,5,0
signed-refit-input-v1,1,,proc/proc_skp_temp_scan_run1_180k_binned_NROW580_NBINROW1_NCOL3600_NBINCOL1_SC200000_vl-2.75_vh7.5_dtph1200_NPUMPS3000_2_5.fits,proc_skp_temp_scan_run1_180k_binned_NROW580_NBINROW1_NCOL3600_NBINCOL1_SC200000_vl-2.75_vh7.5_dtph1200_NPUMPS3000_2_5.fits,33477120,temp_scan_run1,180,1200,8e-05,5,2,3000,200000,-2.75,7.5,580,3600,1,1,4,0;1;2;3,580x3600;580x3600;580x3600;580x3600,2025-03-18T23:52:37,2025-03-19T00:01:53,150,270,245,15,12,300,15,5,0
signed-refit-input-v1,1,,proc/proc_skp_temp_scan_run1_180k_binned_NROW580_NBINROW1_NCOL3600_NBINCOL1_SC200000_vl-2.75_vh7.5_dtph2000_NPUMPS3000_2_6.fits,proc_skp_temp_scan_run1_180k_binned_NROW580_NBINROW1_NCOL3600_NBINCOL1_SC200000_vl-2.75_vh7.5_dtph2000_NPUMPS3000_2_6.fits,33477120,temp_scan_run1,180,2000,0.000133333333333,6,2,3000,200000,-2.75,7.5,580,3600,1,1,4,0;1;2;3,580x3600;580x3600;580x3600;580x3600,2025-03-19T00:04:28,2025-03-19T00:13:45,150,270,245,15,12,300,15,5,0
signed-refit-input-v1,1,,proc/proc_skp_temp_scan_run1_180k_binned_NROW580_NBINROW1_NCOL3600_NBINCOL1_SC200000_vl-2.75_vh7.5_dtph3000_NPUMPS3000_2_7.fits,proc_skp_temp_scan_run1_180k_binned_NROW580_NBINROW1_NCOL3600_NBINCOL1_SC200000_vl-2.75_vh7.5_dtph3000_NPUMPS3000_2_7.fits,33477120,temp_scan_run1,180,3000,0.0002,7,2,3000,200000,-2.75,7.5,580,3600,1,1,4,0;1;2;3,580x3600;580x3600;580x3600;580x3600,2025-03-19T00:16:23,2025-03-19T00:25:40,150,270,245,15,12,300,15,5,0
signed-refit-input-v1,1,,proc/proc_skp_temp_scan_run1_180k_binned_NROW580_NBINROW1_NCOL3600_NBINCOL1_SC200000_vl-2.75_vh7.5_dtph5000_NPUMPS3000_2_8.fits,proc_skp_temp_scan_run1_180k_binned_NROW580_NBINROW1_NCOL3600_NBINCOL1_SC200000_vl-2.75_vh7.5_dtph5000_NPUMPS3000_2_8.fits,33477120,temp_scan_run1,180,5000,0.000333333333333,8,2,3000,200000,-2.75,7.5,580,3600,1,1,4,0;1;2;3,580x3600;580x3600;580x3600;580x3600,2025-03-19T00:28:25,2025-03-19T00:37:41,150,270,245,15,12,300,15,5,0
signed-refit-input-v1,1,,proc/proc_skp_temp_scan_run1_180k_binned_NROW580_NBINROW1_NCOL3600_NBINCOL1_SC200000_vl-2.75_vh7.5_dtph8000_NPUMPS3000_2_9.fits,proc_skp_temp_scan_run1_180k_binned_NROW580_NBINROW1_NCOL3600_NBINCOL1_SC200000_vl-2.75_vh7.5_dtph8000_NPUMPS3000_2_9.fits,33477120,temp_scan_run1,180,8000,0.000533333333333,9,2,3000,200000,-2.75,7.5,580,3600,1,1,4,0;1;2;3,580x3600;580x3600;580x3600;580x3600,2025-03-19T00:40:35,2025-03-19T00:49:52,150,270,245,15,12,300,15,5,0
signed-refit-input-v1,1,,proc/proc_skp_temp_scan_run1_180k_binned_NROW580_NBINROW1_NCOL3600_NBINCOL1_SC200000_vl-2.75_vh7.5_dtph18000_NPUMPS3000_2_10.fits,proc_skp_temp_scan_run1_180k_binned_NROW580_NBINROW1_NCOL3600_NBINCOL1_SC200000_vl-2.75_vh7.5_dtph18000_NPUMPS3000_2_10.fits,33477120,temp_scan_run1,180,18000,0.0012,10,2,3000,200000,-2.75,7.5,580,3600,1,1,4,0;1;2;3,580x3600;580x3600;580x3600;580x3600,2025-03-19T00:53:18,2025-03-19T01:02:34,150,270,245,15,12,300,15,5,0
signed-refit-input-v1,1,,proc/proc_skp_temp_scan_run1_180k_binned_NROW580_NBINROW1_NCOL3600_NBINCOL1_SC200000_vl-2.75_vh7.5_dtph28000_NPUMPS3000_2_11.fits,proc_skp_temp_scan_run1_180k_binned_NROW580_NBINROW1_NCOL3600_NBINCOL1_SC200000_vl-2.75_vh7.5_dtph28000_NPUMPS3000_2_11.fits,33477120,temp_scan_run1,180,28000,0.00186666666667,11,2,3000,200000,-2.75,7.5,580,3600,1,1,4,0;1;2;3,580x3600;580x3600;580x3600;580x3600,2025-03-19T01:06:33,2025-03-19T01:15:49,150,270,245,15,12,300,15,5,0
signed-refit-input-v1,1,,proc/proc_skp_temp_scan_run1_180k_binned_NROW580_NBINROW1_NCOL3600_NBINCOL1_SC200000_vl-2.75_vh7.5_dtph45000_NPUMPS3000_2_12.fits,proc_skp_temp_scan_run1_180k_binned_NROW580_NBINROW1_NCOL3600_NBINCOL1_SC200000_vl-2.75_vh7.5_dtph45000_NPUMPS3000_2_12.fits,33477120,temp_scan_run1,180,45000,0.003,12,2,3000,200000,-2.75,7.5,580,3600,1,1,4,0;1;2;3,580x3600;580x3600;580x3600;580x3600,2025-03-19T01:20:42,2025-03-19T01:29:58,150,270,245,15,12,300,15,5,0
signed-refit-input-v1,1,,proc/proc_skp_temp_scan_run1_180k_binned_NROW580_NBINROW1_NCOL3600_NBINCOL1_SC200000_vl-2.75_vh7.5_dtph70000_NPUMPS3000_2_13.fits,proc_skp_temp_scan_run1_180k_binned_NROW580_NBINROW1_NCOL3600_NBINCOL1_SC200000_vl-2.75_vh7.5_dtph70000_NPUMPS3000_2_13.fits,33477120,temp_scan_run1,180,70000,0.00466666666667,13,2,3000,200000,-2.75,7.5,580,3600,1,1,4,0;1;2;3,580x3600;580x3600;580x3600;580x3600,2025-03-19T01:36:11,2025-03-19T01:45:28,150,270,245,15,12,300,15,5,0
signed-refit-input-v1,1,,proc/proc_skp_temp_scan_run1_180k_binned_NROW580_NBINROW1_NCOL3600_NBINCOL1_SC200000_vl-2.75_vh7.5_dtph100000_NPUMPS3000_2_14.fits,proc_skp_temp_scan_run1_180k_binned_NROW580_NBINROW1_NCOL3600_NBINCOL1_SC200000_vl-2.75_vh7.5_dtph100000_NPUMPS3000_2_14.fits,33477120,temp_scan_run1,180,100000,0.00666666666667,14,2,3000,200000,-2.75,7.5,580,3600,1,1,4,0;1;2;3,580x3600;580x3600;580x3600;580x3600,2025-03-19T01:53:16,2025-03-19T02:02:33,150,270,245,15,12,300,15,5,0
signed-refit-input-v1,1,,proc/proc_skp_temp_scan_run1_180k_binned_NROW580_NBINROW1_NCOL3600_NBINCOL1_SC200000_vl-2.75_vh7.5_dtph170000_NPUMPS3000_2_15.fits,proc_skp_temp_scan_run1_180k_binned_NROW580_NBINROW1_NCOL3600_NBINCOL1_SC200000_vl-2.75_vh7.5_dtph170000_NPUMPS3000_2_15.fits,33477120,temp_scan_run1,180,170000,0.0113333333333,15,2,3000,200000,-2.75,7.5,580,3600,1,1,4,0;1;2;3,580x3600;580x3600;580x3600;580x3600,2025-03-19T02:14:06,2025-03-19T02:23:22,150,270,245,15,12,300,15,5,0
signed-refit-input-v1,1,,proc/proc_skp_temp_scan_run1_180k_binned_NROW580_NBINROW1_NCOL3600_NBINCOL1_SC200000_vl-2.75_vh7.5_dtph260000_NPUMPS3000_2_16.fits,proc_skp_temp_scan_run1_180k_binned_NROW580_NBINROW1_NCOL3600_NBINCOL1_SC200000_vl-2.75_vh7.5_dtph260000_NPUMPS3000_2_16.fits,33477120,temp_scan_run1,180,260000,0.0173333333333,16,2,3000,200000,-2.75,7.5,580,3600,1,1,4,0;1;2;3,580x3600;580x3600;580x3600;580x3600,2025-03-19T02:39:43,2025-03-19T02:48:59,150,270,245,15,12,300,15,5,0
signed-refit-input-v1,1,,proc/proc_skp_temp_scan_run1_180k_binned_NROW580_NBINROW1_NCOL3600_NBINCOL1_SC200000_vl-2.75_vh7.5_dtph400000_NPUMPS3000_2_17.fits,proc_skp_temp_scan_run1_180k_binned_NROW580_NBINROW1_NCOL3600_NBINCOL1_SC200000_vl-2.75_vh7.5_dtph400000_NPUMPS3000_2_17.fits,33477120,temp_scan_run1,180,400000,0.0266666666667,17,2,3000,200000,-2.75,7.5,580,3600,1,1,4,0;1;2;3,580x3600;580x3600;580x3600;580x3600,2025-03-19T03:12:49,2025-03-19T03:22:05,150,270,245,15,12,300,15,5,0
signed-refit-input-v1,1,,proc/proc_skp_temp_scan_run1_180k_binned_NROW580_NBINROW1_NCOL3600_NBINCOL1_SC200000_vl-2.75_vh7.5_dtph650000_NPUMPS3000_2_18.fits,proc_skp_temp_scan_run1_180k_binned_NROW580_NBINROW1_NCOL3600_NBINCOL1_SC200000_vl-2.75_vh7.5_dtph650000_NPUMPS3000_2_18.fits,33477120,temp_scan_run1,180,650000,0.0433333333333,18,2,3000,200000,-2.75,7.5,580,3600,1,1,4,0;1;2;3,580x3600;580x3600;580x3600;580x3600,2025-03-19T03:59:14,2025-03-19T04:08:30,150,270,245,15,12,300,15,5,0
signed-refit-input-v1,1,,proc/proc_skp_temp_scan_run1_180k_binned_NROW580_NBINROW1_NCOL3600_NBINCOL1_SC200000_vl-2.75_vh7.5_dtph1000000_NPUMPS3000_2_19.fits,proc_skp_temp_scan_run1_180k_binned_NROW580_NBINROW1_NCOL3600_NBINCOL1_SC200000_vl-2.75_vh7.5_dtph1000000_NPUMPS3000_2_19.fits,33477120,temp_scan_run1,180,1000000,0.0666666666667,19,2,3000,200000,-2.75,7.5,580,3600,1,1,4,0;1;2;3,580x3600;580x3600;580x3600;580x3600,2025-03-19T05:04:19,2025-03-19T05:13:35,150,270,245,15,12,300,15,5,0
signed-refit-input-v1,1,,proc/proc_skp_temp_scan_run1_180k_binned_NROW580_NBINROW1_NCOL3600_NBINCOL1_SC200000_vl-2.75_vh7.5_dtph1500000_NPUMPS3000_2_20.fits,proc_skp_temp_scan_run1_180k_binned_NROW580_NBINROW1_NCOL3600_NBINCOL1_SC200000_vl-2.75_vh7.5_dtph1500000_NPUMPS3000_2_20.fits,33477120,temp_scan_run1,180,1500000,0.1,20,2,3000,200000,-2.75,7.5,580,3600,1,1,4,0;1;2;3,580x3600;580x3600;580x3600;580x3600,2025-03-19T06:36:05,2025-03-19T06:45:21,150,270,245,15,12,300,15,5,0
signed-refit-input-v1,1,,proc/proc_skp_temp_scan_run1_180k_binned_NROW580_NBINROW1_NCOL3600_NBINCOL1_SC200000_vl-2.75_vh7.5_dtph1800000_NPUMPS3000_2_21.fits,proc_skp_temp_scan_run1_180k_binned_NROW580_NBINROW1_NCOL3600_NBINCOL1_SC200000_vl-2.75_vh7.5_dtph1800000_NPUMPS3000_2_21.fits,33477120,temp_scan_run1,180,1800000,0.12,21,2,3000,200000,-2.75,7.5,580,3600,1,1,4,0;1;2;3,580x3600;580x3600;580x3600;580x3600,2025-03-19T08:23:50,2025-03-19T08:33:06,150,270,245,15,12,300,15,5,0
signed-refit-input-v1,1,,proc/proc_skp_temp_scan_run1_180k_binned_NROW580_NBINROW1_NCOL3600_NBINCOL1_SC200000_vl-2.75_vh7.5_dtph2000000_NPUMPS3000_2_22.fits,proc_skp_temp_scan_run1_180k_binned_NROW580_NBINROW1_NCOL3600_NBINCOL1_SC200000_vl-2.75_vh7.5_dtph2000000_NPUMPS3000_2_22.fits,33477120,temp_scan_run1,180,2000000,0.133333333333,22,2,3000,200000,-2.75,7.5,580,3600,1,1,4,0;1;2;3,580x3600;580x3600;580x3600;580x3600,2025-03-19T10:22:15,2025-03-19T10:31:31,150,270,245,15,12,300,15,5,0
signed-refit-input-v1,1,,proc/proc_skp_temp_scan_run1_180k_binned_NROW580_NBINROW1_NCOL3600_NBINCOL1_SC200000_vl-2.75_vh7.5_dtph2500000_NPUMPS3000_2_23.fits,proc_skp_temp_scan_run1_180k_binned_NROW580_NBINROW1_NCOL3600_NBINCOL1_SC200000_vl-2.75_vh7.5_dtph2500000_NPUMPS3000_2_23.fits,33477120,temp_scan_run1,180,2500000,0.166666666667,23,2,3000,200000,-2.75,7.5,580,3600,1,1,4,0;1;2;3,580x3600;580x3600;580x3600;580x3600,2025-03-19T12:47:20,2025-03-19T12:56:37,150,270,245,15,12,300,15,5,0
signed-refit-input-v1,1,,proc/proc_skp_temp_scan_run1_180k_binned_NROW580_NBINROW1_NCOL3600_NBINCOL1_SC200000_vl-2.75_vh7.5_dtph3500000_NPUMPS3000_2_24.fits,proc_skp_temp_scan_run1_180k_binned_NROW580_NBINROW1_NCOL3600_NBINCOL1_SC200000_vl-2.75_vh7.5_dtph3500000_NPUMPS3000_2_24.fits,33477120,temp_scan_run1,180,3500000,0.233333333333,24,2,3000,200000,-2.75,7.5,580,3600,1,1,4,0;1;2;3,580x3600;580x3600;580x3600;580x3600,2025-03-19T16:05:46,2025-03-19T16:15:02,150,270,245,15,12,300,15,5,0
signed-refit-input-v1,1,,proc/proc_skp_temp_scan_run1_180k_binned_NROW580_NBINROW1_NCOL3600_NBINCOL1_SC200000_vl-2.75_vh7.5_dtph6500000_NPUMPS3000_2_25.fits,proc_skp_temp_scan_run1_180k_binned_NROW580_NBINROW1_NCOL3600_NBINCOL1_SC200000_vl-2.75_vh7.5_dtph6500000_NPUMPS3000_2_25.fits,33477120,temp_scan_run1,180,6500000,0.433333333333,25,2,3000,200000,-2.75,7.5,580,3600,1,1,4,0;1;2;3,580x3600;580x3600;580x3600;580x3600,2025-03-19T22:04:11,2025-03-19T22:13:27,150,270,245,15,12,300,15,5,0
signed-refit-input-v1,1,,proc/proc_skp_temp_scan_run1_180k_binned_NROW580_NBINROW1_NCOL3600_NBINCOL1_SC200000_vl-2.75_vh7.5_dtph8500000_NPUMPS3000_2_26.fits,proc_skp_temp_scan_run1_180k_binned_NROW580_NBINROW1_NCOL3600_NBINCOL1_SC200000_vl-2.75_vh7.5_dtph8500000_NPUMPS3000_2_26.fits,33477120,temp_scan_run1,180,8500000,0.566666666667,26,2,3000,200000,-2.75,7.5,580,3600,1,1,4,0;1;2;3,580x3600;580x3600;580x3600;580x3600,2025-03-20T05:49:16,2025-03-20T05:58:33,150,270,245,15,12,300,15,5,0
signed-refit-input-v1,1,,proc/proc_skp_temp_scan_run1_180k_binned_NROW580_NBINROW1_NCOL3600_NBINCOL1_SC200000_vl-2.75_vh7.5_dtph10500000_NPUMPS3000_2_27.fits,proc_skp_temp_scan_run1_180k_binned_NROW580_NBINROW1_NCOL3600_NBINCOL1_SC200000_vl-2.75_vh7.5_dtph10500000_NPUMPS3000_2_27.fits,33477120,temp_scan_run1,180,10500000,0.7,27,2,3000,200000,-2.75,7.5,580,3600,1,1,4,0;1;2;3,580x3600;580x3600;580x3600;580x3600,2025-03-20T15:21:02,2025-03-20T15:30:18,150,270,245,15,12,300,15,5,0
signed-refit-input-v1,1,,proc/proc_skp_temp_scan_run1_180k_binned_NROW580_NBINROW1_NCOL3600_NBINCOL1_SC200000_vl-2.75_vh7.5_dtph15500000_NPUMPS3000_2_28.fits,proc_skp_temp_scan_run1_180k_binned_NROW580_NBINROW1_NCOL3600_NBINCOL1_SC200000_vl-2.75_vh7.5_dtph15500000_NPUMPS3000_2_28.fits,33477120,temp_scan_run1,180,15500000,1.03333333333,28,2,3000,200000,-2.75,7.5,580,3600,1,1,4,0;1;2;3,580x3600;580x3600;580x3600;580x3600,2025-03-21T05:19:28,2025-03-21T05:28:44,150,270,245,15,12,300,15,5,0
signed-refit-input-v1,1,,proc/proc_skp_temp_scan_run1_183k_binned_NROW580_NBINROW1_NCOL3600_NBINCOL1_SC200000_vl-2.75_vh7.5_dtph750_NPUMPS3000_2_30.fits,proc_skp_temp_scan_run1_183k_binned_NROW580_NBINROW1_NCOL3600_NBINCOL1_SC200000_vl-2.75_vh7.5_dtph750_NPUMPS3000_2_30.fits,33477120,temp_scan_run1,183,750,5e-05,30,2,3000,200000,-2.75,7.5,580,3600,1,1,4,0;1;2;3,580x3600;580x3600;580x3600;580x3600,2025-03-21T09:12:49,2025-03-21T09:22:05,150,270,245,15,12,300,15,5,0
signed-refit-input-v1,1,,proc/proc_skp_temp_scan_run1_183k_binned_NROW580_NBINROW1_NCOL3600_NBINCOL1_SC200000_vl-2.75_vh7.5_dtph1200_NPUMPS3000_2_31.fits,proc_skp_temp_scan_run1_183k_binned_NROW580_NBINROW1_NCOL3600_NBINCOL1_SC200000_vl-2.75_vh7.5_dtph1200_NPUMPS3000_2_31.fits,33477120,temp_scan_run1,183,1200,8e-05,31,2,3000,200000,-2.75,7.5,580,3600,1,1,4,0;1;2;3,580x3600;580x3600;580x3600;580x3600,2025-03-21T09:24:38,2025-03-21T09:33:54,150,270,245,15,12,300,15,5,0
signed-refit-input-v1,1,,proc/proc_skp_temp_scan_run1_183k_binned_NROW580_NBINROW1_NCOL3600_NBINCOL1_SC200000_vl-2.75_vh7.5_dtph2000_NPUMPS3000_2_32.fits,proc_skp_temp_scan_run1_183k_binned_NROW580_NBINROW1_NCOL3600_NBINCOL1_SC200000_vl-2.75_vh7.5_dtph2000_NPUMPS3000_2_32.fits,33477120,temp_scan_run1,183,2000,0.000133333333333,32,2,3000,200000,-2.75,7.5,580,3600,1,1,4,0;1;2;3,580x3600;580x3600;580x3600;580x3600,2025-03-21T09:36:29,2025-03-21T09:45:46,150,270,245,15,12,300,15,5,0
signed-refit-input-v1,1,,proc/proc_skp_temp_scan_run1_183k_binned_NROW580_NBINROW1_NCOL3600_NBINCOL1_SC200000_vl-2.75_vh7.5_dtph3000_NPUMPS3000_2_33.fits,proc_skp_temp_scan_run1_183k_binned_NROW580_NBINROW1_NCOL3600_NBINCOL1_SC200000_vl-2.75_vh7.5_dtph3000_NPUMPS3000_2_33.fits,33477120,temp_scan_run1,183,3000,0.0002,33,2,3000,200000,-2.75,7.5,580,3600,1,1,4,0;1;2;3,580x3600;580x3600;580x3600;580x3600,2025-03-21T09:48:24,2025-03-21T09:57:41,150,270,245,15,12,300,15,5,0
signed-refit-input-v1,1,,proc/proc_skp_temp_scan_run1_183k_binned_NROW580_NBINROW1_NCOL3600_NBINCOL1_SC200000_vl-2.75_vh7.5_dtph5000_NPUMPS3000_2_34.fits,proc_skp_temp_scan_run1_183k_binned_NROW580_NBINROW1_NCOL3600_NBINCOL1_SC200000_vl-2.75_vh7.5_dtph5000_NPUMPS3000_2_34.fits,33477120,temp_scan_run1,183,5000,0.000333333333333,34,2,3000,200000,-2.75,7.5,580,3600,1,1,4,0;1;2;3,580x3600;580x3600;580x3600;580x3600,2025-03-21T10:00:26,2025-03-21T10:09:42,150,270,245,15,12,300,15,5,0
signed-refit-input-v1,1,,proc/proc_skp_temp_scan_run1_183k_binned_NROW580_NBINROW1_NCOL3600_NBINCOL1_SC200000_vl-2.75_vh7.5_dtph8000_NPUMPS3000_2_35.fits,proc_skp_temp_scan_run1_183k_binned_NROW580_NBINROW1_NCOL3600_NBINCOL1_SC200000_vl-2.75_vh7.5_dtph8000_NPUMPS3000_2_35.fits,33477120,temp_scan_run1,183,8000,0.000533333333333,35,2,3000,200000,-2.75,7.5,580,3600,1,1,4,0;1;2;3,580x3600;580x3600;580x3600;580x3600,2025-03-21T10:12:37,2025-03-21T10:21:53,150,270,245,15,12,300,15,5,0
signed-refit-input-v1,1,,proc/proc_skp_temp_scan_run1_183k_binned_NROW580_NBINROW1_NCOL3600_NBINCOL1_SC200000_vl-2.75_vh7.5_dtph18000_NPUMPS3000_2_36.fits,proc_skp_temp_scan_run1_183k_binned_NROW580_NBINROW1_NCOL3600_NBINCOL1_SC200000_vl-2.75_vh7.5_dtph18000_NPUMPS3000_2_36.fits,33477120,temp_scan_run1,183,18000,0.0012,36,2,3000,200000,-2.75,7.5,580,3600,1,1,4,0;1;2;3,580x3600;580x3600;580x3600;580x3600,2025-03-21T10:25:20,2025-03-21T10:34:36,150,270,245,15,12,300,15,5,0
signed-refit-input-v1,1,,proc/proc_skp_temp_scan_run1_183k_binned_NROW580_NBINROW1_NCOL3600_NBINCOL1_SC200000_vl-2.75_vh7.5_dtph28000_NPUMPS3000_2_37.fits,proc_skp_temp_scan_run1_183k_binned_NROW580_NBINROW1_NCOL3600_NBINCOL1_SC200000_vl-2.75_vh7.5_dtph28000_NPUMPS3000_2_37.fits,33477120,temp_scan_run1,183,28000,0.00186666666667,37,2,3000,200000,-2.75,7.5,580,3600,1,1,4,0;1;2;3,580x3600;580x3600;580x3600;580x3600,2025-03-21T10:38:34,2025-03-21T10:47:51,150,270,245,15,12,300,15,5,0
signed-refit-input-v1,1,,proc/proc_skp_temp_scan_run1_183k_binned_NROW580_NBINROW1_NCOL3600_NBINCOL1_SC200000_vl-2.75_vh7.5_dtph45000_NPUMPS3000_2_38.fits,proc_skp_temp_scan_run1_183k_binned_NROW580_NBINROW1_NCOL3600_NBINCOL1_SC200000_vl-2.75_vh7.5_dtph45000_NPUMPS3000_2_38.fits,33477120,temp_scan_run1,183,45000,0.003,38,2,3000,200000,-2.75,7.5,580,3600,1,1,4,0;1;2;3,580x3600;580x3600;580x3600;580x3600,2025-03-21T10:52:44,2025-03-21T11:02:00,150,270,245,15,12,300,15,5,0
signed-refit-input-v1,1,,proc/proc_skp_temp_scan_run1_183k_binned_NROW580_NBINROW1_NCOL3600_NBINCOL1_SC200000_vl-2.75_vh7.5_dtph70000_NPUMPS3000_2_39.fits,proc_skp_temp_scan_run1_183k_binned_NROW580_NBINROW1_NCOL3600_NBINCOL1_SC200000_vl-2.75_vh7.5_dtph70000_NPUMPS3000_2_39.fits,33477120,temp_scan_run1,183,70000,0.00466666666667,39,2,3000,200000,-2.75,7.5,580,3600,1,1,4,0;1;2;3,580x3600;580x3600;580x3600;580x3600,2025-03-21T11:08:13,2025-03-21T11:17:29,150,270,245,15,12,300,15,5,0
signed-refit-input-v1,1,,proc/proc_skp_temp_scan_run1_183k_binned_NROW580_NBINROW1_NCOL3600_NBINCOL1_SC200000_vl-2.75_vh7.5_dtph100000_NPUMPS3000_2_40.fits,proc_skp_temp_scan_run1_183k_binned_NROW580_NBINROW1_NCOL3600_NBINCOL1_SC200000_vl-2.75_vh7.5_dtph100000_NPUMPS3000_2_40.fits,33477120,temp_scan_run1,183,100000,0.00666666666667,40,2,3000,200000,-2.75,7.5,580,3600,1,1,4,0;1;2;3,580x3600;580x3600;580x3600;580x3600,2025-03-21T11:25:18,2025-03-21T11:34:35,150,270,245,15,12,300,15,5,0
signed-refit-input-v1,1,,proc/proc_skp_temp_scan_run1_183k_binned_NROW580_NBINROW1_NCOL3600_NBINCOL1_SC200000_vl-2.75_vh7.5_dtph170000_NPUMPS3000_2_41.fits,proc_skp_temp_scan_run1_183k_binned_NROW580_NBINROW1_NCOL3600_NBINCOL1_SC200000_vl-2.75_vh7.5_dtph170000_NPUMPS3000_2_41.fits,33477120,temp_scan_run1,183,170000,0.0113333333333,41,2,3000,200000,-2.75,7.5,580,3600,1,1,4,0;1;2;3,580x3600;580x3600;580x3600;580x3600,2025-03-21T11:46:07,2025-03-21T11:55:24,150,270,245,15,12,300,15,5,0
signed-refit-input-v1,1,,proc/proc_skp_temp_scan_run1_183k_binned_NROW580_NBINROW1_NCOL3600_NBINCOL1_SC200000_vl-2.75_vh7.5_dtph260000_NPUMPS3000_2_42.fits,proc_skp_temp_scan_run1_183k_binned_NROW580_NBINROW1_NCOL3600_NBINCOL1_SC200000_vl-2.75_vh7.5_dtph260000_NPUMPS3000_2_42.fits,33477120,temp_scan_run1,183,260000,0.0173333333333,42,2,3000,200000,-2.75,7.5,580,3600,1,1,4,0;1;2;3,580x3600;580x3600;580x3600;580x3600,2025-03-21T12:11:45,2025-03-21T12:21:01,150,270,245,15,12,300,15,5,0
signed-refit-input-v1,1,,proc/proc_skp_temp_scan_run1_183k_binned_NROW580_NBINROW1_NCOL3600_NBINCOL1_SC200000_vl-2.75_vh7.5_dtph400000_NPUMPS3000_2_43.fits,proc_skp_temp_scan_run1_183k_binned_NROW580_NBINROW1_NCOL3600_NBINCOL1_SC200000_vl-2.75_vh7.5_dtph400000_NPUMPS3000_2_43.fits,33477120,temp_scan_run1,183,400000,0.0266666666667,43,2,3000,200000,-2.75,7.5,580,3600,1,1,4,0;1;2;3,580x3600;580x3600;580x3600;580x3600,2025-03-21T12:44:50,2025-03-21T12:54:06,150,270,245,15,12,300,15,5,0
signed-refit-input-v1,1,,proc/proc_skp_temp_scan_run1_183k_binned_NROW580_NBINROW1_NCOL3600_NBINCOL1_SC200000_vl-2.75_vh7.5_dtph650000_NPUMPS3000_2_44.fits,proc_skp_temp_scan_run1_183k_binned_NROW580_NBINROW1_NCOL3600_NBINCOL1_SC200000_vl-2.75_vh7.5_dtph650000_NPUMPS3000_2_44.fits,33477120,temp_scan_run1,183,650000,0.0433333333333,44,2,3000,200000,-2.75,7.5,580,3600,1,1,4,0;1;2;3,580x3600;580x3600;580x3600;580x3600,2025-03-21T13:31:15,2025-03-21T13:40:32,150,270,245,15,12,300,15,5,0
signed-refit-input-v1,1,,proc/proc_skp_temp_scan_run1_183k_binned_NROW580_NBINROW1_NCOL3600_NBINCOL1_SC200000_vl-2.75_vh7.5_dtph1000000_NPUMPS3000_2_45.fits,proc_skp_temp_scan_run1_183k_binned_NROW580_NBINROW1_NCOL3600_NBINCOL1_SC200000_vl-2.75_vh7.5_dtph1000000_NPUMPS3000_2_45.fits,33477120,temp_scan_run1,183,1000000,0.0666666666667,45,2,3000,200000,-2.75,7.5,580,3600,1,1,4,0;1;2;3,580x3600;580x3600;580x3600;580x3600,2025-03-21T14:36:21,2025-03-21T14:45:37,150,270,245,15,12,300,15,5,0
signed-refit-input-v1,1,,proc/proc_skp_temp_scan_run1_183k_binned_NROW580_NBINROW1_NCOL3600_NBINCOL1_SC200000_vl-2.75_vh7.5_dtph1500000_NPUMPS3000_2_46.fits,proc_skp_temp_scan_run1_183k_binned_NROW580_NBINROW1_NCOL3600_NBINCOL1_SC200000_vl-2.75_vh7.5_dtph1500000_NPUMPS3000_2_46.fits,33477120,temp_scan_run1,183,1500000,0.1,46,2,3000,200000,-2.75,7.5,580,3600,1,1,4,0;1;2;3,580x3600;580x3600;580x3600;580x3600,2025-03-21T16:08:06,2025-03-21T16:17:22,150,270,245,15,12,300,15,5,0
signed-refit-input-v1,1,,proc/proc_skp_temp_scan_run1_183k_binned_NROW580_NBINROW1_NCOL3600_NBINCOL1_SC200000_vl-2.75_vh7.5_dtph1800000_NPUMPS3000_2_47.fits,proc_skp_temp_scan_run1_183k_binned_NROW580_NBINROW1_NCOL3600_NBINCOL1_SC200000_vl-2.75_vh7.5_dtph1800000_NPUMPS3000_2_47.fits,33477120,temp_scan_run1,183,1800000,0.12,47,2,3000,200000,-2.75,7.5,580,3600,1,1,4,0;1;2;3,580x3600;580x3600;580x3600;580x3600,2025-03-21T17:55:51,2025-03-21T18:05:08,150,270,245,15,12,300,15,5,0
signed-refit-input-v1,1,,proc/proc_skp_temp_scan_run1_183k_binned_NROW580_NBINROW1_NCOL3600_NBINCOL1_SC200000_vl-2.75_vh7.5_dtph2000000_NPUMPS3000_2_48.fits,proc_skp_temp_scan_run1_183k_binned_NROW580_NBINROW1_NCOL3600_NBINCOL1_SC200000_vl-2.75_vh7.5_dtph2000000_NPUMPS3000_2_48.fits,33477120,temp_scan_run1,183,2000000,0.133333333333,48,2,3000,200000,-2.75,7.5,580,3600,1,1,4,0;1;2;3,580x3600;580x3600;580x3600;580x3600,2025-03-21T19:54:17,2025-03-21T20:03:33,150,270,245,15,12,300,15,5,0
signed-refit-input-v1,1,,proc/proc_skp_temp_scan_run1_183k_binned_NROW580_NBINROW1_NCOL3600_NBINCOL1_SC200000_vl-2.75_vh7.5_dtph2500000_NPUMPS3000_2_49.fits,proc_skp_temp_scan_run1_183k_binned_NROW580_NBINROW1_NCOL3600_NBINCOL1_SC200000_vl-2.75_vh7.5_dtph2500000_NPUMPS3000_2_49.fits,33477120,temp_scan_run1,183,2500000,0.166666666667,49,2,3000,200000,-2.75,7.5,580,3600,1,1,4,0;1;2;3,580x3600;580x3600;580x3600;580x3600,2025-03-21T22:19:22,2025-03-21T22:28:38,150,270,245,15,12,300,15,5,0
signed-refit-input-v1,1,,proc/proc_skp_temp_scan_run1_183k_binned_NROW580_NBINROW1_NCOL3600_NBINCOL1_SC200000_vl-2.75_vh7.5_dtph3500000_NPUMPS3000_2_50.fits,proc_skp_temp_scan_run1_183k_binned_NROW580_NBINROW1_NCOL3600_NBINCOL1_SC200000_vl-2.75_vh7.5_dtph3500000_NPUMPS3000_2_50.fits,33477120,temp_scan_run1,183,3500000,0.233333333333,50,2,3000,200000,-2.75,7.5,580,3600,1,1,4,0;1;2;3,580x3600;580x3600;580x3600;580x3600,2025-03-22T01:37:47,2025-03-22T01:47:04,150,270,245,15,12,300,15,5,0
signed-refit-input-v1,1,,proc/proc_skp_temp_scan_run1_183k_binned_NROW580_NBINROW1_NCOL3600_NBINCOL1_SC200000_vl-2.75_vh7.5_dtph6500000_NPUMPS3000_2_51.fits,proc_skp_temp_scan_run1_183k_binned_NROW580_NBINROW1_NCOL3600_NBINCOL1_SC200000_vl-2.75_vh7.5_dtph6500000_NPUMPS3000_2_51.fits,33477120,temp_scan_run1,183,6500000,0.433333333333,51,2,3000,200000,-2.75,7.5,580,3600,1,1,4,0;1;2;3,580x3600;580x3600;580x3600;580x3600,2025-03-22T07:36:13,2025-03-22T07:45:29,150,270,245,15,12,300,15,5,0
signed-refit-input-v1,1,,proc/proc_skp_temp_scan_run1_183k_binned_NROW580_NBINROW1_NCOL3600_NBINCOL1_SC200000_vl-2.75_vh7.5_dtph8500000_NPUMPS3000_2_52.fits,proc_skp_temp_scan_run1_183k_binned_NROW580_NBINROW1_NCOL3600_NBINCOL1_SC200000_vl-2.75_vh7.5_dtph8500000_NPUMPS3000_2_52.fits,33477120,temp_scan_run1,183,8500000,0.566666666667,52,2,3000,200000,-2.75,7.5,580,3600,1,1,4,0;1;2;3,580x3600;580x3600;580x3600;580x3600,2025-03-22T15:21:18,2025-03-22T15:30:34,150,270,245,15,12,300,15,5,0
signed-refit-input-v1,1,,proc/proc_skp_temp_scan_run1_183k_binned_NROW580_NBINROW1_NCOL3600_NBINCOL1_SC200000_vl-2.75_vh7.5_dtph10500000_NPUMPS3000_2_53.fits,proc_skp_temp_scan_run1_183k_binned_NROW580_NBINROW1_NCOL3600_NBINCOL1_SC200000_vl-2.75_vh7.5_dtph10500000_NPUMPS3000_2_53.fits,33477120,temp_scan_run1,183,10500000,0.7,53,2,3000,200000,-2.75,7.5,580,3600,1,1,4,0;1;2;3,580x3600;580x3600;580x3600;580x3600,2025-03-23T00:53:04,2025-03-23T01:02:20,150,270,245,15,12,300,15,5,0
signed-refit-input-v1,1,,proc/proc_skp_temp_scan_run1_183k_binned_NROW580_NBINROW1_NCOL3600_NBINCOL1_SC200000_vl-2.75_vh7.5_dtph15500000_NPUMPS3000_2_54.fits,proc_skp_temp_scan_run1_183k_binned_NROW580_NBINROW1_NCOL3600_NBINCOL1_SC200000_vl-2.75_vh7.5_dtph15500000_NPUMPS3000_2_54.fits,33477120,temp_scan_run1,183,15500000,1.03333333333,54,2,3000,200000,-2.75,7.5,580,3600,1,1,4,0;1;2;3,580x3600;580x3600;580x3600;580x3600,2025-03-23T14:51:29,2025-03-23T15:00:46,150,270,245,15,12,300,15,5,0
signed-refit-input-v1,1,,proc/proc_skp_temp_scan_run1_185k_binned_NROW580_NBINROW1_NCOL3600_NBINCOL1_SC200000_vl-2.75_vh7.5_dtph750_NPUMPS3000_2_23.fits,proc_skp_temp_scan_run1_185k_binned_NROW580_NBINROW1_NCOL3600_NBINCOL1_SC200000_vl-2.75_vh7.5_dtph750_NPUMPS3000_2_23.fits,33477120,temp_scan_run1,185,750,5e-05,23,2,3000,200000,-2.75,7.5,580,3600,1,1,4,0;1;2;3,580x3600;580x3600;580x3600;580x3600,2025-03-05T14:56:24,2025-03-05T15:05:40,150,270,245,15,12,300,15,5,0
signed-refit-input-v1,1,,proc/proc_skp_temp_scan_run1_185k_binned_NROW580_NBINROW1_NCOL3600_NBINCOL1_SC200000_vl-2.75_vh7.5_dtph1200_NPUMPS3000_2_24.fits,proc_skp_temp_scan_run1_185k_binned_NROW580_NBINROW1_NCOL3600_NBINCOL1_SC200000_vl-2.75_vh7.5_dtph1200_NPUMPS3000_2_24.fits,33477120,temp_scan_run1,185,1200,8e-05,24,2,3000,200000,-2.75,7.5,580,3600,1,1,4,0;1;2;3,580x3600;580x3600;580x3600;580x3600,2025-03-05T15:08:13,2025-03-05T15:17:29,150,270,245,15,12,300,15,5,0
signed-refit-input-v1,1,,proc/proc_skp_temp_scan_run1_185k_binned_NROW580_NBINROW1_NCOL3600_NBINCOL1_SC200000_vl-2.75_vh7.5_dtph2000_NPUMPS3000_2_25.fits,proc_skp_temp_scan_run1_185k_binned_NROW580_NBINROW1_NCOL3600_NBINCOL1_SC200000_vl-2.75_vh7.5_dtph2000_NPUMPS3000_2_25.fits,33477120,temp_scan_run1,185,2000,0.000133333333333,25,2,3000,200000,-2.75,7.5,580,3600,1,1,4,0;1;2;3,580x3600;580x3600;580x3600;580x3600,2025-03-05T15:20:04,2025-03-05T15:29:21,150,270,245,15,12,300,15,5,0
signed-refit-input-v1,1,,proc/proc_skp_temp_scan_run1_185k_binned_NROW580_NBINROW1_NCOL3600_NBINCOL1_SC200000_vl-2.75_vh7.5_dtph3000_NPUMPS3000_2_26.fits,proc_skp_temp_scan_run1_185k_binned_NROW580_NBINROW1_NCOL3600_NBINCOL1_SC200000_vl-2.75_vh7.5_dtph3000_NPUMPS3000_2_26.fits,33477120,temp_scan_run1,185,3000,0.0002,26,2,3000,200000,-2.75,7.5,580,3600,1,1,4,0;1;2;3,580x3600;580x3600;580x3600;580x3600,2025-03-05T15:31:59,2025-03-05T15:41:16,150,270,245,15,12,300,15,5,0
signed-refit-input-v1,1,,proc/proc_skp_temp_scan_run1_185k_binned_NROW580_NBINROW1_NCOL3600_NBINCOL1_SC200000_vl-2.75_vh7.5_dtph5000_NPUMPS3000_2_27.fits,proc_skp_temp_scan_run1_185k_binned_NROW580_NBINROW1_NCOL3600_NBINCOL1_SC200000_vl-2.75_vh7.5_dtph5000_NPUMPS3000_2_27.fits,33477120,temp_scan_run1,185,5000,0.000333333333333,27,2,3000,200000,-2.75,7.5,580,3600,1,1,4,0;1;2;3,580x3600;580x3600;580x3600;580x3600,2025-03-05T15:44:01,2025-03-05T15:53:17,150,270,245,15,12,300,15,5,0
signed-refit-input-v1,1,,proc/proc_skp_temp_scan_run1_185k_binned_NROW580_NBINROW1_NCOL3600_NBINCOL1_SC200000_vl-2.75_vh7.5_dtph8000_NPUMPS3000_2_28.fits,proc_skp_temp_scan_run1_185k_binned_NROW580_NBINROW1_NCOL3600_NBINCOL1_SC200000_vl-2.75_vh7.5_dtph8000_NPUMPS3000_2_28.fits,33477120,temp_scan_run1,185,8000,0.000533333333333,28,2,3000,200000,-2.75,7.5,580,3600,1,1,4,0;1;2;3,580x3600;580x3600;580x3600;580x3600,2025-03-05T15:56:12,2025-03-05T16:05:28,150,270,245,15,12,300,15,5,0
signed-refit-input-v1,1,,proc/proc_skp_temp_scan_run1_185k_binned_NROW580_NBINROW1_NCOL3600_NBINCOL1_SC200000_vl-2.75_vh7.5_dtph18000_NPUMPS3000_2_29.fits,proc_skp_temp_scan_run1_185k_binned_NROW580_NBINROW1_NCOL3600_NBINCOL1_SC200000_vl-2.75_vh7.5_dtph18000_NPUMPS3000_2_29.fits,33477120,temp_scan_run1,185,18000,0.0012,29,2,3000,200000,-2.75,7.5,580,3600,1,1,4,0;1;2;3,580x3600;580x3600;580x3600;580x3600,2025-03-05T16:08:55,2025-03-05T16:18:11,150,270,245,15,12,300,15,5,0
signed-refit-input-v1,1,,proc/proc_skp_temp_scan_run1_185k_binned_NROW580_NBINROW1_NCOL3600_NBINCOL1_SC200000_vl-2.75_vh7.5_dtph28000_NPUMPS3000_2_30.fits,proc_skp_temp_scan_run1_185k_binned_NROW580_NBINROW1_NCOL3600_NBINCOL1_SC200000_vl-2.75_vh7.5_dtph28000_NPUMPS3000_2_30.fits,33477120,temp_scan_run1,185,28000,0.00186666666667,30,2,3000,200000,-2.75,7.5,580,3600,1,1,4,0;1;2;3,580x3600;580x3600;580x3600;580x3600,2025-03-05T16:22:09,2025-03-05T16:31:26,150,270,245,15,12,300,15,5,0
signed-refit-input-v1,1,,proc/proc_skp_temp_scan_run1_185k_binned_NROW580_NBINROW1_NCOL3600_NBINCOL1_SC200000_vl-2.75_vh7.5_dtph45000_NPUMPS3000_2_31.fits,proc_skp_temp_scan_run1_185k_binned_NROW580_NBINROW1_NCOL3600_NBINCOL1_SC200000_vl-2.75_vh7.5_dtph45000_NPUMPS3000_2_31.fits,33477120,temp_scan_run1,185,45000,0.003,31,2,3000,200000,-2.75,7.5,580,3600,1,1,4,0;1;2;3,580x3600;580x3600;580x3600;580x3600,2025-03-05T16:36:19,2025-03-05T16:45:35,150,270,245,15,12,300,15,5,0
signed-refit-input-v1,1,,proc/proc_skp_temp_scan_run1_185k_binned_NROW580_NBINROW1_NCOL3600_NBINCOL1_SC200000_vl-2.75_vh7.5_dtph70000_NPUMPS3000_2_32.fits,proc_skp_temp_scan_run1_185k_binned_NROW580_NBINROW1_NCOL3600_NBINCOL1_SC200000_vl-2.75_vh7.5_dtph70000_NPUMPS3000_2_32.fits,33477120,temp_scan_run1,185,70000,0.00466666666667,32,2,3000,200000,-2.75,7.5,580,3600,1,1,4,0;1;2;3,580x3600;580x3600;580x3600;580x3600,2025-03-05T16:51:48,2025-03-05T17:01:04,150,270,245,15,12,300,15,5,0
signed-refit-input-v1,1,,proc/proc_skp_temp_scan_run1_185k_binned_NROW580_NBINROW1_NCOL3600_NBINCOL1_SC200000_vl-2.75_vh7.5_dtph100000_NPUMPS3000_2_33.fits,proc_skp_temp_scan_run1_185k_binned_NROW580_NBINROW1_NCOL3600_NBINCOL1_SC200000_vl-2.75_vh7.5_dtph100000_NPUMPS3000_2_33.fits,33477120,temp_scan_run1,185,100000,0.00666666666667,33,2,3000,200000,-2.75,7.5,580,3600,1,1,4,0;1;2;3,580x3600;580x3600;580x3600;580x3600,2025-03-05T17:08:53,2025-03-05T17:18:09,150,270,245,15,12,300,15,5,0
signed-refit-input-v1,1,,proc/proc_skp_temp_scan_run1_185k_binned_NROW580_NBINROW1_NCOL3600_NBINCOL1_SC200000_vl-2.75_vh7.5_dtph170000_NPUMPS3000_2_34.fits,proc_skp_temp_scan_run1_185k_binned_NROW580_NBINROW1_NCOL3600_NBINCOL1_SC200000_vl-2.75_vh7.5_dtph170000_NPUMPS3000_2_34.fits,33477120,temp_scan_run1,185,170000,0.0113333333333,34,2,3000,200000,-2.75,7.5,580,3600,1,1,4,0;1;2;3,580x3600;580x3600;580x3600;580x3600,2025-03-05T17:29:43,2025-03-05T17:38:59,150,270,245,15,12,300,15,5,0
signed-refit-input-v1,1,,proc/proc_skp_temp_scan_run1_185k_binned_NROW580_NBINROW1_NCOL3600_NBINCOL1_SC200000_vl-2.75_vh7.5_dtph260000_NPUMPS3000_2_35.fits,proc_skp_temp_scan_run1_185k_binned_NROW580_NBINROW1_NCOL3600_NBINCOL1_SC200000_vl-2.75_vh7.5_dtph260000_NPUMPS3000_2_35.fits,33477120,temp_scan_run1,185,260000,0.0173333333333,35,2,3000,200000,-2.75,7.5,580,3600,1,1,4,0;1;2;3,580x3600;580x3600;580x3600;580x3600,2025-03-05T17:55:20,2025-03-05T18:04:36,150,270,245,15,12,300,15,5,0
signed-refit-input-v1,1,,proc/proc_skp_temp_scan_run1_185k_binned_NROW580_NBINROW1_NCOL3600_NBINCOL1_SC200000_vl-2.75_vh7.5_dtph400000_NPUMPS3000_2_36.fits,proc_skp_temp_scan_run1_185k_binned_NROW580_NBINROW1_NCOL3600_NBINCOL1_SC200000_vl-2.75_vh7.5_dtph400000_NPUMPS3000_2_36.fits,33477120,temp_scan_run1,185,400000,0.0266666666667,36,2,3000,200000,-2.75,7.5,580,3600,1,1,4,0;1;2;3,580x3600;580x3600;580x3600;580x3600,2025-03-05T18:28:25,2025-03-05T18:37:41,150,270,245,15,12,300,15,5,0
signed-refit-input-v1,1,,proc/proc_skp_temp_scan_run1_185k_binned_NROW580_NBINROW1_NCOL3600_NBINCOL1_SC200000_vl-2.75_vh7.5_dtph650000_NPUMPS3000_2_37.fits,proc_skp_temp_scan_run1_185k_binned_NROW580_NBINROW1_NCOL3600_NBINCOL1_SC200000_vl-2.75_vh7.5_dtph650000_NPUMPS3000_2_37.fits,33477120,temp_scan_run1,185,650000,0.0433333333333,37,2,3000,200000,-2.75,7.5,580,3600,1,1,4,0;1;2;3,580x3600;580x3600;580x3600;580x3600,2025-03-05T19:14:50,2025-03-05T19:24:07,150,270,245,15,12,300,15,5,0
signed-refit-input-v1,1,,proc/proc_skp_temp_scan_run1_185k_binned_NROW580_NBINROW1_NCOL3600_NBINCOL1_SC200000_vl-2.75_vh7.5_dtph1000000_NPUMPS3000_2_38.fits,proc_skp_temp_scan_run1_185k_binned_NROW580_NBINROW1_NCOL3600_NBINCOL1_SC200000_vl-2.75_vh7.5_dtph1000000_NPUMPS3000_2_38.fits,33477120,temp_scan_run1,185,1000000,0.0666666666667,38,2,3000,200000,-2.75,7.5,580,3600,1,1,4,0;1;2;3,580x3600;580x3600;580x3600;580x3600,2025-03-05T20:19:56,2025-03-05T20:29:12,150,270,245,15,12,300,15,5,0
signed-refit-input-v1,1,,proc/proc_skp_temp_scan_run1_185k_binned_NROW580_NBINROW1_NCOL3600_NBINCOL1_SC200000_vl-2.75_vh7.5_dtph1500000_NPUMPS3000_2_39.fits,proc_skp_temp_scan_run1_185k_binned_NROW580_NBINROW1_NCOL3600_NBINCOL1_SC200000_vl-2.75_vh7.5_dtph1500000_NPUMPS3000_2_39.fits,33477120,temp_scan_run1,185,1500000,0.1,39,2,3000,200000,-2.75,7.5,580,3600,1,1,4,0;1;2;3,580x3600;580x3600;580x3600;580x3600,2025-03-05T21:51:41,2025-03-05T22:00:57,150,270,245,15,12,300,15,5,0
signed-refit-input-v1,1,,proc/proc_skp_temp_scan_run1_185k_binned_NROW580_NBINROW1_NCOL3600_NBINCOL1_SC200000_vl-2.75_vh7.5_dtph2500000_NPUMPS3000_2_40.fits,proc_skp_temp_scan_run1_185k_binned_NROW580_NBINROW1_NCOL3600_NBINCOL1_SC200000_vl-2.75_vh7.5_dtph2500000_NPUMPS3000_2_40.fits,33477120,temp_scan_run1,185,2500000,0.166666666667,40,2,3000,200000,-2.75,7.5,580,3600,1,1,4,0;1;2;3,580x3600;580x3600;580x3600;580x3600,2025-03-06T00:16:47,2025-03-06T00:26:03,150,270,245,15,12,300,15,5,0
signed-refit-input-v1,1,,proc/proc_skp_temp_scan_run1_187k_binned_NROW580_NBINROW1_NCOL3600_NBINCOL1_SC200000_vl-2.75_vh7.5_dtph750_NPUMPS3000_2_56.fits,proc_skp_temp_scan_run1_187k_binned_NROW580_NBINROW1_NCOL3600_NBINCOL1_SC200000_vl-2.75_vh7.5_dtph750_NPUMPS3000_2_56.fits,33477120,temp_scan_run1,187,750,5e-05,56,2,3000,200000,-2.75,7.5,580,3600,1,1,4,0;1;2;3,580x3600;580x3600;580x3600;580x3600,2025-03-23T18:44:50,2025-03-23T18:54:06,150,270,245,15,12,300,15,5,0
signed-refit-input-v1,1,,proc/proc_skp_temp_scan_run1_187k_binned_NROW580_NBINROW1_NCOL3600_NBINCOL1_SC200000_vl-2.75_vh7.5_dtph1200_NPUMPS3000_2_57.fits,proc_skp_temp_scan_run1_187k_binned_NROW580_NBINROW1_NCOL3600_NBINCOL1_SC200000_vl-2.75_vh7.5_dtph1200_NPUMPS3000_2_57.fits,33477120,temp_scan_run1,187,1200,8e-05,57,2,3000,200000,-2.75,7.5,580,3600,1,1,4,0;1;2;3,580x3600;580x3600;580x3600;580x3600,2025-03-23T18:56:39,2025-03-23T19:05:55,150,270,245,15,12,300,15,5,0
signed-refit-input-v1,1,,proc/proc_skp_temp_scan_run1_187k_binned_NROW580_NBINROW1_NCOL3600_NBINCOL1_SC200000_vl-2.75_vh7.5_dtph2000_NPUMPS3000_2_58.fits,proc_skp_temp_scan_run1_187k_binned_NROW580_NBINROW1_NCOL3600_NBINCOL1_SC200000_vl-2.75_vh7.5_dtph2000_NPUMPS3000_2_58.fits,33477120,temp_scan_run1,187,2000,0.000133333333333,58,2,3000,200000,-2.75,7.5,580,3600,1,1,4,0;1;2;3,580x3600;580x3600;580x3600;580x3600,2025-03-23T19:08:31,2025-03-23T19:17:47,150,270,245,15,12,300,15,5,0
signed-refit-input-v1,1,,proc/proc_skp_temp_scan_run1_187k_binned_NROW580_NBINROW1_NCOL3600_NBINCOL1_SC200000_vl-2.75_vh7.5_dtph3000_NPUMPS3000_2_59.fits,proc_skp_temp_scan_run1_187k_binned_NROW580_NBINROW1_NCOL3600_NBINCOL1_SC200000_vl-2.75_vh7.5_dtph3000_NPUMPS3000_2_59.fits,33477120,temp_scan_run1,187,3000,0.0002,59,2,3000,200000,-2.75,7.5,580,3600,1,1,4,0;1;2;3,580x3600;580x3600;580x3600;580x3600,2025-03-23T19:20:25,2025-03-23T19:29:42,150,270,245,15,12,300,15,5,0
signed-refit-input-v1,1,,proc/proc_skp_temp_scan_run1_187k_binned_NROW580_NBINROW1_NCOL3600_NBINCOL1_SC200000_vl-2.75_vh7.5_dtph5000_NPUMPS3000_2_60.fits,proc_skp_temp_scan_run1_187k_binned_NROW580_NBINROW1_NCOL3600_NBINCOL1_SC200000_vl-2.75_vh7.5_dtph5000_NPUMPS3000_2_60.fits,33477120,temp_scan_run1,187,5000,0.000333333333333,60,2,3000,200000,-2.75,7.5,580,3600,1,1,4,0;1;2;3,580x3600;580x3600;580x3600;580x3600,2025-03-23T19:32:27,2025-03-23T19:41:43,150,270,245,15,12,300,15,5,0
signed-refit-input-v1,1,,proc/proc_skp_temp_scan_run1_187k_binned_NROW580_NBINROW1_NCOL3600_NBINCOL1_SC200000_vl-2.75_vh7.5_dtph8000_NPUMPS3000_2_61.fits,proc_skp_temp_scan_run1_187k_binned_NROW580_NBINROW1_NCOL3600_NBINCOL1_SC200000_vl-2.75_vh7.5_dtph8000_NPUMPS3000_2_61.fits,33477120,temp_scan_run1,187,8000,0.000533333333333,61,2,3000,200000,-2.75,7.5,580,3600,1,1,4,0;1;2;3,580x3600;580x3600;580x3600;580x3600,2025-03-23T19:44:38,2025-03-23T19:53:54,150,270,245,15,12,300,15,5,0
signed-refit-input-v1,1,,proc/proc_skp_temp_scan_run1_187k_binned_NROW580_NBINROW1_NCOL3600_NBINCOL1_SC200000_vl-2.75_vh7.5_dtph18000_NPUMPS3000_2_62.fits,proc_skp_temp_scan_run1_187k_binned_NROW580_NBINROW1_NCOL3600_NBINCOL1_SC200000_vl-2.75_vh7.5_dtph18000_NPUMPS3000_2_62.fits,33477120,temp_scan_run1,187,18000,0.0012,62,2,3000,200000,-2.75,7.5,580,3600,1,1,4,0;1;2;3,580x3600;580x3600;580x3600;580x3600,2025-03-23T19:57:20,2025-03-23T20:06:37,150,270,245,15,12,300,15,5,0
signed-refit-input-v1,1,,proc/proc_skp_temp_scan_run1_187k_binned_NROW580_NBINROW1_NCOL3600_NBINCOL1_SC200000_vl-2.75_vh7.5_dtph28000_NPUMPS3000_2_63.fits,proc_skp_temp_scan_run1_187k_binned_NROW580_NBINROW1_NCOL3600_NBINCOL1_SC200000_vl-2.75_vh7.5_dtph28000_NPUMPS3000_2_63.fits,33477120,temp_scan_run1,187,28000,0.00186666666667,63,2,3000,200000,-2.75,7.5,580,3600,1,1,4,0;1;2;3,580x3600;580x3600;580x3600;580x3600,2025-03-23T20:10:35,2025-03-23T20:19:52,150,270,245,15,12,300,15,5,0
signed-refit-input-v1,1,,proc/proc_skp_temp_scan_run1_187k_binned_NROW580_NBINROW1_NCOL3600_NBINCOL1_SC200000_vl-2.75_vh7.5_dtph45000_NPUMPS3000_2_64.fits,proc_skp_temp_scan_run1_187k_binned_NROW580_NBINROW1_NCOL3600_NBINCOL1_SC200000_vl-2.75_vh7.5_dtph45000_NPUMPS3000_2_64.fits,33477120,temp_scan_run1,187,45000,0.003,64,2,3000,200000,-2.75,7.5,580,3600,1,1,4,0;1;2;3,580x3600;580x3600;580x3600;580x3600,2025-03-23T20:24:45,2025-03-23T20:34:01,150,270,245,15,12,300,15,5,0
signed-refit-input-v1,1,,proc/proc_skp_temp_scan_run1_187k_binned_NROW580_NBINROW1_NCOL3600_NBINCOL1_SC200000_vl-2.75_vh7.5_dtph70000_NPUMPS3000_2_65.fits,proc_skp_temp_scan_run1_187k_binned_NROW580_NBINROW1_NCOL3600_NBINCOL1_SC200000_vl-2.75_vh7.5_dtph70000_NPUMPS3000_2_65.fits,33477120,temp_scan_run1,187,70000,0.00466666666667,65,2,3000,200000,-2.75,7.5,580,3600,1,1,4,0;1;2;3,580x3600;580x3600;580x3600;580x3600,2025-03-23T20:40:14,2025-03-23T20:49:30,150,270,245,15,12,300,15,5,0
signed-refit-input-v1,1,,proc/proc_skp_temp_scan_run1_187k_binned_NROW580_NBINROW1_NCOL3600_NBINCOL1_SC200000_vl-2.75_vh7.5_dtph100000_NPUMPS3000_2_66.fits,proc_skp_temp_scan_run1_187k_binned_NROW580_NBINROW1_NCOL3600_NBINCOL1_SC200000_vl-2.75_vh7.5_dtph100000_NPUMPS3000_2_66.fits,33477120,temp_scan_run1,187,100000,0.00666666666667,66,2,3000,200000,-2.75,7.5,580,3600,1,1,4,0;1;2;3,580x3600;580x3600;580x3600;580x3600,2025-03-23T20:57:19,2025-03-23T21:06:36,150,270,245,15,12,300,15,5,0
signed-refit-input-v1,1,,proc/proc_skp_temp_scan_run1_187k_binned_NROW580_NBINROW1_NCOL3600_NBINCOL1_SC200000_vl-2.75_vh7.5_dtph170000_NPUMPS3000_2_67.fits,proc_skp_temp_scan_run1_187k_binned_NROW580_NBINROW1_NCOL3600_NBINCOL1_SC200000_vl-2.75_vh7.5_dtph170000_NPUMPS3000_2_67.fits,33477120,temp_scan_run1,187,170000,0.0113333333333,67,2,3000,200000,-2.75,7.5,580,3600,1,1,4,0;1;2;3,580x3600;580x3600;580x3600;580x3600,2025-03-23T21:18:09,2025-03-23T21:27:25,150,270,245,15,12,300,15,5,0
signed-refit-input-v1,1,,proc/proc_skp_temp_scan_run1_187k_binned_NROW580_NBINROW1_NCOL3600_NBINCOL1_SC200000_vl-2.75_vh7.5_dtph260000_NPUMPS3000_2_68.fits,proc_skp_temp_scan_run1_187k_binned_NROW580_NBINROW1_NCOL3600_NBINCOL1_SC200000_vl-2.75_vh7.5_dtph260000_NPUMPS3000_2_68.fits,33477120,temp_scan_run1,187,260000,0.0173333333333,68,2,3000,200000,-2.75,7.5,580,3600,1,1,4,0;1;2;3,580x3600;580x3600;580x3600;580x3600,2025-03-23T21:43:46,2025-03-23T21:53:02,150,270,245,15,12,300,15,5,0
signed-refit-input-v1,1,,proc/proc_skp_temp_scan_run1_187k_binned_NROW580_NBINROW1_NCOL3600_NBINCOL1_SC200000_vl-2.75_vh7.5_dtph400000_NPUMPS3000_2_69.fits,proc_skp_temp_scan_run1_187k_binned_NROW580_NBINROW1_NCOL3600_NBINCOL1_SC200000_vl-2.75_vh7.5_dtph400000_NPUMPS3000_2_69.fits,33477120,temp_scan_run1,187,400000,0.0266666666667,69,2,3000,200000,-2.75,7.5,580,3600,1,1,4,0;1;2;3,580x3600;580x3600;580x3600;580x3600,2025-03-23T22:16:51,2025-03-23T22:26:07,150,270,245,15,12,300,15,5,0
signed-refit-input-v1,1,,proc/proc_skp_temp_scan_run1_187k_binned_NROW580_NBINROW1_NCOL3600_NBINCOL1_SC200000_vl-2.75_vh7.5_dtph650000_NPUMPS3000_2_70.fits,proc_skp_temp_scan_run1_187k_binned_NROW580_NBINROW1_NCOL3600_NBINCOL1_SC200000_vl-2.75_vh7.5_dtph650000_NPUMPS3000_2_70.fits,33477120,temp_scan_run1,187,650000,0.0433333333333,70,2,3000,200000,-2.75,7.5,580,3600,1,1,4,0;1;2;3,580x3600;580x3600;580x3600;580x3600,2025-03-23T23:03:16,2025-03-23T23:12:33,150,270,245,15,12,300,15,5,0
signed-refit-input-v1,1,,proc/proc_skp_temp_scan_run1_187k_binned_NROW580_NBINROW1_NCOL3600_NBINCOL1_SC200000_vl-2.75_vh7.5_dtph1000000_NPUMPS3000_2_71.fits,proc_skp_temp_scan_run1_187k_binned_NROW580_NBINROW1_NCOL3600_NBINCOL1_SC200000_vl-2.75_vh7.5_dtph1000000_NPUMPS3000_2_71.fits,33477120,temp_scan_run1,187,1000000,0.0666666666667,71,2,3000,200000,-2.75,7.5,580,3600,1,1,4,0;1;2;3,580x3600;580x3600;580x3600;580x3600,2025-03-24T00:08:22,2025-03-24T00:17:38,150,270,245,15,12,300,15,5,0
signed-refit-input-v1,1,,proc/proc_skp_temp_scan_run1_187k_binned_NROW580_NBINROW1_NCOL3600_NBINCOL1_SC200000_vl-2.75_vh7.5_dtph1500000_NPUMPS3000_2_72.fits,proc_skp_temp_scan_run1_187k_binned_NROW580_NBINROW1_NCOL3600_NBINCOL1_SC200000_vl-2.75_vh7.5_dtph1500000_NPUMPS3000_2_72.fits,33477120,temp_scan_run1,187,1500000,0.1,72,2,3000,200000,-2.75,7.5,580,3600,1,1,4,0;1;2;3,580x3600;580x3600;580x3600;580x3600,2025-03-24T01:40:07,2025-03-24T01:49:23,150,270,245,15,12,300,15,5,0
signed-refit-input-v1,1,,proc/proc_skp_temp_scan_run1_187k_binned_NROW580_NBINROW1_NCOL3600_NBINCOL1_SC200000_vl-2.75_vh7.5_dtph1800000_NPUMPS3000_2_73.fits,proc_skp_temp_scan_run1_187k_binned_NROW580_NBINROW1_NCOL3600_NBINCOL1_SC200000_vl-2.75_vh7.5_dtph1800000_NPUMPS3000_2_73.fits,33477120,temp_scan_run1,187,1800000,0.12,73,2,3000,200000,-2.75,7.5,580,3600,1,1,4,0;1;2;3,580x3600;580x3600;580x3600;580x3600,2025-03-24T03:27:52,2025-03-24T03:37:08,150,270,245,15,12,300,15,5,0
signed-refit-input-v1,1,,proc/proc_skp_temp_scan_run1_187k_binned_NROW580_NBINROW1_NCOL3600_NBINCOL1_SC200000_vl-2.75_vh7.5_dtph2000000_NPUMPS3000_2_74.fits,proc_skp_temp_scan_run1_187k_binned_NROW580_NBINROW1_NCOL3600_NBINCOL1_SC200000_vl-2.75_vh7.5_dtph2000000_NPUMPS3000_2_74.fits,33477120,temp_scan_run1,187,2000000,0.133333333333,74,2,3000,200000,-2.75,7.5,580,3600,1,1,4,0;1;2;3,580x3600;580x3600;580x3600;580x3600,2025-03-24T05:26:18,2025-03-24T05:35:34,150,270,245,15,12,300,15,5,0
signed-refit-input-v1,1,,proc/proc_skp_temp_scan_run1_187k_binned_NROW580_NBINROW1_NCOL3600_NBINCOL1_SC200000_vl-2.75_vh7.5_dtph2500000_NPUMPS3000_2_75.fits,proc_skp_temp_scan_run1_187k_binned_NROW580_NBINROW1_NCOL3600_NBINCOL1_SC200000_vl-2.75_vh7.5_dtph2500000_NPUMPS3000_2_75.fits,33477120,temp_scan_run1,187,2500000,0.166666666667,75,2,3000,200000,-2.75,7.5,580,3600,1,1,4,0;1;2;3,580x3600;580x3600;580x3600;580x3600,2025-03-24T07:51:23,2025-03-24T08:00:39,150,270,245,15,12,300,15,5,0
signed-refit-input-v1,1,,proc/proc_skp_temp_scan_run1_187k_binned_NROW580_NBINROW1_NCOL3600_NBINCOL1_SC200000_vl-2.75_vh7.5_dtph3500000_NPUMPS3000_2_76.fits,proc_skp_temp_scan_run1_187k_binned_NROW580_NBINROW1_NCOL3600_NBINCOL1_SC200000_vl-2.75_vh7.5_dtph3500000_NPUMPS3000_2_76.fits,33477120,temp_scan_run1,187,3500000,0.233333333333,76,2,3000,200000,-2.75,7.5,580,3600,1,1,4,0;1;2;3,580x3600;580x3600;580x3600;580x3600,2025-03-24T11:09:48,2025-03-24T11:19:05,150,270,245,15,12,300,15,5,0
signed-refit-input-v1,1,,proc/proc_skp_temp_scan_run1_187k_binned_NROW580_NBINROW1_NCOL3600_NBINCOL1_SC200000_vl-2.75_vh7.5_dtph6500000_NPUMPS3000_2_77.fits,proc_skp_temp_scan_run1_187k_binned_NROW580_NBINROW1_NCOL3600_NBINCOL1_SC200000_vl-2.75_vh7.5_dtph6500000_NPUMPS3000_2_77.fits,33477120,temp_scan_run1,187,6500000,0.433333333333,77,2,3000,200000,-2.75,7.5,580,3600,1,1,4,0;1;2;3,580x3600;580x3600;580x3600;580x3600,2025-03-24T17:08:14,2025-03-24T17:17:30,150,270,245,15,12,300,15,5,0
signed-refit-input-v1,1,,proc/proc_skp_temp_scan_run1_187k_binned_NROW580_NBINROW1_NCOL3600_NBINCOL1_SC200000_vl-2.75_vh7.5_dtph8500000_NPUMPS3000_2_78.fits,proc_skp_temp_scan_run1_187k_binned_NROW580_NBINROW1_NCOL3600_NBINCOL1_SC200000_vl-2.75_vh7.5_dtph8500000_NPUMPS3000_2_78.fits,33477120,temp_scan_run1,187,8500000,0.566666666667,78,2,3000,200000,-2.75,7.5,580,3600,1,1,4,0;1;2;3,580x3600;580x3600;580x3600;580x3600,2025-03-25T00:53:19,2025-03-25T01:02:35,150,270,245,15,12,300,15,5,0
signed-refit-input-v1,1,,proc/proc_skp_temp_scan_run1_187k_binned_NROW580_NBINROW1_NCOL3600_NBINCOL1_SC200000_vl-2.75_vh7.5_dtph10500000_NPUMPS3000_2_79.fits,proc_skp_temp_scan_run1_187k_binned_NROW580_NBINROW1_NCOL3600_NBINCOL1_SC200000_vl-2.75_vh7.5_dtph10500000_NPUMPS3000_2_79.fits,33477120,temp_scan_run1,187,10500000,0.7,79,2,3000,200000,-2.75,7.5,580,3600,1,1,4,0;1;2;3,580x3600;580x3600;580x3600;580x3600,2025-03-25T10:25:04,2025-03-25T10:34:21,150,270,245,15,12,300,15,5,0
signed-refit-input-v1,1,,proc/proc_skp_temp_scan_run1_187k_binned_NROW580_NBINROW1_NCOL3600_NBINCOL1_SC200000_vl-2.75_vh7.5_dtph15500000_NPUMPS3000_2_80.fits,proc_skp_temp_scan_run1_187k_binned_NROW580_NBINROW1_NCOL3600_NBINCOL1_SC200000_vl-2.75_vh7.5_dtph15500000_NPUMPS3000_2_80.fits,33477120,temp_scan_run1,187,15500000,1.03333333333,80,2,3000,200000,-2.75,7.5,580,3600,1,1,4,0;1;2;3,580x3600;580x3600;580x3600;580x3600,2025-03-26T00:23:30,2025-03-26T00:32:46,150,270,245,15,12,300,15,5,0
signed-refit-input-v1,1,,proc/proc_skp_temp_scan_run1_190k_binned_NROW580_NBINROW1_NCOL3600_NBINCOL1_SC200000_vl-2.75_vh7.5_dtph750_NPUMPS3000_2_82.fits,proc_skp_temp_scan_run1_190k_binned_NROW580_NBINROW1_NCOL3600_NBINCOL1_SC200000_vl-2.75_vh7.5_dtph750_NPUMPS3000_2_82.fits,33477120,temp_scan_run1,190,750,5e-05,82,2,3000,200000,-2.75,7.5,580,3600,1,1,4,0;1;2;3,580x3600;580x3600;580x3600;580x3600,2025-03-26T04:16:51,2025-03-26T04:26:07,150,270,245,15,12,300,15,5,0
signed-refit-input-v1,1,,proc/proc_skp_temp_scan_run1_190k_binned_NROW580_NBINROW1_NCOL3600_NBINCOL1_SC200000_vl-2.75_vh7.5_dtph1200_NPUMPS3000_2_83.fits,proc_skp_temp_scan_run1_190k_binned_NROW580_NBINROW1_NCOL3600_NBINCOL1_SC200000_vl-2.75_vh7.5_dtph1200_NPUMPS3000_2_83.fits,33477120,temp_scan_run1,190,1200,8e-05,83,2,3000,200000,-2.75,7.5,580,3600,1,1,4,0;1;2;3,580x3600;580x3600;580x3600;580x3600,2025-03-26T04:28:40,2025-03-26T04:37:56,150,270,245,15,12,300,15,5,0
signed-refit-input-v1,1,,proc/proc_skp_temp_scan_run1_190k_binned_NROW580_NBINROW1_NCOL3600_NBINCOL1_SC200000_vl-2.75_vh7.5_dtph2000_NPUMPS3000_2_84.fits,proc_skp_temp_scan_run1_190k_binned_NROW580_NBINROW1_NCOL3600_NBINCOL1_SC200000_vl-2.75_vh7.5_dtph2000_NPUMPS3000_2_84.fits,33477120,temp_scan_run1,190,2000,0.000133333333333,84,2,3000,200000,-2.75,7.5,580,3600,1,1,4,0;1;2;3,580x3600;580x3600;580x3600;580x3600,2025-03-26T04:40:32,2025-03-26T04:49:48,150,270,245,15,12,300,15,5,0
signed-refit-input-v1,1,,proc/proc_skp_temp_scan_run1_190k_binned_NROW580_NBINROW1_NCOL3600_NBINCOL1_SC200000_vl-2.75_vh7.5_dtph3000_NPUMPS3000_2_85.fits,proc_skp_temp_scan_run1_190k_binned_NROW580_NBINROW1_NCOL3600_NBINCOL1_SC200000_vl-2.75_vh7.5_dtph3000_NPUMPS3000_2_85.fits,33477120,temp_scan_run1,190,3000,0.0002,85,2,3000,200000,-2.75,7.5,580,3600,1,1,4,0;1;2;3,580x3600;580x3600;580x3600;580x3600,2025-03-26T04:52:27,2025-03-26T05:01:43,150,270,245,15,12,300,15,5,0
signed-refit-input-v1,1,,proc/proc_skp_temp_scan_run1_190k_binned_NROW580_NBINROW1_NCOL3600_NBINCOL1_SC200000_vl-2.75_vh7.5_dtph5000_NPUMPS3000_2_86.fits,proc_skp_temp_scan_run1_190k_binned_NROW580_NBINROW1_NCOL3600_NBINCOL1_SC200000_vl-2.75_vh7.5_dtph5000_NPUMPS3000_2_86.fits,33477120,temp_scan_run1,190,5000,0.000333333333333,86,2,3000,200000,-2.75,7.5,580,3600,1,1,4,0;1;2;3,580x3600;580x3600;580x3600;580x3600,2025-03-26T05:04:28,2025-03-26T05:13:44,150,270,245,15,12,300,15,5,0
signed-refit-input-v1,1,,proc/proc_skp_temp_scan_run1_190k_binned_NROW580_NBINROW1_NCOL3600_NBINCOL1_SC200000_vl-2.75_vh7.5_dtph8000_NPUMPS3000_2_87.fits,proc_skp_temp_scan_run1_190k_binned_NROW580_NBINROW1_NCOL3600_NBINCOL1_SC200000_vl-2.75_vh7.5_dtph8000_NPUMPS3000_2_87.fits,33477120,temp_scan_run1,190,8000,0.000533333333333,87,2,3000,200000,-2.75,7.5,580,3600,1,1,4,0;1;2;3,580x3600;580x3600;580x3600;580x3600,2025-03-26T05:16:39,2025-03-26T05:25:55,150,270,245,15,12,300,15,5,0
signed-refit-input-v1,1,,proc/proc_skp_temp_scan_run1_190k_binned_NROW580_NBINROW1_NCOL3600_NBINCOL1_SC200000_vl-2.75_vh7.5_dtph18000_NPUMPS3000_2_88.fits,proc_skp_temp_scan_run1_190k_binned_NROW580_NBINROW1_NCOL3600_NBINCOL1_SC200000_vl-2.75_vh7.5_dtph18000_NPUMPS3000_2_88.fits,33477120,temp_scan_run1,190,18000,0.0012,88,2,3000,200000,-2.75,7.5,580,3600,1,1,4,0;1;2;3,580x3600;580x3600;580x3600;580x3600,2025-03-26T05:29:21,2025-03-26T05:38:38,150,270,245,15,12,300,15,5,0
signed-refit-input-v1,1,,proc/proc_skp_temp_scan_run1_190k_binned_NROW580_NBINROW1_NCOL3600_NBINCOL1_SC200000_vl-2.75_vh7.5_dtph28000_NPUMPS3000_2_89.fits,proc_skp_temp_scan_run1_190k_binned_NROW580_NBINROW1_NCOL3600_NBINCOL1_SC200000_vl-2.75_vh7.5_dtph28000_NPUMPS3000_2_89.fits,33477120,temp_scan_run1,190,28000,0.00186666666667,89,2,3000,200000,-2.75,7.5,580,3600,1,1,4,0;1;2;3,580x3600;580x3600;580x3600;580x3600,2025-03-26T05:42:36,2025-03-26T05:51:53,150,270,245,15,12,300,15,5,0
signed-refit-input-v1,1,,proc/proc_skp_temp_scan_run1_190k_binned_NROW580_NBINROW1_NCOL3600_NBINCOL1_SC200000_vl-2.75_vh7.5_dtph45000_NPUMPS3000_2_90.fits,proc_skp_temp_scan_run1_190k_binned_NROW580_NBINROW1_NCOL3600_NBINCOL1_SC200000_vl-2.75_vh7.5_dtph45000_NPUMPS3000_2_90.fits,33477120,temp_scan_run1,190,45000,0.003,90,2,3000,200000,-2.75,7.5,580,3600,1,1,4,0;1;2;3,580x3600;580x3600;580x3600;580x3600,2025-03-26T05:56:46,2025-03-26T06:06:02,150,270,245,15,12,300,15,5,0
signed-refit-input-v1,1,,proc/proc_skp_temp_scan_run1_190k_binned_NROW580_NBINROW1_NCOL3600_NBINCOL1_SC200000_vl-2.75_vh7.5_dtph70000_NPUMPS3000_2_91.fits,proc_skp_temp_scan_run1_190k_binned_NROW580_NBINROW1_NCOL3600_NBINCOL1_SC200000_vl-2.75_vh7.5_dtph70000_NPUMPS3000_2_91.fits,33477120,temp_scan_run1,190,70000,0.00466666666667,91,2,3000,200000,-2.75,7.5,580,3600,1,1,4,0;1;2;3,580x3600;580x3600;580x3600;580x3600,2025-03-26T06:12:15,2025-03-26T06:21:31,150,270,245,15,12,300,15,5,0
signed-refit-input-v1,1,,proc/proc_skp_temp_scan_run1_190k_binned_NROW580_NBINROW1_NCOL3600_NBINCOL1_SC200000_vl-2.75_vh7.5_dtph100000_NPUMPS3000_2_92.fits,proc_skp_temp_scan_run1_190k_binned_NROW580_NBINROW1_NCOL3600_NBINCOL1_SC200000_vl-2.75_vh7.5_dtph100000_NPUMPS3000_2_92.fits,33477120,temp_scan_run1,190,100000,0.00666666666667,92,2,3000,200000,-2.75,7.5,580,3600,1,1,4,0;1;2;3,580x3600;580x3600;580x3600;580x3600,2025-03-26T06:29:20,2025-03-26T06:38:36,150,270,245,15,12,300,15,5,0
signed-refit-input-v1,1,,proc/proc_skp_temp_scan_run1_190k_binned_NROW580_NBINROW1_NCOL3600_NBINCOL1_SC200000_vl-2.75_vh7.5_dtph170000_NPUMPS3000_2_93.fits,proc_skp_temp_scan_run1_190k_binned_NROW580_NBINROW1_NCOL3600_NBINCOL1_SC200000_vl-2.75_vh7.5_dtph170000_NPUMPS3000_2_93.fits,33477120,temp_scan_run1,190,170000,0.0113333333333,93,2,3000,200000,-2.75,7.5,580,3600,1,1,4,0;1;2;3,580x3600;580x3600;580x3600;580x3600,2025-03-26T06:50:09,2025-03-26T06:59:26,150,270,245,15,12,300,15,5,0
signed-refit-input-v1,1,,proc/proc_skp_temp_scan_run1_190k_binned_NROW580_NBINROW1_NCOL3600_NBINCOL1_SC200000_vl-2.75_vh7.5_dtph260000_NPUMPS3000_2_94.fits,proc_skp_temp_scan_run1_190k_binned_NROW580_NBINROW1_NCOL3600_NBINCOL1_SC200000_vl-2.75_vh7.5_dtph260000_NPUMPS3000_2_94.fits,33477120,temp_scan_run1,190,260000,0.0173333333333,94,2,3000,200000,-2.75,7.5,580,3600,1,1,4,0;1;2;3,580x3600;580x3600;580x3600;580x3600,2025-03-26T07:15:47,2025-03-26T07:25:03,150,270,245,15,12,300,15,5,0
signed-refit-input-v1,1,,proc/proc_skp_temp_scan_run1_190k_binned_NROW580_NBINROW1_NCOL3600_NBINCOL1_SC200000_vl-2.75_vh7.5_dtph400000_NPUMPS3000_2_95.fits,proc_skp_temp_scan_run1_190k_binned_NROW580_NBINROW1_NCOL3600_NBINCOL1_SC200000_vl-2.75_vh7.5_dtph400000_NPUMPS3000_2_95.fits,33477120,temp_scan_run1,190,400000,0.0266666666667,95,2,3000,200000,-2.75,7.5,580,3600,1,1,4,0;1;2;3,580x3600;580x3600;580x3600;580x3600,2025-03-26T07:48:52,2025-03-26T07:58:08,150,270,245,15,12,300,15,5,0
signed-refit-input-v1,1,,proc/proc_skp_temp_scan_run1_190k_binned_NROW580_NBINROW1_NCOL3600_NBINCOL1_SC200000_vl-2.75_vh7.5_dtph650000_NPUMPS3000_2_96.fits,proc_skp_temp_scan_run1_190k_binned_NROW580_NBINROW1_NCOL3600_NBINCOL1_SC200000_vl-2.75_vh7.5_dtph650000_NPUMPS3000_2_96.fits,33477120,temp_scan_run1,190,650000,0.0433333333333,96,2,3000,200000,-2.75,7.5,580,3600,1,1,4,0;1;2;3,580x3600;580x3600;580x3600;580x3600,2025-03-26T08:35:17,2025-03-26T08:44:33,150,270,245,15,12,300,15,5,0
signed-refit-input-v1,1,,proc/proc_skp_temp_scan_run1_190k_binned_NROW580_NBINROW1_NCOL3600_NBINCOL1_SC200000_vl-2.75_vh7.5_dtph1000000_NPUMPS3000_2_97.fits,proc_skp_temp_scan_run1_190k_binned_NROW580_NBINROW1_NCOL3600_NBINCOL1_SC200000_vl-2.75_vh7.5_dtph1000000_NPUMPS3000_2_97.fits,33477120,temp_scan_run1,190,1000000,0.0666666666667,97,2,3000,200000,-2.75,7.5,580,3600,1,1,4,0;1;2;3,580x3600;580x3600;580x3600;580x3600,2025-03-26T09:40:22,2025-03-26T09:49:39,150,270,245,15,12,300,15,5,0
signed-refit-input-v1,1,,proc/proc_skp_temp_scan_run1_190k_binned_NROW580_NBINROW1_NCOL3600_NBINCOL1_SC200000_vl-2.75_vh7.5_dtph1500000_NPUMPS3000_2_98.fits,proc_skp_temp_scan_run1_190k_binned_NROW580_NBINROW1_NCOL3600_NBINCOL1_SC200000_vl-2.75_vh7.5_dtph1500000_NPUMPS3000_2_98.fits,33477120,temp_scan_run1,190,1500000,0.1,98,2,3000,200000,-2.75,7.5,580,3600,1,1,4,0;1;2;3,580x3600;580x3600;580x3600;580x3600,2025-03-26T11:12:08,2025-03-26T11:21:24,150,270,245,15,12,300,15,5,0
signed-refit-input-v1,1,,proc/proc_skp_temp_scan_run1_190k_binned_NROW580_NBINROW1_NCOL3600_NBINCOL1_SC200000_vl-2.75_vh7.5_dtph1800000_NPUMPS3000_2_99.fits,proc_skp_temp_scan_run1_190k_binned_NROW580_NBINROW1_NCOL3600_NBINCOL1_SC200000_vl-2.75_vh7.5_dtph1800000_NPUMPS3000_2_99.fits,33477120,temp_scan_run1,190,1800000,0.12,99,2,3000,200000,-2.75,7.5,580,3600,1,1,4,0;1;2;3,580x3600;580x3600;580x3600;580x3600,2025-03-26T12:59:53,2025-03-26T13:09:09,150,270,245,15,12,300,15,5,0
signed-refit-input-v1,1,,proc/proc_skp_temp_scan_run1_190k_binned_NROW580_NBINROW1_NCOL3600_NBINCOL1_SC200000_vl-2.75_vh7.5_dtph2000000_NPUMPS3000_2_100.fits,proc_skp_temp_scan_run1_190k_binned_NROW580_NBINROW1_NCOL3600_NBINCOL1_SC200000_vl-2.75_vh7.5_dtph2000000_NPUMPS3000_2_100.fits,33477120,temp_scan_run1,190,2000000,0.133333333333,100,2,3000,200000,-2.75,7.5,580,3600,1,1,4,0;1;2;3,580x3600;580x3600;580x3600;580x3600,2025-03-26T14:58:18,2025-03-26T15:07:35,150,270,245,15,12,300,15,5,0
signed-refit-input-v1,1,,proc/proc_skp_temp_scan_run1_190k_binned_NROW580_NBINROW1_NCOL3600_NBINCOL1_SC200000_vl-2.75_vh7.5_dtph2500000_NPUMPS3000_2_101.fits,proc_skp_temp_scan_run1_190k_binned_NROW580_NBINROW1_NCOL3600_NBINCOL1_SC200000_vl-2.75_vh7.5_dtph2500000_NPUMPS3000_2_101.fits,33477120,temp_scan_run1,190,2500000,0.166666666667,101,2,3000,200000,-2.75,7.5,580,3600,1,1,4,0;1;2;3,580x3600;580x3600;580x3600;580x3600,2025-03-26T17:23:24,2025-03-26T17:32:40,150,270,245,15,12,300,15,5,0
signed-refit-input-v1,1,,proc/proc_skp_temp_scan_run1_190k_binned_NROW580_NBINROW1_NCOL3600_NBINCOL1_SC200000_vl-2.75_vh7.5_dtph3500000_NPUMPS3000_2_102.fits,proc_skp_temp_scan_run1_190k_binned_NROW580_NBINROW1_NCOL3600_NBINCOL1_SC200000_vl-2.75_vh7.5_dtph3500000_NPUMPS3000_2_102.fits,33477120,temp_scan_run1,190,3500000,0.233333333333,102,2,3000,200000,-2.75,7.5,580,3600,1,1,4,0;1;2;3,580x3600;580x3600;580x3600;580x3600,2025-03-26T20:41:49,2025-03-26T20:51:05,150,270,245,15,12,300,15,5,0
signed-refit-input-v1,1,,proc/proc_skp_temp_scan_run1_190k_binned_NROW580_NBINROW1_NCOL3600_NBINCOL1_SC200000_vl-2.75_vh7.5_dtph6500000_NPUMPS3000_2_103.fits,proc_skp_temp_scan_run1_190k_binned_NROW580_NBINROW1_NCOL3600_NBINCOL1_SC200000_vl-2.75_vh7.5_dtph6500000_NPUMPS3000_2_103.fits,33477120,temp_scan_run1,190,6500000,0.433333333333,103,2,3000,200000,-2.75,7.5,580,3600,1,1,4,0;1;2;3,580x3600;580x3600;580x3600;580x3600,2025-03-27T02:40:15,2025-03-27T02:49:31,150,270,245,15,12,300,15,5,0
signed-refit-input-v1,1,,proc/proc_skp_temp_scan_run1_190k_binned_NROW580_NBINROW1_NCOL3600_NBINCOL1_SC200000_vl-2.75_vh7.5_dtph8500000_NPUMPS3000_2_104.fits,proc_skp_temp_scan_run1_190k_binned_NROW580_NBINROW1_NCOL3600_NBINCOL1_SC200000_vl-2.75_vh7.5_dtph8500000_NPUMPS3000_2_104.fits,33477120,temp_scan_run1,190,8500000,0.566666666667,104,2,3000,200000,-2.75,7.5,580,3600,1,1,4,0;1;2;3,580x3600;580x3600;580x3600;580x3600,2025-03-27T10:25:20,2025-03-27T10:34:36,150,270,245,15,12,300,15,5,0
signed-refit-input-v1,1,,proc/proc_skp_temp_scan_run1_190k_binned_NROW580_NBINROW1_NCOL3600_NBINCOL1_SC200000_vl-2.75_vh7.5_dtph10500000_NPUMPS3000_2_105.fits,proc_skp_temp_scan_run1_190k_binned_NROW580_NBINROW1_NCOL3600_NBINCOL1_SC200000_vl-2.75_vh7.5_dtph10500000_NPUMPS3000_2_105.fits,33477120,temp_scan_run1,190,10500000,0.7,105,2,3000,200000,-2.75,7.5,580,3600,1,1,4,0;1;2;3,580x3600;580x3600;580x3600;580x3600,2025-03-27T19:57:05,2025-03-27T20:06:22,150,270,245,15,12,300,15,5,0
signed-refit-input-v1,1,,proc/proc_skp_temp_scan_run1_190k_binned_NROW580_NBINROW1_NCOL3600_NBINCOL1_SC200000_vl-2.75_vh7.5_dtph15500000_NPUMPS3000_2_106.fits,proc_skp_temp_scan_run1_190k_binned_NROW580_NBINROW1_NCOL3600_NBINCOL1_SC200000_vl-2.75_vh7.5_dtph15500000_NPUMPS3000_2_106.fits,33477120,temp_scan_run1,190,15500000,1.03333333333,106,2,3000,200000,-2.75,7.5,580,3600,1,1,4,0;1;2;3,580x3600;580x3600;580x3600;580x3600,2025-03-28T09:55:31,2025-03-28T10:04:47,150,270,245,15,12,300,15,5,0
signed-refit-input-v1,1,,proc/proc_skp_temp_scan_run1_193k_binned_NROW580_NBINROW1_NCOL3600_NBINCOL1_SC200000_vl-2.75_vh7.5_dtph750_NPUMPS3000_2_108.fits,proc_skp_temp_scan_run1_193k_binned_NROW580_NBINROW1_NCOL3600_NBINCOL1_SC200000_vl-2.75_vh7.5_dtph750_NPUMPS3000_2_108.fits,33477120,temp_scan_run1,193,750,5e-05,108,2,3000,200000,-2.75,7.5,580,3600,1,1,4,0;1;2;3,580x3600;580x3600;580x3600;580x3600,2025-03-28T13:48:52,2025-03-28T13:58:08,150,270,245,15,12,300,15,5,0
signed-refit-input-v1,1,,proc/proc_skp_temp_scan_run1_193k_binned_NROW580_NBINROW1_NCOL3600_NBINCOL1_SC200000_vl-2.75_vh7.5_dtph1200_NPUMPS3000_2_109.fits,proc_skp_temp_scan_run1_193k_binned_NROW580_NBINROW1_NCOL3600_NBINCOL1_SC200000_vl-2.75_vh7.5_dtph1200_NPUMPS3000_2_109.fits,33477120,temp_scan_run1,193,1200,8e-05,109,2,3000,200000,-2.75,7.5,580,3600,1,1,4,0;1;2;3,580x3600;580x3600;580x3600;580x3600,2025-03-28T14:00:41,2025-03-28T14:09:57,150,270,245,15,12,300,15,5,0
signed-refit-input-v1,1,,proc/proc_skp_temp_scan_run1_193k_binned_NROW580_NBINROW1_NCOL3600_NBINCOL1_SC200000_vl-2.75_vh7.5_dtph2000_NPUMPS3000_2_110.fits,proc_skp_temp_scan_run1_193k_binned_NROW580_NBINROW1_NCOL3600_NBINCOL1_SC200000_vl-2.75_vh7.5_dtph2000_NPUMPS3000_2_110.fits,33477120,temp_scan_run1,193,2000,0.000133333333333,110,2,3000,200000,-2.75,7.5,580,3600,1,1,4,0;1;2;3,580x3600;580x3600;580x3600;580x3600,2025-03-28T14:12:32,2025-03-28T14:21:49,150,270,245,15,12,300,15,5,0
signed-refit-input-v1,1,,proc/proc_skp_temp_scan_run1_193k_binned_NROW580_NBINROW1_NCOL3600_NBINCOL1_SC200000_vl-2.75_vh7.5_dtph3000_NPUMPS3000_2_111.fits,proc_skp_temp_scan_run1_193k_binned_NROW580_NBINROW1_NCOL3600_NBINCOL1_SC200000_vl-2.75_vh7.5_dtph3000_NPUMPS3000_2_111.fits,33477120,temp_scan_run1,193,3000,0.0002,111,2,3000,200000,-2.75,7.5,580,3600,1,1,4,0;1;2;3,580x3600;580x3600;580x3600;580x3600,2025-03-28T14:24:27,2025-03-28T14:33:43,150,270,245,15,12,300,15,5,0
signed-refit-input-v1,1,,proc/proc_skp_temp_scan_run1_193k_binned_NROW580_NBINROW1_NCOL3600_NBINCOL1_SC200000_vl-2.75_vh7.5_dtph5000_NPUMPS3000_2_112.fits,proc_skp_temp_scan_run1_193k_binned_NROW580_NBINROW1_NCOL3600_NBINCOL1_SC200000_vl-2.75_vh7.5_dtph5000_NPUMPS3000_2_112.fits,33477120,temp_scan_run1,193,5000,0.000333333333333,112,2,3000,200000,-2.75,7.5,580,3600,1,1,4,0;1;2;3,580x3600;580x3600;580x3600;580x3600,2025-03-28T14:36:28,2025-03-28T14:45:45,150,270,245,15,12,300,15,5,0
signed-refit-input-v1,1,,proc/proc_skp_temp_scan_run1_193k_binned_NROW580_NBINROW1_NCOL3600_NBINCOL1_SC200000_vl-2.75_vh7.5_dtph8000_NPUMPS3000_2_113.fits,proc_skp_temp_scan_run1_193k_binned_NROW580_NBINROW1_NCOL3600_NBINCOL1_SC200000_vl-2.75_vh7.5_dtph8000_NPUMPS3000_2_113.fits,33477120,temp_scan_run1,193,8000,0.000533333333333,113,2,3000,200000,-2.75,7.5,580,3600,1,1,4,0;1;2;3,580x3600;580x3600;580x3600;580x3600,2025-03-28T14:48:39,2025-03-28T14:57:55,150,270,245,15,12,300,15,5,0
signed-refit-input-v1,1,,proc/proc_skp_temp_scan_run1_193k_binned_NROW580_NBINROW1_NCOL3600_NBINCOL1_SC200000_vl-2.75_vh7.5_dtph18000_NPUMPS3000_2_114.fits,proc_skp_temp_scan_run1_193k_binned_NROW580_NBINROW1_NCOL3600_NBINCOL1_SC200000_vl-2.75_vh7.5_dtph18000_NPUMPS3000_2_114.fits,33477120,temp_scan_run1,193,18000,0.0012,114,2,3000,200000,-2.75,7.5,580,3600,1,1,4,0;1;2;3,580x3600;580x3600;580x3600;580x3600,2025-03-28T15:01:22,2025-03-28T15:10:38,150,270,245,15,12,300,15,5,0
signed-refit-input-v1,1,,proc/proc_skp_temp_scan_run1_193k_binned_NROW580_NBINROW1_NCOL3600_NBINCOL1_SC200000_vl-2.75_vh7.5_dtph28000_NPUMPS3000_2_115.fits,proc_skp_temp_scan_run1_193k_binned_NROW580_NBINROW1_NCOL3600_NBINCOL1_SC200000_vl-2.75_vh7.5_dtph28000_NPUMPS3000_2_115.fits,33477120,temp_scan_run1,193,28000,0.00186666666667,115,2,3000,200000,-2.75,7.5,580,3600,1,1,4,0;1;2;3,580x3600;580x3600;580x3600;580x3600,2025-03-28T15:14:37,2025-03-28T15:23:53,150,270,245,15,12,300,15,5,0
signed-refit-input-v1,1,,proc/proc_skp_temp_scan_run1_193k_binned_NROW580_NBINROW1_NCOL3600_NBINCOL1_SC200000_vl-2.75_vh7.5_dtph45000_NPUMPS3000_2_116.fits,proc_skp_temp_scan_run1_193k_binned_NROW580_NBINROW1_NCOL3600_NBINCOL1_SC200000_vl-2.75_vh7.5_dtph45000_NPUMPS3000_2_116.fits,33477120,temp_scan_run1,193,45000,0.003,116,2,3000,200000,-2.75,7.5,580,3600,1,1,4,0;1;2;3,580x3600;580x3600;580x3600;580x3600,2025-03-28T15:28:46,2025-03-28T15:38:03,150,270,245,15,12,300,15,5,0
signed-refit-input-v1,1,,proc/proc_skp_temp_scan_run1_193k_binned_NROW580_NBINROW1_NCOL3600_NBINCOL1_SC200000_vl-2.75_vh7.5_dtph70000_NPUMPS3000_2_117.fits,proc_skp_temp_scan_run1_193k_binned_NROW580_NBINROW1_NCOL3600_NBINCOL1_SC200000_vl-2.75_vh7.5_dtph70000_NPUMPS3000_2_117.fits,33477120,temp_scan_run1,193,70000,0.00466666666667,117,2,3000,200000,-2.75,7.5,580,3600,1,1,4,0;1;2;3,580x3600;580x3600;580x3600;580x3600,2025-03-28T15:44:16,2025-03-28T15:53:32,150,270,245,15,12,300,15,5,0
signed-refit-input-v1,1,,proc/proc_skp_temp_scan_run1_193k_binned_NROW580_NBINROW1_NCOL3600_NBINCOL1_SC200000_vl-2.75_vh7.5_dtph100000_NPUMPS3000_2_118.fits,proc_skp_temp_scan_run1_193k_binned_NROW580_NBINROW1_NCOL3600_NBINCOL1_SC200000_vl-2.75_vh7.5_dtph100000_NPUMPS3000_2_118.fits,33477120,temp_scan_run1,193,100000,0.00666666666667,118,2,3000,200000,-2.75,7.5,580,3600,1,1,4,0;1;2;3,580x3600;580x3600;580x3600;580x3600,2025-03-28T16:01:21,2025-03-28T16:10:37,150,270,245,15,12,300,15,5,0
signed-refit-input-v1,1,,proc/proc_skp_temp_scan_run1_193k_binned_NROW580_NBINROW1_NCOL3600_NBINCOL1_SC200000_vl-2.75_vh7.5_dtph170000_NPUMPS3000_2_119.fits,proc_skp_temp_scan_run1_193k_binned_NROW580_NBINROW1_NCOL3600_NBINCOL1_SC200000_vl-2.75_vh7.5_dtph170000_NPUMPS3000_2_119.fits,33477120,temp_scan_run1,193,170000,0.0113333333333,119,2,3000,200000,-2.75,7.5,580,3600,1,1,4,0;1;2;3,580x3600;580x3600;580x3600;580x3600,2025-03-28T16:22:10,2025-03-28T16:31:26,150,270,245,15,12,300,15,5,0
signed-refit-input-v1,1,,proc/proc_skp_temp_scan_run1_193k_binned_NROW580_NBINROW1_NCOL3600_NBINCOL1_SC200000_vl-2.75_vh7.5_dtph260000_NPUMPS3000_2_120.fits,proc_skp_temp_scan_run1_193k_binned_NROW580_NBINROW1_NCOL3600_NBINCOL1_SC200000_vl-2.75_vh7.5_dtph260000_NPUMPS3000_2_120.fits,33477120,temp_scan_run1,193,260000,0.0173333333333,120,2,3000,200000,-2.75,7.5,580,3600,1,1,4,0;1;2;3,580x3600;580x3600;580x3600;580x3600,2025-03-28T16:47:47,2025-03-28T16:57:04,150,270,245,15,12,300,15,5,0
signed-refit-input-v1,1,,proc/proc_skp_temp_scan_run1_193k_binned_NROW580_NBINROW1_NCOL3600_NBINCOL1_SC200000_vl-2.75_vh7.5_dtph400000_NPUMPS3000_2_121.fits,proc_skp_temp_scan_run1_193k_binned_NROW580_NBINROW1_NCOL3600_NBINCOL1_SC200000_vl-2.75_vh7.5_dtph400000_NPUMPS3000_2_121.fits,33477120,temp_scan_run1,193,400000,0.0266666666667,121,2,3000,200000,-2.75,7.5,580,3600,1,1,4,0;1;2;3,580x3600;580x3600;580x3600;580x3600,2025-03-28T17:20:52,2025-03-28T17:30:09,150,270,245,15,12,300,15,5,0
signed-refit-input-v1,1,,proc/proc_skp_temp_scan_run1_193k_binned_NROW580_NBINROW1_NCOL3600_NBINCOL1_SC200000_vl-2.75_vh7.5_dtph650000_NPUMPS3000_2_122.fits,proc_skp_temp_scan_run1_193k_binned_NROW580_NBINROW1_NCOL3600_NBINCOL1_SC200000_vl-2.75_vh7.5_dtph650000_NPUMPS3000_2_122.fits,33477120,temp_scan_run1,193,650000,0.0433333333333,122,2,3000,200000,-2.75,7.5,580,3600,1,1,4,0;1;2;3,580x3600;580x3600;580x3600;580x3600,2025-03-28T18:07:18,2025-03-28T18:16:34,150,270,245,15,12,300,15,5,0
signed-refit-input-v1,1,,proc/proc_skp_temp_scan_run1_193k_binned_NROW580_NBINROW1_NCOL3600_NBINCOL1_SC200000_vl-2.75_vh7.5_dtph1000000_NPUMPS3000_2_123.fits,proc_skp_temp_scan_run1_193k_binned_NROW580_NBINROW1_NCOL3600_NBINCOL1_SC200000_vl-2.75_vh7.5_dtph1000000_NPUMPS3000_2_123.fits,33477120,temp_scan_run1,193,1000000,0.0666666666667,123,2,3000,200000,-2.75,7.5,580,3600,1,1,4,0;1;2;3,580x3600;580x3600;580x3600;580x3600,2025-03-28T19:12:23,2025-03-28T19:21:39,150,270,245,15,12,300,15,5,0
signed-refit-input-v1,1,,proc/proc_skp_temp_scan_run1_193k_binned_NROW580_NBINROW1_NCOL3600_NBINCOL1_SC200000_vl-2.75_vh7.5_dtph1500000_NPUMPS3000_2_124.fits,proc_skp_temp_scan_run1_193k_binned_NROW580_NBINROW1_NCOL3600_NBINCOL1_SC200000_vl-2.75_vh7.5_dtph1500000_NPUMPS3000_2_124.fits,33477120,temp_scan_run1,193,1500000,0.1,124,2,3000,200000,-2.75,7.5,580,3600,1,1,4,0;1;2;3,580x3600;580x3600;580x3600;580x3600,2025-03-28T20:44:08,2025-03-28T20:53:25,150,270,245,15,12,300,15,5,0
signed-refit-input-v1,1,,proc/proc_skp_temp_scan_run1_193k_binned_NROW580_NBINROW1_NCOL3600_NBINCOL1_SC200000_vl-2.75_vh7.5_dtph1800000_NPUMPS3000_2_125.fits,proc_skp_temp_scan_run1_193k_binned_NROW580_NBINROW1_NCOL3600_NBINCOL1_SC200000_vl-2.75_vh7.5_dtph1800000_NPUMPS3000_2_125.fits,33477120,temp_scan_run1,193,1800000,0.12,125,2,3000,200000,-2.75,7.5,580,3600,1,1,4,0;1;2;3,580x3600;580x3600;580x3600;580x3600,2025-03-28T22:31:54,2025-03-28T22:41:10,150,270,245,15,12,300,15,5,0
signed-refit-input-v1,1,,proc/proc_skp_temp_scan_run1_193k_binned_NROW580_NBINROW1_NCOL3600_NBINCOL1_SC200000_vl-2.75_vh7.5_dtph2000000_NPUMPS3000_2_126.fits,proc_skp_temp_scan_run1_193k_binned_NROW580_NBINROW1_NCOL3600_NBINCOL1_SC200000_vl-2.75_vh7.5_dtph2000000_NPUMPS3000_2_126.fits,33477120,temp_scan_run1,193,2000000,0.133333333333,126,2,3000,200000,-2.75,7.5,580,3600,1,1,4,0;1;2;3,580x3600;580x3600;580x3600;580x3600,2025-03-29T00:30:19,2025-03-29T00:39:35,150,270,245,15,12,300,15,5,0
signed-refit-input-v1,1,,proc/proc_skp_temp_scan_run1_193k_binned_NROW580_NBINROW1_NCOL3600_NBINCOL1_SC200000_vl-2.75_vh7.5_dtph2500000_NPUMPS3000_2_127.fits,proc_skp_temp_scan_run1_193k_binned_NROW580_NBINROW1_NCOL3600_NBINCOL1_SC200000_vl-2.75_vh7.5_dtph2500000_NPUMPS3000_2_127.fits,33477120,temp_scan_run1,193,2500000,0.166666666667,127,2,3000,200000,-2.75,7.5,580,3600,1,1,4,0;1;2;3,580x3600;580x3600;580x3600;580x3600,2025-03-29T02:55:24,2025-03-29T03:04:41,150,270,245,15,12,300,15,5,0
signed-refit-input-v1,1,,proc/proc_skp_temp_scan_run1_193k_binned_NROW580_NBINROW1_NCOL3600_NBINCOL1_SC200000_vl-2.75_vh7.5_dtph3500000_NPUMPS3000_2_128.fits,proc_skp_temp_scan_run1_193k_binned_NROW580_NBINROW1_NCOL3600_NBINCOL1_SC200000_vl-2.75_vh7.5_dtph3500000_NPUMPS3000_2_128.fits,33477120,temp_scan_run1,193,3500000,0.233333333333,128,2,3000,200000,-2.75,7.5,580,3600,1,1,4,0;1;2;3,580x3600;580x3600;580x3600;580x3600,2025-03-29T06:13:50,2025-03-29T06:23:06,150,270,245,15,12,300,15,5,0
signed-refit-input-v1,1,,proc/proc_skp_temp_scan_run1_193k_binned_NROW580_NBINROW1_NCOL3600_NBINCOL1_SC200000_vl-2.75_vh7.5_dtph6500000_NPUMPS3000_2_129.fits,proc_skp_temp_scan_run1_193k_binned_NROW580_NBINROW1_NCOL3600_NBINCOL1_SC200000_vl-2.75_vh7.5_dtph6500000_NPUMPS3000_2_129.fits,33477120,temp_scan_run1,193,6500000,0.433333333333,129,2,3000,200000,-2.75,7.5,580,3600,1,1,4,0;1;2;3,580x3600;580x3600;580x3600;580x3600,2025-03-29T12:12:15,2025-03-29T12:21:31,150,270,245,15,12,300,15,5,0
signed-refit-input-v1,1,,proc/proc_skp_temp_scan_run1_193k_binned_NROW580_NBINROW1_NCOL3600_NBINCOL1_SC200000_vl-2.75_vh7.5_dtph8500000_NPUMPS3000_2_130.fits,proc_skp_temp_scan_run1_193k_binned_NROW580_NBINROW1_NCOL3600_NBINCOL1_SC200000_vl-2.75_vh7.5_dtph8500000_NPUMPS3000_2_130.fits,33477120,temp_scan_run1,193,8500000,0.566666666667,130,2,3000,200000,-2.75,7.5,580,3600,1,1,4,0;1;2;3,580x3600;580x3600;580x3600;580x3600,2025-03-29T19:57:20,2025-03-29T20:06:37,150,270,245,15,12,300,15,5,0
signed-refit-input-v1,1,,proc/proc_skp_temp_scan_run1_193k_binned_NROW580_NBINROW1_NCOL3600_NBINCOL1_SC200000_vl-2.75_vh7.5_dtph10500000_NPUMPS3000_2_131.fits,proc_skp_temp_scan_run1_193k_binned_NROW580_NBINROW1_NCOL3600_NBINCOL1_SC200000_vl-2.75_vh7.5_dtph10500000_NPUMPS3000_2_131.fits,33477120,temp_scan_run1,193,10500000,0.7,131,2,3000,200000,-2.75,7.5,580,3600,1,1,4,0;1;2;3,580x3600;580x3600;580x3600;580x3600,2025-03-30T05:29:06,2025-03-30T05:38:22,150,270,245,15,12,300,15,5,0
signed-refit-input-v1,1,,proc/proc_skp_temp_scan_run1_193k_binned_NROW580_NBINROW1_NCOL3600_NBINCOL1_SC200000_vl-2.75_vh7.5_dtph15500000_NPUMPS3000_2_132.fits,proc_skp_temp_scan_run1_193k_binned_NROW580_NBINROW1_NCOL3600_NBINCOL1_SC200000_vl-2.75_vh7.5_dtph15500000_NPUMPS3000_2_132.fits,33477120,temp_scan_run1,193,15500000,1.03333333333,132,2,3000,200000,-2.75,7.5,580,3600,1,1,4,0;1;2;3,580x3600;580x3600;580x3600;580x3600,2025-03-30T19:27:31,2025-03-30T19:36:48,150,270,245,15,12,300,15,5,0
signed-refit-input-v1,1,,proc/proc_skp_temp_scan_run1_195k_binned_NROW580_NBINROW1_NCOL3600_NBINCOL1_SC200000_vl-2.75_vh7.5_dtph750_NPUMPS3000_2_4.fits,proc_skp_temp_scan_run1_195k_binned_NROW580_NBINROW1_NCOL3600_NBINCOL1_SC200000_vl-2.75_vh7.5_dtph750_NPUMPS3000_2_4.fits,33477120,temp_scan_run1,195,750,5e-05,4,2,3000,200000,-2.75,7.5,580,3600,1,1,4,0;1;2;3,580x3600;580x3600;580x3600;580x3600,2025-03-05T01:42:40,2025-03-05T01:51:57,150,270,245,15,12,300,15,5,0
signed-refit-input-v1,1,,proc/proc_skp_temp_scan_run1_195k_binned_NROW580_NBINROW1_NCOL3600_NBINCOL1_SC200000_vl-2.75_vh7.5_dtph1200_NPUMPS3000_2_5.fits,proc_skp_temp_scan_run1_195k_binned_NROW580_NBINROW1_NCOL3600_NBINCOL1_SC200000_vl-2.75_vh7.5_dtph1200_NPUMPS3000_2_5.fits,33477120,temp_scan_run1,195,1200,8e-05,5,2,3000,200000,-2.75,7.5,580,3600,1,1,4,0;1;2;3,580x3600;580x3600;580x3600;580x3600,2025-03-05T01:54:30,2025-03-05T02:03:46,150,270,245,15,12,300,15,5,0
signed-refit-input-v1,1,,proc/proc_skp_temp_scan_run1_195k_binned_NROW580_NBINROW1_NCOL3600_NBINCOL1_SC200000_vl-2.75_vh7.5_dtph2000_NPUMPS3000_2_6.fits,proc_skp_temp_scan_run1_195k_binned_NROW580_NBINROW1_NCOL3600_NBINCOL1_SC200000_vl-2.75_vh7.5_dtph2000_NPUMPS3000_2_6.fits,33477120,temp_scan_run1,195,2000,0.000133333333333,6,2,3000,200000,-2.75,7.5,580,3600,1,1,4,0;1;2;3,580x3600;580x3600;580x3600;580x3600,2025-03-05T02:06:21,2025-03-05T02:15:37,150,270,245,15,12,300,15,5,0
signed-refit-input-v1,1,,proc/proc_skp_temp_scan_run1_195k_binned_NROW580_NBINROW1_NCOL3600_NBINCOL1_SC200000_vl-2.75_vh7.5_dtph3000_NPUMPS3000_2_7.fits,proc_skp_temp_scan_run1_195k_binned_NROW580_NBINROW1_NCOL3600_NBINCOL1_SC200000_vl-2.75_vh7.5_dtph3000_NPUMPS3000_2_7.fits,33477120,temp_scan_run1,195,3000,0.0002,7,2,3000,200000,-2.75,7.5,580,3600,1,1,4,0;1;2;3,580x3600;580x3600;580x3600;580x3600,2025-03-05T02:18:16,2025-03-05T02:27:32,150,270,245,15,12,300,15,5,0
signed-refit-input-v1,1,,proc/proc_skp_temp_scan_run1_195k_binned_NROW580_NBINROW1_NCOL3600_NBINCOL1_SC200000_vl-2.75_vh7.5_dtph5000_NPUMPS3000_2_8.fits,proc_skp_temp_scan_run1_195k_binned_NROW580_NBINROW1_NCOL3600_NBINCOL1_SC200000_vl-2.75_vh7.5_dtph5000_NPUMPS3000_2_8.fits,33477120,temp_scan_run1,195,5000,0.000333333333333,8,2,3000,200000,-2.75,7.5,580,3600,1,1,4,0;1;2;3,580x3600;580x3600;580x3600;580x3600,2025-03-05T02:30:17,2025-03-05T02:39:34,150,270,245,15,12,300,15,5,0
signed-refit-input-v1,1,,proc/proc_skp_temp_scan_run1_195k_binned_NROW580_NBINROW1_NCOL3600_NBINCOL1_SC200000_vl-2.75_vh7.5_dtph8000_NPUMPS3000_2_9.fits,proc_skp_temp_scan_run1_195k_binned_NROW580_NBINROW1_NCOL3600_NBINCOL1_SC200000_vl-2.75_vh7.5_dtph8000_NPUMPS3000_2_9.fits,33477120,temp_scan_run1,195,8000,0.000533333333333,9,2,3000,200000,-2.75,7.5,580,3600,1,1,4,0;1;2;3,580x3600;580x3600;580x3600;580x3600,2025-03-05T02:42:28,2025-03-05T02:51:45,150,270,245,15,12,300,15,5,0
signed-refit-input-v1,1,,proc/proc_skp_temp_scan_run1_195k_binned_NROW580_NBINROW1_NCOL3600_NBINCOL1_SC200000_vl-2.75_vh7.5_dtph18000_NPUMPS3000_2_10.fits,proc_skp_temp_scan_run1_195k_binned_NROW580_NBINROW1_NCOL3600_NBINCOL1_SC200000_vl-2.75_vh7.5_dtph18000_NPUMPS3000_2_10.fits,33477120,temp_scan_run1,195,18000,0.0012,10,2,3000,200000,-2.75,7.5,580,3600,1,1,4,0;1;2;3,580x3600;580x3600;580x3600;580x3600,2025-03-05T02:55:11,2025-03-05T03:04:27,150,270,245,15,12,300,15,5,0
signed-refit-input-v1,1,,proc/proc_skp_temp_scan_run1_195k_binned_NROW580_NBINROW1_NCOL3600_NBINCOL1_SC200000_vl-2.75_vh7.5_dtph28000_NPUMPS3000_2_11.fits,proc_skp_temp_scan_run1_195k_binned_NROW580_NBINROW1_NCOL3600_NBINCOL1_SC200000_vl-2.75_vh7.5_dtph28000_NPUMPS3000_2_11.fits,33477120,temp_scan_run1,195,28000,0.00186666666667,11,2,3000,200000,-2.75,7.5,580,3600,1,1,4,0;1;2;3,580x3600;580x3600;580x3600;580x3600,2025-03-05T03:08:26,2025-03-05T03:17:42,150,270,245,15,12,300,15,5,0
signed-refit-input-v1,1,,proc/proc_skp_temp_scan_run1_195k_binned_NROW580_NBINROW1_NCOL3600_NBINCOL1_SC200000_vl-2.75_vh7.5_dtph45000_NPUMPS3000_2_12.fits,proc_skp_temp_scan_run1_195k_binned_NROW580_NBINROW1_NCOL3600_NBINCOL1_SC200000_vl-2.75_vh7.5_dtph45000_NPUMPS3000_2_12.fits,33477120,temp_scan_run1,195,45000,0.003,12,2,3000,200000,-2.75,7.5,580,3600,1,1,4,0;1;2;3,580x3600;580x3600;580x3600;580x3600,2025-03-05T03:22:35,2025-03-05T03:31:52,150,270,245,15,12,300,15,5,0
signed-refit-input-v1,1,,proc/proc_skp_temp_scan_run1_195k_binned_NROW580_NBINROW1_NCOL3600_NBINCOL1_SC200000_vl-2.75_vh7.5_dtph70000_NPUMPS3000_2_13.fits,proc_skp_temp_scan_run1_195k_binned_NROW580_NBINROW1_NCOL3600_NBINCOL1_SC200000_vl-2.75_vh7.5_dtph70000_NPUMPS3000_2_13.fits,33477120,temp_scan_run1,195,70000,0.00466666666667,13,2,3000,200000,-2.75,7.5,580,3600,1,1,4,0;1;2;3,580x3600;580x3600;580x3600;580x3600,2025-03-05T03:38:05,2025-03-05T03:47:21,150,270,245,15,12,300,15,5,0
signed-refit-input-v1,1,,proc/proc_skp_temp_scan_run1_195k_binned_NROW580_NBINROW1_NCOL3600_NBINCOL1_SC200000_vl-2.75_vh7.5_dtph100000_NPUMPS3000_2_14.fits,proc_skp_temp_scan_run1_195k_binned_NROW580_NBINROW1_NCOL3600_NBINCOL1_SC200000_vl-2.75_vh7.5_dtph100000_NPUMPS3000_2_14.fits,33477120,temp_scan_run1,195,100000,0.00666666666667,14,2,3000,200000,-2.75,7.5,580,3600,1,1,4,0;1;2;3,580x3600;580x3600;580x3600;580x3600,2025-03-05T03:55:10,2025-03-05T04:04:26,150,270,245,15,12,300,15,5,0
signed-refit-input-v1,1,,proc/proc_skp_temp_scan_run1_195k_binned_NROW580_NBINROW1_NCOL3600_NBINCOL1_SC200000_vl-2.75_vh7.5_dtph170000_NPUMPS3000_2_15.fits,proc_skp_temp_scan_run1_195k_binned_NROW580_NBINROW1_NCOL3600_NBINCOL1_SC200000_vl-2.75_vh7.5_dtph170000_NPUMPS3000_2_15.fits,33477120,temp_scan_run1,195,170000,0.0113333333333,15,2,3000,200000,-2.75,7.5,580,3600,1,1,4,0;1;2;3,580x3600;580x3600;580x3600;580x3600,2025-03-05T04:15:59,2025-03-05T04:25:15,150,270,245,15,12,300,15,5,0
signed-refit-input-v1,1,,proc/proc_skp_temp_scan_run1_195k_binned_NROW580_NBINROW1_NCOL3600_NBINCOL1_SC200000_vl-2.75_vh7.5_dtph260000_NPUMPS3000_2_16.fits,proc_skp_temp_scan_run1_195k_binned_NROW580_NBINROW1_NCOL3600_NBINCOL1_SC200000_vl-2.75_vh7.5_dtph260000_NPUMPS3000_2_16.fits,33477120,temp_scan_run1,195,260000,0.0173333333333,16,2,3000,200000,-2.75,7.5,580,3600,1,1,4,0;1;2;3,580x3600;580x3600;580x3600;580x3600,2025-03-05T04:41:36,2025-03-05T04:50:53,150,270,245,15,12,300,15,5,0
signed-refit-input-v1,1,,proc/proc_skp_temp_scan_run1_195k_binned_NROW580_NBINROW1_NCOL3600_NBINCOL1_SC200000_vl-2.75_vh7.5_dtph400000_NPUMPS3000_2_17.fits,proc_skp_temp_scan_run1_195k_binned_NROW580_NBINROW1_NCOL3600_NBINCOL1_SC200000_vl-2.75_vh7.5_dtph400000_NPUMPS3000_2_17.fits,33477120,temp_scan_run1,195,400000,0.0266666666667,17,2,3000,200000,-2.75,7.5,580,3600,1,1,4,0;1;2;3,580x3600;580x3600;580x3600;580x3600,2025-03-05T05:14:42,2025-03-05T05:23:58,150,270,245,15,12,300,15,5,0
signed-refit-input-v1,1,,proc/proc_skp_temp_scan_run1_195k_binned_NROW580_NBINROW1_NCOL3600_NBINCOL1_SC200000_vl-2.75_vh7.5_dtph650000_NPUMPS3000_2_18.fits,proc_skp_temp_scan_run1_195k_binned_NROW580_NBINROW1_NCOL3600_NBINCOL1_SC200000_vl-2.75_vh7.5_dtph650000_NPUMPS3000_2_18.fits,33477120,temp_scan_run1,195,650000,0.0433333333333,18,2,3000,200000,-2.75,7.5,580,3600,1,1,4,0;1;2;3,580x3600;580x3600;580x3600;580x3600,2025-03-05T06:01:07,2025-03-05T06:10:23,150,270,245,15,12,300,15,5,0
signed-refit-input-v1,1,,proc/proc_skp_temp_scan_run1_195k_binned_NROW580_NBINROW1_NCOL3600_NBINCOL1_SC200000_vl-2.75_vh7.5_dtph1000000_NPUMPS3000_2_19.fits,proc_skp_temp_scan_run1_195k_binned_NROW580_NBINROW1_NCOL3600_NBINCOL1_SC200000_vl-2.75_vh7.5_dtph1000000_NPUMPS3000_2_19.fits,33477120,temp_scan_run1,195,1000000,0.0666666666667,19,2,3000,200000,-2.75,7.5,580,3600,1,1,4,0;1;2;3,580x3600;580x3600;580x3600;580x3600,2025-03-05T07:06:12,2025-03-05T07:15:29,150,270,245,15,12,300,15,5,0
signed-refit-input-v1,1,,proc/proc_skp_temp_scan_run1_195k_binned_NROW580_NBINROW1_NCOL3600_NBINCOL1_SC200000_vl-2.75_vh7.5_dtph1500000_NPUMPS3000_2_20.fits,proc_skp_temp_scan_run1_195k_binned_NROW580_NBINROW1_NCOL3600_NBINCOL1_SC200000_vl-2.75_vh7.5_dtph1500000_NPUMPS3000_2_20.fits,33477120,temp_scan_run1,195,1500000,0.1,20,2,3000,200000,-2.75,7.5,580,3600,1,1,4,0;1;2;3,580x3600;580x3600;580x3600;580x3600,2025-03-05T08:37:58,2025-03-05T08:47:14,150,270,245,15,12,300,15,5,0
signed-refit-input-v1,1,,proc/proc_skp_temp_scan_run1_195k_binned_NROW580_NBINROW1_NCOL3600_NBINCOL1_SC200000_vl-2.75_vh7.5_dtph2500000_NPUMPS3000_2_21.fits,proc_skp_temp_scan_run1_195k_binned_NROW580_NBINROW1_NCOL3600_NBINCOL1_SC200000_vl-2.75_vh7.5_dtph2500000_NPUMPS3000_2_21.fits,33477120,temp_scan_run1,195,2500000,0.166666666667,21,2,3000,200000,-2.75,7.5,580,3600,1,1,4,0;1;2;3,580x3600;580x3600;580x3600;580x3600,2025-03-05T11:03:03,2025-03-05T11:12:19,150,270,245,15,12,300,15,5,0
signed-refit-input-v1,1,,proc/proc_skp_temp_scan_run1_197k_binned_NROW580_NBINROW1_NCOL3600_NBINCOL1_SC200000_vl-2.75_vh7.5_dtph750_NPUMPS3000_2_134.fits,proc_skp_temp_scan_run1_197k_binned_NROW580_NBINROW1_NCOL3600_NBINCOL1_SC200000_vl-2.75_vh7.5_dtph750_NPUMPS3000_2_134.fits,33477120,temp_scan_run1,197,750,5e-05,134,2,3000,200000,-2.75,7.5,580,3600,1,1,4,0;1;2;3,580x3600;580x3600;580x3600;580x3600,2025-03-30T23:20:52,2025-03-30T23:30:08,150,270,245,15,12,300,15,5,0
signed-refit-input-v1,1,,proc/proc_skp_temp_scan_run1_197k_binned_NROW580_NBINROW1_NCOL3600_NBINCOL1_SC200000_vl-2.75_vh7.5_dtph1200_NPUMPS3000_2_135.fits,proc_skp_temp_scan_run1_197k_binned_NROW580_NBINROW1_NCOL3600_NBINCOL1_SC200000_vl-2.75_vh7.5_dtph1200_NPUMPS3000_2_135.fits,33477120,temp_scan_run1,197,1200,8e-05,135,2,3000,200000,-2.75,7.5,580,3600,1,1,4,0;1;2;3,580x3600;580x3600;580x3600;580x3600,2025-03-30T23:32:41,2025-03-30T23:41:57,150,270,245,15,12,300,15,5,0
signed-refit-input-v1,1,,proc/proc_skp_temp_scan_run1_197k_binned_NROW580_NBINROW1_NCOL3600_NBINCOL1_SC200000_vl-2.75_vh7.5_dtph2000_NPUMPS3000_2_136.fits,proc_skp_temp_scan_run1_197k_binned_NROW580_NBINROW1_NCOL3600_NBINCOL1_SC200000_vl-2.75_vh7.5_dtph2000_NPUMPS3000_2_136.fits,33477120,temp_scan_run1,197,2000,0.000133333333333,136,2,3000,200000,-2.75,7.5,580,3600,1,1,4,0;1;2;3,580x3600;580x3600;580x3600;580x3600,2025-03-30T23:44:33,2025-03-30T23:53:49,150,270,245,15,12,300,15,5,0
signed-refit-input-v1,1,,proc/proc_skp_temp_scan_run1_197k_binned_NROW580_NBINROW1_NCOL3600_NBINCOL1_SC200000_vl-2.75_vh7.5_dtph3000_NPUMPS3000_2_137.fits,proc_skp_temp_scan_run1_197k_binned_NROW580_NBINROW1_NCOL3600_NBINCOL1_SC200000_vl-2.75_vh7.5_dtph3000_NPUMPS3000_2_137.fits,33477120,temp_scan_run1,197,3000,0.0002,137,2,3000,200000,-2.75,7.5,580,3600,1,1,4,0;1;2;3,580x3600;580x3600;580x3600;580x3600,2025-03-30T23:56:28,2025-03-31T00:05:44,150,270,245,15,12,300,15,5,0
signed-refit-input-v1,1,,proc/proc_skp_temp_scan_run1_197k_binned_NROW580_NBINROW1_NCOL3600_NBINCOL1_SC200000_vl-2.75_vh7.5_dtph5000_NPUMPS3000_2_138.fits,proc_skp_temp_scan_run1_197k_binned_NROW580_NBINROW1_NCOL3600_NBINCOL1_SC200000_vl-2.75_vh7.5_dtph5000_NPUMPS3000_2_138.fits,33477120,temp_scan_run1,197,5000,0.000333333333333,138,2,3000,200000,-2.75,7.5,580,3600,1,1,4,0;1;2;3,580x3600;580x3600;580x3600;580x3600,2025-03-31T00:08:29,2025-03-31T00:17:45,150,270,245,15,12,300,15,5,0
signed-refit-input-v1,1,,proc/proc_skp_temp_scan_run1_197k_binned_NROW580_NBINROW1_NCOL3600_NBINCOL1_SC200000_vl-2.75_vh7.5_dtph8000_NPUMPS3000_2_139.fits,proc_skp_temp_scan_run1_197k_binned_NROW580_NBINROW1_NCOL3600_NBINCOL1_SC200000_vl-2.75_vh7.5_dtph8000_NPUMPS3000_2_139.fits,33477120,temp_scan_run1,197,8000,0.000533333333333,139,2,3000,200000,-2.75,7.5,580,3600,1,1,4,0;1;2;3,580x3600;580x3600;580x3600;580x3600,2025-03-31T00:20:40,2025-03-31T00:29:56,150,270,245,15,12,300,15,5,0
signed-refit-input-v1,1,,proc/proc_skp_temp_scan_run1_197k_binned_NROW580_NBINROW1_NCOL3600_NBINCOL1_SC200000_vl-2.75_vh7.5_dtph18000_NPUMPS3000_2_140.fits,proc_skp_temp_scan_run1_197k_binned_NROW580_NBINROW1_NCOL3600_NBINCOL1_SC200000_vl-2.75_vh7.5_dtph18000_NPUMPS3000_2_140.fits,33477120,temp_scan_run1,197,18000,0.0012,140,2,3000,200000,-2.75,7.5,580,3600,1,1,4,0;1;2;3,580x3600;580x3600;580x3600;580x3600,2025-03-31T00:33:23,2025-03-31T00:42:39,150,270,245,15,12,300,15,5,0
signed-refit-input-v1,1,,proc/proc_skp_temp_scan_run1_197k_binned_NROW580_NBINROW1_NCOL3600_NBINCOL1_SC200000_vl-2.75_vh7.5_dtph28000_NPUMPS3000_2_141.fits,proc_skp_temp_scan_run1_197k_binned_NROW580_NBINROW1_NCOL3600_NBINCOL1_SC200000_vl-2.75_vh7.5_dtph28000_NPUMPS3000_2_141.fits,33477120,temp_scan_run1,197,28000,0.00186666666667,141,2,3000,200000,-2.75,7.5,580,3600,1,1,4,0;1;2;3,580x3600;580x3600;580x3600;580x3600,2025-03-31T00:46:38,2025-03-31T00:55:54,150,270,245,15,12,300,15,5,0
signed-refit-input-v1,1,,proc/proc_skp_temp_scan_run1_197k_binned_NROW580_NBINROW1_NCOL3600_NBINCOL1_SC200000_vl-2.75_vh7.5_dtph45000_NPUMPS3000_2_142.fits,proc_skp_temp_scan_run1_197k_binned_NROW580_NBINROW1_NCOL3600_NBINCOL1_SC200000_vl-2.75_vh7.5_dtph45000_NPUMPS3000_2_142.fits,33477120,temp_scan_run1,197,45000,0.003,142,2,3000,200000,-2.75,7.5,580,3600,1,1,4,0;1;2;3,580x3600;580x3600;580x3600;580x3600,2025-03-31T01:00:47,2025-03-31T01:10:03,150,270,245,15,12,300,15,5,0
signed-refit-input-v1,1,,proc/proc_skp_temp_scan_run1_197k_binned_NROW580_NBINROW1_NCOL3600_NBINCOL1_SC200000_vl-2.75_vh7.5_dtph70000_NPUMPS3000_2_143.fits,proc_skp_temp_scan_run1_197k_binned_NROW580_NBINROW1_NCOL3600_NBINCOL1_SC200000_vl-2.75_vh7.5_dtph70000_NPUMPS3000_2_143.fits,33477120,temp_scan_run1,197,70000,0.00466666666667,143,2,3000,200000,-2.75,7.5,580,3600,1,1,4,0;1;2;3,580x3600;580x3600;580x3600;580x3600,2025-03-31T01:16:16,2025-03-31T01:25:32,150,270,245,15,12,300,15,5,0
signed-refit-input-v1,1,,proc/proc_skp_temp_scan_run1_197k_binned_NROW580_NBINROW1_NCOL3600_NBINCOL1_SC200000_vl-2.75_vh7.5_dtph100000_NPUMPS3000_2_144.fits,proc_skp_temp_scan_run1_197k_binned_NROW580_NBINROW1_NCOL3600_NBINCOL1_SC200000_vl-2.75_vh7.5_dtph100000_NPUMPS3000_2_144.fits,33477120,temp_scan_run1,197,100000,0.00666666666667,144,2,3000,200000,-2.75,7.5,580,3600,1,1,4,0;1;2;3,580x3600;580x3600;580x3600;580x3600,2025-03-31T01:33:22,2025-03-31T01:42:38,150,270,245,15,12,300,15,5,0
signed-refit-input-v1,1,,proc/proc_skp_temp_scan_run1_197k_binned_NROW580_NBINROW1_NCOL3600_NBINCOL1_SC200000_vl-2.75_vh7.5_dtph170000_NPUMPS3000_2_145.fits,proc_skp_temp_scan_run1_197k_binned_NROW580_NBINROW1_NCOL3600_NBINCOL1_SC200000_vl-2.75_vh7.5_dtph170000_NPUMPS3000_2_145.fits,33477120,temp_scan_run1,197,170000,0.0113333333333,145,2,3000,200000,-2.75,7.5,580,3600,1,1,4,0;1;2;3,580x3600;580x3600;580x3600;580x3600,2025-03-31T01:54:11,2025-03-31T02:03:27,150,270,245,15,12,300,15,5,0
signed-refit-input-v1,1,,proc/proc_skp_temp_scan_run1_197k_binned_NROW580_NBINROW1_NCOL3600_NBINCOL1_SC200000_vl-2.75_vh7.5_dtph260000_NPUMPS3000_2_146.fits,proc_skp_temp_scan_run1_197k_binned_NROW580_NBINROW1_NCOL3600_NBINCOL1_SC200000_vl-2.75_vh7.5_dtph260000_NPUMPS3000_2_146.fits,33477120,temp_scan_run1,197,260000,0.0173333333333,146,2,3000,200000,-2.75,7.5,580,3600,1,1,4,0;1;2;3,580x3600;580x3600;580x3600;580x3600,2025-03-31T02:19:48,2025-03-31T02:29:04,150,270,245,15,12,300,15,5,0
signed-refit-input-v1,1,,proc/proc_skp_temp_scan_run1_197k_binned_NROW580_NBINROW1_NCOL3600_NBINCOL1_SC200000_vl-2.75_vh7.5_dtph400000_NPUMPS3000_2_147.fits,proc_skp_temp_scan_run1_197k_binned_NROW580_NBINROW1_NCOL3600_NBINCOL1_SC200000_vl-2.75_vh7.5_dtph400000_NPUMPS3000_2_147.fits,33477120,temp_scan_run1,197,400000,0.0266666666667,147,2,3000,200000,-2.75,7.5,580,3600,1,1,4,0;1;2;3,580x3600;580x3600;580x3600;580x3600,2025-03-31T02:52:53,2025-03-31T03:02:10,150,270,245,15,12,300,15,5,0
signed-refit-input-v1,1,,proc/proc_skp_temp_scan_run1_197k_binned_NROW580_NBINROW1_NCOL3600_NBINCOL1_SC200000_vl-2.75_vh7.5_dtph650000_NPUMPS3000_2_148.fits,proc_skp_temp_scan_run1_197k_binned_NROW580_NBINROW1_NCOL3600_NBINCOL1_SC200000_vl-2.75_vh7.5_dtph650000_NPUMPS3000_2_148.fits,33477120,temp_scan_run1,197,650000,0.0433333333333,148,2,3000,200000,-2.75,7.5,580,3600,1,1,4,0;1;2;3,580x3600;580x3600;580x3600;580x3600,2025-03-31T03:39:19,2025-03-31T03:48:35,150,270,245,15,12,300,15,5,0
signed-refit-input-v1,1,,proc/proc_skp_temp_scan_run1_197k_binned_NROW580_NBINROW1_NCOL3600_NBINCOL1_SC200000_vl-2.75_vh7.5_dtph1000000_NPUMPS3000_2_149.fits,proc_skp_temp_scan_run1_197k_binned_NROW580_NBINROW1_NCOL3600_NBINCOL1_SC200000_vl-2.75_vh7.5_dtph1000000_NPUMPS3000_2_149.fits,33477120,temp_scan_run1,197,1000000,0.0666666666667,149,2,3000,200000,-2.75,7.5,580,3600,1,1,4,0;1;2;3,580x3600;580x3600;580x3600;580x3600,2025-03-31T04:44:24,2025-03-31T04:53:40,150,270,245,15,12,300,15,5,0
signed-refit-input-v1,1,,proc/proc_skp_temp_scan_run1_197k_binned_NROW580_NBINROW1_NCOL3600_NBINCOL1_SC200000_vl-2.75_vh7.5_dtph1500000_NPUMPS3000_2_150.fits,proc_skp_temp_scan_run1_197k_binned_NROW580_NBINROW1_NCOL3600_NBINCOL1_SC200000_vl-2.75_vh7.5_dtph1500000_NPUMPS3000_2_150.fits,33477120,temp_scan_run1,197,1500000,0.1,150,2,3000,200000,-2.75,7.5,580,3600,1,1,4,0;1;2;3,580x3600;580x3600;580x3600;580x3600,2025-03-31T06:16:09,2025-03-31T06:25:26,150,270,245,15,12,300,15,5,0
signed-refit-input-v1,1,,proc/proc_skp_temp_scan_run1_197k_binned_NROW580_NBINROW1_NCOL3600_NBINCOL1_SC200000_vl-2.75_vh7.5_dtph1800000_NPUMPS3000_2_151.fits,proc_skp_temp_scan_run1_197k_binned_NROW580_NBINROW1_NCOL3600_NBINCOL1_SC200000_vl-2.75_vh7.5_dtph1800000_NPUMPS3000_2_151.fits,33477120,temp_scan_run1,197,1800000,0.12,151,2,3000,200000,-2.75,7.5,580,3600,1,1,4,0;1;2;3,580x3600;580x3600;580x3600;580x3600,2025-03-31T08:03:55,2025-03-31T08:13:11,150,270,245,15,12,300,15,5,0
signed-refit-input-v1,1,,proc/proc_skp_temp_scan_run1_197k_binned_NROW580_NBINROW1_NCOL3600_NBINCOL1_SC200000_vl-2.75_vh7.5_dtph2000000_NPUMPS3000_2_152.fits,proc_skp_temp_scan_run1_197k_binned_NROW580_NBINROW1_NCOL3600_NBINCOL1_SC200000_vl-2.75_vh7.5_dtph2000000_NPUMPS3000_2_152.fits,33477120,temp_scan_run1,197,2000000,0.133333333333,152,2,3000,200000,-2.75,7.5,580,3600,1,1,4,0;1;2;3,580x3600;580x3600;580x3600;580x3600,2025-03-31T10:02:20,2025-03-31T10:11:36,150,270,245,15,12,300,15,5,0
signed-refit-input-v1,1,,proc/proc_skp_temp_scan_run1_197k_binned_NROW580_NBINROW1_NCOL3600_NBINCOL1_SC200000_vl-2.75_vh7.5_dtph2500000_NPUMPS3000_2_153.fits,proc_skp_temp_scan_run1_197k_binned_NROW580_NBINROW1_NCOL3600_NBINCOL1_SC200000_vl-2.75_vh7.5_dtph2500000_NPUMPS3000_2_153.fits,33477120,temp_scan_run1,197,2500000,0.166666666667,153,2,3000,200000,-2.75,7.5,580,3600,1,1,4,0;1;2;3,580x3600;580x3600;580x3600;580x3600,2025-03-31T12:27:25,2025-03-31T12:36:42,150,270,245,15,12,300,15,5,0
signed-refit-input-v1,1,,proc/proc_skp_temp_scan_run1_197k_binned_NROW580_NBINROW1_NCOL3600_NBINCOL1_SC200000_vl-2.75_vh7.5_dtph3500000_NPUMPS3000_2_154.fits,proc_skp_temp_scan_run1_197k_binned_NROW580_NBINROW1_NCOL3600_NBINCOL1_SC200000_vl-2.75_vh7.5_dtph3500000_NPUMPS3000_2_154.fits,33477120,temp_scan_run1,197,3500000,0.233333333333,154,2,3000,200000,-2.75,7.5,580,3600,1,1,4,0;1;2;3,580x3600;580x3600;580x3600;580x3600,2025-03-31T15:45:51,2025-03-31T15:55:07,150,270,245,15,12,300,15,5,0
signed-refit-input-v1,1,,proc/proc_skp_temp_scan_run1_197k_binned_NROW580_NBINROW1_NCOL3600_NBINCOL1_SC200000_vl-2.75_vh7.5_dtph6500000_NPUMPS3000_2_155.fits,proc_skp_temp_scan_run1_197k_binned_NROW580_NBINROW1_NCOL3600_NBINCOL1_SC200000_vl-2.75_vh7.5_dtph6500000_NPUMPS3000_2_155.fits,33477120,temp_scan_run1,197,6500000,0.433333333333,155,2,3000,200000,-2.75,7.5,580,3600,1,1,4,0;1;2;3,580x3600;580x3600;580x3600;580x3600,2025-03-31T21:44:16,2025-03-31T21:53:32,150,270,245,15,12,300,15,5,0
signed-refit-input-v1,1,,proc/proc_skp_temp_scan_run1_197k_binned_NROW580_NBINROW1_NCOL3600_NBINCOL1_SC200000_vl-2.75_vh7.5_dtph8500000_NPUMPS3000_2_156.fits,proc_skp_temp_scan_run1_197k_binned_NROW580_NBINROW1_NCOL3600_NBINCOL1_SC200000_vl-2.75_vh7.5_dtph8500000_NPUMPS3000_2_156.fits,33477120,temp_scan_run1,197,8500000,0.566666666667,156,2,3000,200000,-2.75,7.5,580,3600,1,1,4,0;1;2;3,580x3600;580x3600;580x3600;580x3600,2025-04-01T05:29:22,2025-04-01T05:38:38,150,270,245,15,12,300,15,5,0
signed-refit-input-v1,1,,proc/proc_skp_temp_scan_run1_197k_binned_NROW580_NBINROW1_NCOL3600_NBINCOL1_SC200000_vl-2.75_vh7.5_dtph10500000_NPUMPS3000_2_157.fits,proc_skp_temp_scan_run1_197k_binned_NROW580_NBINROW1_NCOL3600_NBINCOL1_SC200000_vl-2.75_vh7.5_dtph10500000_NPUMPS3000_2_157.fits,33477120,temp_scan_run1,197,10500000,0.7,157,2,3000,200000,-2.75,7.5,580,3600,1,1,4,0;1;2;3,580x3600;580x3600;580x3600;580x3600,2025-04-01T15:01:07,2025-04-01T15:10:23,150,270,245,15,12,300,15,5,0
signed-refit-input-v1,1,,proc/proc_skp_temp_scan_run1_197k_binned_NROW580_NBINROW1_NCOL3600_NBINCOL1_SC200000_vl-2.75_vh7.5_dtph15500000_NPUMPS3000_2_158.fits,proc_skp_temp_scan_run1_197k_binned_NROW580_NBINROW1_NCOL3600_NBINCOL1_SC200000_vl-2.75_vh7.5_dtph15500000_NPUMPS3000_2_158.fits,33477120,temp_scan_run1,197,15500000,1.03333333333,158,2,3000,200000,-2.75,7.5,580,3600,1,1,4,0;1;2;3,580x3600;580x3600;580x3600;580x3600,2025-04-02T04:59:33,2025-04-02T05:08:49,150,270,245,15,12,300,15,5,0
signed-refit-input-v1,1,,proc/proc_skp_temp_scan_run1_200k_binned_NROW580_NBINROW1_NCOL3600_NBINCOL1_SC200000_vl-2.75_vh7.5_dtph750_NPUMPS3000_2_160.fits,proc_skp_temp_scan_run1_200k_binned_NROW580_NBINROW1_NCOL3600_NBINCOL1_SC200000_vl-2.75_vh7.5_dtph750_NPUMPS3000_2_160.fits,33477120,temp_scan_run1,200,750,5e-05,160,2,3000,200000,-2.75,7.5,580,3600,1,1,4,0;1;2;3,580x3600;580x3600;580x3600;580x3600,2025-04-02T08:52:53,2025-04-02T09:02:10,150,270,245,15,12,300,15,5,0
signed-refit-input-v1,0,superseded 200 K acquisition; use recent run IDs 160-184,proc/proc_skp_temp_scan_run1_200k_binned_NROW580_NBINROW1_NCOL3600_NBINCOL1_SC200000_vl-2.75_vh7.5_dtph750_NPUMPS3000_2_21.fits,proc_skp_temp_scan_run1_200k_binned_NROW580_NBINROW1_NCOL3600_NBINCOL1_SC200000_vl-2.75_vh7.5_dtph750_NPUMPS3000_2_21.fits,33477120,temp_scan_run1,200,750,5e-05,21,2,3000,200000,-2.75,7.5,580,3600,1,1,4,0;1;2;3,580x3600;580x3600;580x3600;580x3600,2025-03-04T20:47:00,2025-03-04T20:56:16,150,270,245,15,12,300,15,5,0
signed-refit-input-v1,1,,proc/proc_skp_temp_scan_run1_200k_binned_NROW580_NBINROW1_NCOL3600_NBINCOL1_SC200000_vl-2.75_vh7.5_dtph1200_NPUMPS3000_2_161.fits,proc_skp_temp_scan_run1_200k_binned_NROW580_NBINROW1_NCOL3600_NBINCOL1_SC200000_vl-2.75_vh7.5_dtph1200_NPUMPS3000_2_161.fits,33477120,temp_scan_run1,200,1200,8e-05,161,2,3000,200000,-2.75,7.5,580,3600,1,1,4,0;1;2;3,580x3600;580x3600;580x3600;580x3600,2025-04-02T09:04:42,2025-04-02T09:13:59,150,270,245,15,12,300,15,5,0
signed-refit-input-v1,0,superseded 200 K acquisition; use recent run IDs 160-184,proc/proc_skp_temp_scan_run1_200k_binned_NROW580_NBINROW1_NCOL3600_NBINCOL1_SC200000_vl-2.75_vh7.5_dtph1200_NPUMPS3000_2_22.fits,proc_skp_temp_scan_run1_200k_binned_NROW580_NBINROW1_NCOL3600_NBINCOL1_SC200000_vl-2.75_vh7.5_dtph1200_NPUMPS3000_2_22.fits,33477120,temp_scan_run1,200,1200,8e-05,22,2,3000,200000,-2.75,7.5,580,3600,1,1,4,0;1;2;3,580x3600;580x3600;580x3600;580x3600,2025-03-04T20:58:49,2025-03-04T21:08:05,150,270,245,15,12,300,15,5,0
signed-refit-input-v1,1,,proc/proc_skp_temp_scan_run1_200k_binned_NROW580_NBINROW1_NCOL3600_NBINCOL1_SC200000_vl-2.75_vh7.5_dtph2000_NPUMPS3000_2_162.fits,proc_skp_temp_scan_run1_200k_binned_NROW580_NBINROW1_NCOL3600_NBINCOL1_SC200000_vl-2.75_vh7.5_dtph2000_NPUMPS3000_2_162.fits,33477120,temp_scan_run1,200,2000,0.000133333333333,162,2,3000,200000,-2.75,7.5,580,3600,1,1,4,0;1;2;3,580x3600;580x3600;580x3600;580x3600,2025-04-02T09:16:34,2025-04-02T09:25:50,150,270,245,15,12,300,15,5,0
signed-refit-input-v1,0,superseded 200 K acquisition; use recent run IDs 160-184,proc/proc_skp_temp_scan_run1_200k_binned_NROW580_NBINROW1_NCOL3600_NBINCOL1_SC200000_vl-2.75_vh7.5_dtph2000_NPUMPS3000_2_23.fits,proc_skp_temp_scan_run1_200k_binned_NROW580_NBINROW1_NCOL3600_NBINCOL1_SC200000_vl-2.75_vh7.5_dtph2000_NPUMPS3000_2_23.fits,33477120,temp_scan_run1,200,2000,0.000133333333333,23,2,3000,200000,-2.75,7.5,580,3600,1,1,4,0;1;2;3,580x3600;580x3600;580x3600;580x3600,2025-03-04T21:10:40,2025-03-04T21:19:57,150,270,245,15,12,300,15,5,0
signed-refit-input-v1,1,,proc/proc_skp_temp_scan_run1_200k_binned_NROW580_NBINROW1_NCOL3600_NBINCOL1_SC200000_vl-2.75_vh7.5_dtph3000_NPUMPS3000_2_163.fits,proc_skp_temp_scan_run1_200k_binned_NROW580_NBINROW1_NCOL3600_NBINCOL1_SC200000_vl-2.75_vh7.5_dtph3000_NPUMPS3000_2_163.fits,33477120,temp_scan_run1,200,3000,0.0002,163,2,3000,200000,-2.75,7.5,580,3600,1,1,4,0;1;2;3,580x3600;580x3600;580x3600;580x3600,2025-04-02T09:28:29,2025-04-02T09:37:45,150,270,245,15,12,300,15,5,0
signed-refit-input-v1,0,superseded 200 K acquisition; use recent run IDs 160-184,proc/proc_skp_temp_scan_run1_200k_binned_NROW580_NBINROW1_NCOL3600_NBINCOL1_SC200000_vl-2.75_vh7.5_dtph3000_NPUMPS3000_2_24.fits,proc_skp_temp_scan_run1_200k_binned_NROW580_NBINROW1_NCOL3600_NBINCOL1_SC200000_vl-2.75_vh7.5_dtph3000_NPUMPS3000_2_24.fits,33477120,temp_scan_run1,200,3000,0.0002,24,2,3000,200000,-2.75,7.5,580,3600,1,1,4,0;1;2;3,580x3600;580x3600;580x3600;580x3600,2025-03-04T21:22:35,2025-03-04T21:31:52,150,270,245,15,12,300,15,5,0
signed-refit-input-v1,1,,proc/proc_skp_temp_scan_run1_200k_binned_NROW580_NBINROW1_NCOL3600_NBINCOL1_SC200000_vl-2.75_vh7.5_dtph5000_NPUMPS3000_2_164.fits,proc_skp_temp_scan_run1_200k_binned_NROW580_NBINROW1_NCOL3600_NBINCOL1_SC200000_vl-2.75_vh7.5_dtph5000_NPUMPS3000_2_164.fits,33477120,temp_scan_run1,200,5000,0.000333333333333,164,2,3000,200000,-2.75,7.5,580,3600,1,1,4,0;1;2;3,580x3600;580x3600;580x3600;580x3600,2025-04-02T09:40:30,2025-04-02T09:49:46,150,270,245,15,12,300,15,5,0
signed-refit-input-v1,1,,proc/proc_skp_temp_scan_run1_200k_binned_NROW580_NBINROW1_NCOL3600_NBINCOL1_SC200000_vl-2.75_vh7.5_dtph8000_NPUMPS3000_2_165.fits,proc_skp_temp_scan_run1_200k_binned_NROW580_NBINROW1_NCOL3600_NBINCOL1_SC200000_vl-2.75_vh7.5_dtph8000_NPUMPS3000_2_165.fits,33477120,temp_scan_run1,200,8000,0.000533333333333,165,2,3000,200000,-2.75,7.5,580,3600,1,1,4,0;1;2;3,580x3600;580x3600;580x3600;580x3600,2025-04-02T09:52:41,2025-04-02T10:01:57,150,270,245,15,12,300,15,5,0
signed-refit-input-v1,1,,proc/proc_skp_temp_scan_run1_200k_binned_NROW580_NBINROW1_NCOL3600_NBINCOL1_SC200000_vl-2.75_vh7.5_dtph18000_NPUMPS3000_2_166.fits,proc_skp_temp_scan_run1_200k_binned_NROW580_NBINROW1_NCOL3600_NBINCOL1_SC200000_vl-2.75_vh7.5_dtph18000_NPUMPS3000_2_166.fits,33477120,temp_scan_run1,200,18000,0.0012,166,2,3000,200000,-2.75,7.5,580,3600,1,1,4,0;1;2;3,580x3600;580x3600;580x3600;580x3600,2025-04-02T10:05:24,2025-04-02T10:14:40,150,270,245,15,12,300,15,5,0
signed-refit-input-v1,1,,proc/proc_skp_temp_scan_run1_200k_binned_NROW580_NBINROW1_NCOL3600_NBINCOL1_SC200000_vl-2.75_vh7.5_dtph28000_NPUMPS3000_2_167.fits,proc_skp_temp_scan_run1_200k_binned_NROW580_NBINROW1_NCOL3600_NBINCOL1_SC200000_vl-2.75_vh7.5_dtph28000_NPUMPS3000_2_167.fits,33477120,temp_scan_run1,200,28000,0.00186666666667,167,2,3000,200000,-2.75,7.5,580,3600,1,1,4,0;1;2;3,580x3600;580x3600;580x3600;580x3600,2025-04-02T10:18:39,2025-04-02T10:27:55,150,270,245,15,12,300,15,5,0
signed-refit-input-v1,1,,proc/proc_skp_temp_scan_run1_200k_binned_NROW580_NBINROW1_NCOL3600_NBINCOL1_SC200000_vl-2.75_vh7.5_dtph45000_NPUMPS3000_2_168.fits,proc_skp_temp_scan_run1_200k_binned_NROW580_NBINROW1_NCOL3600_NBINCOL1_SC200000_vl-2.75_vh7.5_dtph45000_NPUMPS3000_2_168.fits,33477120,temp_scan_run1,200,45000,0.003,168,2,3000,200000,-2.75,7.5,580,3600,1,1,4,0;1;2;3,580x3600;580x3600;580x3600;580x3600,2025-04-02T10:32:48,2025-04-02T10:42:04,150,270,245,15,12,300,15,5,0
signed-refit-input-v1,1,,proc/proc_skp_temp_scan_run1_200k_binned_NROW580_NBINROW1_NCOL3600_NBINCOL1_SC200000_vl-2.75_vh7.5_dtph70000_NPUMPS3000_2_169.fits,proc_skp_temp_scan_run1_200k_binned_NROW580_NBINROW1_NCOL3600_NBINCOL1_SC200000_vl-2.75_vh7.5_dtph70000_NPUMPS3000_2_169.fits,33477120,temp_scan_run1,200,70000,0.00466666666667,169,2,3000,200000,-2.75,7.5,580,3600,1,1,4,0;1;2;3,580x3600;580x3600;580x3600;580x3600,2025-04-02T10:48:17,2025-04-02T10:57:34,150,270,245,15,12,300,15,5,0
signed-refit-input-v1,1,,proc/proc_skp_temp_scan_run1_200k_binned_NROW580_NBINROW1_NCOL3600_NBINCOL1_SC200000_vl-2.75_vh7.5_dtph100000_NPUMPS3000_2_170.fits,proc_skp_temp_scan_run1_200k_binned_NROW580_NBINROW1_NCOL3600_NBINCOL1_SC200000_vl-2.75_vh7.5_dtph100000_NPUMPS3000_2_170.fits,33477120,temp_scan_run1,200,100000,0.00666666666667,170,2,3000,200000,-2.75,7.5,580,3600,1,1,4,0;1;2;3,580x3600;580x3600;580x3600;580x3600,2025-04-02T11:05:22,2025-04-02T11:14:39,150,270,245,15,12,300,15,5,0
signed-refit-input-v1,1,,proc/proc_skp_temp_scan_run1_200k_binned_NROW580_NBINROW1_NCOL3600_NBINCOL1_SC200000_vl-2.75_vh7.5_dtph170000_NPUMPS3000_2_171.fits,proc_skp_temp_scan_run1_200k_binned_NROW580_NBINROW1_NCOL3600_NBINCOL1_SC200000_vl-2.75_vh7.5_dtph170000_NPUMPS3000_2_171.fits,33477120,temp_scan_run1,200,170000,0.0113333333333,171,2,3000,200000,-2.75,7.5,580,3600,1,1,4,0;1;2;3,580x3600;580x3600;580x3600;580x3600,2025-04-02T11:26:12,2025-04-02T11:35:28,150,270,245,15,12,300,15,5,0
signed-refit-input-v1,1,,proc/proc_skp_temp_scan_run1_200k_binned_NROW580_NBINROW1_NCOL3600_NBINCOL1_SC200000_vl-2.75_vh7.5_dtph260000_NPUMPS3000_2_172.fits,proc_skp_temp_scan_run1_200k_binned_NROW580_NBINROW1_NCOL3600_NBINCOL1_SC200000_vl-2.75_vh7.5_dtph260000_NPUMPS3000_2_172.fits,33477120,temp_scan_run1,200,260000,0.0173333333333,172,2,3000,200000,-2.75,7.5,580,3600,1,1,4,0;1;2;3,580x3600;580x3600;580x3600;580x3600,2025-04-02T11:51:49,2025-04-02T12:01:05,150,270,245,15,12,300,15,5,0
signed-refit-input-v1,1,,proc/proc_skp_temp_scan_run1_200k_binned_NROW580_NBINROW1_NCOL3600_NBINCOL1_SC200000_vl-2.75_vh7.5_dtph400000_NPUMPS3000_2_173.fits,proc_skp_temp_scan_run1_200k_binned_NROW580_NBINROW1_NCOL3600_NBINCOL1_SC200000_vl-2.75_vh7.5_dtph400000_NPUMPS3000_2_173.fits,33477120,temp_scan_run1,200,400000,0.0266666666667,173,2,3000,200000,-2.75,7.5,580,3600,1,1,4,0;1;2;3,580x3600;580x3600;580x3600;580x3600,2025-04-02T12:24:54,2025-04-02T12:34:10,150,270,245,15,12,300,15,5,0
signed-refit-input-v1,1,,proc/proc_skp_temp_scan_run1_200k_binned_NROW580_NBINROW1_NCOL3600_NBINCOL1_SC200000_vl-2.75_vh7.5_dtph650000_NPUMPS3000_2_174.fits,proc_skp_temp_scan_run1_200k_binned_NROW580_NBINROW1_NCOL3600_NBINCOL1_SC200000_vl-2.75_vh7.5_dtph650000_NPUMPS3000_2_174.fits,33477120,temp_scan_run1,200,650000,0.0433333333333,174,2,3000,200000,-2.75,7.5,580,3600,1,1,4,0;1;2;3,580x3600;580x3600;580x3600;580x3600,2025-04-02T13:11:20,2025-04-02T13:20:36,150,270,245,15,12,300,15,5,0
signed-refit-input-v1,1,,proc/proc_skp_temp_scan_run1_200k_binned_NROW580_NBINROW1_NCOL3600_NBINCOL1_SC200000_vl-2.75_vh7.5_dtph1000000_NPUMPS3000_2_175.fits,proc_skp_temp_scan_run1_200k_binned_NROW580_NBINROW1_NCOL3600_NBINCOL1_SC200000_vl-2.75_vh7.5_dtph1000000_NPUMPS3000_2_175.fits,33477120,temp_scan_run1,200,1000000,0.0666666666667,175,2,3000,200000,-2.75,7.5,580,3600,1,1,4,0;1;2;3,580x3600;580x3600;580x3600;580x3600,2025-04-02T14:16:25,2025-04-02T14:25:41,150,270,245,15,12,300,15,5,0
signed-refit-input-v1,1,,proc/proc_skp_temp_scan_run1_200k_binned_NROW580_NBINROW1_NCOL3600_NBINCOL1_SC200000_vl-2.75_vh7.5_dtph1500000_NPUMPS3000_2_176.fits,proc_skp_temp_scan_run1_200k_binned_NROW580_NBINROW1_NCOL3600_NBINCOL1_SC200000_vl-2.75_vh7.5_dtph1500000_NPUMPS3000_2_176.fits,33477120,temp_scan_run1,200,1500000,0.1,176,2,3000,200000,-2.75,7.5,580,3600,1,1,4,0;1;2;3,580x3600;580x3600;580x3600;580x3600,2025-04-02T15:48:10,2025-04-02T15:57:27,150,270,245,15,12,300,15,5,0
signed-refit-input-v1,1,,proc/proc_skp_temp_scan_run1_200k_binned_NROW580_NBINROW1_NCOL3600_NBINCOL1_SC200000_vl-2.75_vh7.5_dtph1800000_NPUMPS3000_2_177.fits,proc_skp_temp_scan_run1_200k_binned_NROW580_NBINROW1_NCOL3600_NBINCOL1_SC200000_vl-2.75_vh7.5_dtph1800000_NPUMPS3000_2_177.fits,33477120,temp_scan_run1,200,1800000,0.12,177,2,3000,200000,-2.75,7.5,580,3600,1,1,4,0;1;2;3,580x3600;580x3600;580x3600;580x3600,2025-04-02T17:35:56,2025-04-02T17:45:12,150,270,245,15,12,300,15,5,0
signed-refit-input-v1,1,,proc/proc_skp_temp_scan_run1_200k_binned_NROW580_NBINROW1_NCOL3600_NBINCOL1_SC200000_vl-2.75_vh7.5_dtph2000000_NPUMPS3000_2_178.fits,proc_skp_temp_scan_run1_200k_binned_NROW580_NBINROW1_NCOL3600_NBINCOL1_SC200000_vl-2.75_vh7.5_dtph2000000_NPUMPS3000_2_178.fits,33477120,temp_scan_run1,200,2000000,0.133333333333,178,2,3000,200000,-2.75,7.5,580,3600,1,1,4,0;1;2;3,580x3600;580x3600;580x3600;580x3600,2025-04-02T19:34:21,2025-04-02T19:43:37,150,270,245,15,12,300,15,5,0
signed-refit-input-v1,1,,proc/proc_skp_temp_scan_run1_200k_binned_NROW580_NBINROW1_NCOL3600_NBINCOL1_SC200000_vl-2.75_vh7.5_dtph2500000_NPUMPS3000_2_179.fits,proc_skp_temp_scan_run1_200k_binned_NROW580_NBINROW1_NCOL3600_NBINCOL1_SC200000_vl-2.75_vh7.5_dtph2500000_NPUMPS3000_2_179.fits,33477120,temp_scan_run1,200,2500000,0.166666666667,179,2,3000,200000,-2.75,7.5,580,3600,1,1,4,0;1;2;3,580x3600;580x3600;580x3600;580x3600,2025-04-02T21:59:26,2025-04-02T22:08:43,150,270,245,15,12,300,15,5,0
signed-refit-input-v1,1,,proc/proc_skp_temp_scan_run1_200k_binned_NROW580_NBINROW1_NCOL3600_NBINCOL1_SC200000_vl-2.75_vh7.5_dtph3500000_NPUMPS3000_2_180.fits,proc_skp_temp_scan_run1_200k_binned_NROW580_NBINROW1_NCOL3600_NBINCOL1_SC200000_vl-2.75_vh7.5_dtph3500000_NPUMPS3000_2_180.fits,33477120,temp_scan_run1,200,3500000,0.233333333333,180,2,3000,200000,-2.75,7.5,580,3600,1,1,4,0;1;2;3,580x3600;580x3600;580x3600;580x3600,2025-04-03T01:17:52,2025-04-03T01:27:08,150,270,245,15,12,300,15,5,0
signed-refit-input-v1,1,,proc/proc_skp_temp_scan_run1_200k_binned_NROW580_NBINROW1_NCOL3600_NBINCOL1_SC200000_vl-2.75_vh7.5_dtph6500000_NPUMPS3000_2_181.fits,proc_skp_temp_scan_run1_200k_binned_NROW580_NBINROW1_NCOL3600_NBINCOL1_SC200000_vl-2.75_vh7.5_dtph6500000_NPUMPS3000_2_181.fits,33477120,temp_scan_run1,200,6500000,0.433333333333,181,2,3000,200000,-2.75,7.5,580,3600,1,1,4,0;1;2;3,580x3600;580x3600;580x3600;580x3600,2025-04-03T07:16:17,2025-04-03T07:25:33,150,270,245,15,12,300,15,5,0
signed-refit-input-v1,1,,proc/proc_skp_temp_scan_run1_200k_binned_NROW580_NBINROW1_NCOL3600_NBINCOL1_SC200000_vl-2.75_vh7.5_dtph8500000_NPUMPS3000_2_182.fits,proc_skp_temp_scan_run1_200k_binned_NROW580_NBINROW1_NCOL3600_NBINCOL1_SC200000_vl-2.75_vh7.5_dtph8500000_NPUMPS3000_2_182.fits,33477120,temp_scan_run1,200,8500000,0.566666666667,182,2,3000,200000,-2.75,7.5,580,3600,1,1,4,0;1;2;3,580x3600;580x3600;580x3600;580x3600,2025-04-03T15:01:23,2025-04-03T15:10:39,150,270,245,15,12,300,15,5,0
signed-refit-input-v1,1,,proc/proc_skp_temp_scan_run1_200k_binned_NROW580_NBINROW1_NCOL3600_NBINCOL1_SC200000_vl-2.75_vh7.5_dtph10500000_NPUMPS3000_2_183.fits,proc_skp_temp_scan_run1_200k_binned_NROW580_NBINROW1_NCOL3600_NBINCOL1_SC200000_vl-2.75_vh7.5_dtph10500000_NPUMPS3000_2_183.fits,33477120,temp_scan_run1,200,10500000,0.7,183,2,3000,200000,-2.75,7.5,580,3600,1,1,4,0;1;2;3,580x3600;580x3600;580x3600;580x3600,2025-04-04T00:33:08,2025-04-04T00:42:24,150,270,245,15,12,300,15,5,0
signed-refit-input-v1,1,,proc/proc_skp_temp_scan_run1_200k_binned_NROW580_NBINROW1_NCOL3600_NBINCOL1_SC200000_vl-2.75_vh7.5_dtph15500000_NPUMPS3000_2_184.fits,proc_skp_temp_scan_run1_200k_binned_NROW580_NBINROW1_NCOL3600_NBINCOL1_SC200000_vl-2.75_vh7.5_dtph15500000_NPUMPS3000_2_184.fits,33477120,temp_scan_run1,200,15500000,1.03333333333,184,2,3000,200000,-2.75,7.5,580,3600,1,1,4,0;1;2;3,580x3600;580x3600;580x3600;580x3600,2025-04-04T14:31:34,2025-04-04T14:40:50,150,270,245,15,12,300,15,5,0
signed-refit-input-v1,1,,proc/proc_skp_temp_scan_run1_203k_binned_NROW580_NBINROW1_NCOL3600_NBINCOL1_SC200000_vl-2.75_vh7.5_dtph750_NPUMPS3000_2_186.fits,proc_skp_temp_scan_run1_203k_binned_NROW580_NBINROW1_NCOL3600_NBINCOL1_SC200000_vl-2.75_vh7.5_dtph750_NPUMPS3000_2_186.fits,33477120,temp_scan_run1,203,750,5e-05,186,2,3000,200000,-2.75,7.5,580,3600,1,1,4,0;1;2;3,580x3600;580x3600;580x3600;580x3600,2025-04-04T18:24:55,2025-04-04T18:34:11,150,270,245,15,12,300,15,5,0
signed-refit-input-v1,1,,proc/proc_skp_temp_scan_run1_203k_binned_NROW580_NBINROW1_NCOL3600_NBINCOL1_SC200000_vl-2.75_vh7.5_dtph1200_NPUMPS3000_2_187.fits,proc_skp_temp_scan_run1_203k_binned_NROW580_NBINROW1_NCOL3600_NBINCOL1_SC200000_vl-2.75_vh7.5_dtph1200_NPUMPS3000_2_187.fits,33477120,temp_scan_run1,203,1200,8e-05,187,2,3000,200000,-2.75,7.5,580,3600,1,1,4,0;1;2;3,580x3600;580x3600;580x3600;580x3600,2025-04-04T18:36:44,2025-04-04T18:46:00,150,270,245,15,12,300,15,5,0
signed-refit-input-v1,1,,proc/proc_skp_temp_scan_run1_203k_binned_NROW580_NBINROW1_NCOL3600_NBINCOL1_SC200000_vl-2.75_vh7.5_dtph2000_NPUMPS3000_2_188.fits,proc_skp_temp_scan_run1_203k_binned_NROW580_NBINROW1_NCOL3600_NBINCOL1_SC200000_vl-2.75_vh7.5_dtph2000_NPUMPS3000_2_188.fits,33477120,temp_scan_run1,203,2000,0.000133333333333,188,2,3000,200000,-2.75,7.5,580,3600,1,1,4,0;1;2;3,580x3600;580x3600;580x3600;580x3600,2025-04-04T18:48:36,2025-04-04T18:57:52,150,270,245,15,12,300,15,5,0
signed-refit-input-v1,1,,proc/proc_skp_temp_scan_run1_203k_binned_NROW580_NBINROW1_NCOL3600_NBINCOL1_SC200000_vl-2.75_vh7.5_dtph3000_NPUMPS3000_2_189.fits,proc_skp_temp_scan_run1_203k_binned_NROW580_NBINROW1_NCOL3600_NBINCOL1_SC200000_vl-2.75_vh7.5_dtph3000_NPUMPS3000_2_189.fits,33477120,temp_scan_run1,203,3000,0.0002,189,2,3000,200000,-2.75,7.5,580,3600,1,1,4,0;1;2;3,580x3600;580x3600;580x3600;580x3600,2025-04-04T19:00:31,2025-04-04T19:09:47,150,270,245,15,12,300,15,5,0
signed-refit-input-v1,1,,proc/proc_skp_temp_scan_run1_203k_binned_NROW580_NBINROW1_NCOL3600_NBINCOL1_SC200000_vl-2.75_vh7.5_dtph5000_NPUMPS3000_2_190.fits,proc_skp_temp_scan_run1_203k_binned_NROW580_NBINROW1_NCOL3600_NBINCOL1_SC200000_vl-2.75_vh7.5_dtph5000_NPUMPS3000_2_190.fits,33477120,temp_scan_run1,203,5000,0.000333333333333,190,2,3000,200000,-2.75,7.5,580,3600,1,1,4,0;1;2;3,580x3600;580x3600;580x3600;580x3600,2025-04-04T19:12:32,2025-04-04T19:21:48,150,270,245,15,12,300,15,5,0
signed-refit-input-v1,1,,proc/proc_skp_temp_scan_run1_203k_binned_NROW580_NBINROW1_NCOL3600_NBINCOL1_SC200000_vl-2.75_vh7.5_dtph8000_NPUMPS3000_2_191.fits,proc_skp_temp_scan_run1_203k_binned_NROW580_NBINROW1_NCOL3600_NBINCOL1_SC200000_vl-2.75_vh7.5_dtph8000_NPUMPS3000_2_191.fits,33477120,temp_scan_run1,203,8000,0.000533333333333,191,2,3000,200000,-2.75,7.5,580,3600,1,1,4,0;1;2;3,580x3600;580x3600;580x3600;580x3600,2025-04-04T19:24:43,2025-04-04T19:33:59,150,270,245,15,12,300,15,5,0
signed-refit-input-v1,1,,proc/proc_skp_temp_scan_run1_203k_binned_NROW580_NBINROW1_NCOL3600_NBINCOL1_SC200000_vl-2.75_vh7.5_dtph18000_NPUMPS3000_2_192.fits,proc_skp_temp_scan_run1_203k_binned_NROW580_NBINROW1_NCOL3600_NBINCOL1_SC200000_vl-2.75_vh7.5_dtph18000_NPUMPS3000_2_192.fits,33477120,temp_scan_run1,203,18000,0.0012,192,2,3000,200000,-2.75,7.5,580,3600,1,1,4,0;1;2;3,580x3600;580x3600;580x3600;580x3600,2025-04-04T19:37:26,2025-04-04T19:46:42,150,270,245,15,12,300,15,5,0
signed-refit-input-v1,1,,proc/proc_skp_temp_scan_run1_203k_binned_NROW580_NBINROW1_NCOL3600_NBINCOL1_SC200000_vl-2.75_vh7.5_dtph28000_NPUMPS3000_2_193.fits,proc_skp_temp_scan_run1_203k_binned_NROW580_NBINROW1_NCOL3600_NBINCOL1_SC200000_vl-2.75_vh7.5_dtph28000_NPUMPS3000_2_193.fits,33477120,temp_scan_run1,203,28000,0.00186666666667,193,2,3000,200000,-2.75,7.5,580,3600,1,1,4,0;1;2;3,580x3600;580x3600;580x3600;580x3600,2025-04-04T19:50:41,2025-04-04T19:59:57,150,270,245,15,12,300,15,5,0
signed-refit-input-v1,1,,proc/proc_skp_temp_scan_run1_203k_binned_NROW580_NBINROW1_NCOL3600_NBINCOL1_SC200000_vl-2.75_vh7.5_dtph45000_NPUMPS3000_2_194.fits,proc_skp_temp_scan_run1_203k_binned_NROW580_NBINROW1_NCOL3600_NBINCOL1_SC200000_vl-2.75_vh7.5_dtph45000_NPUMPS3000_2_194.fits,33477120,temp_scan_run1,203,45000,0.003,194,2,3000,200000,-2.75,7.5,580,3600,1,1,4,0;1;2;3,580x3600;580x3600;580x3600;580x3600,2025-04-04T20:04:50,2025-04-04T20:14:06,150,270,245,15,12,300,15,5,0
signed-refit-input-v1,1,,proc/proc_skp_temp_scan_run1_203k_binned_NROW580_NBINROW1_NCOL3600_NBINCOL1_SC200000_vl-2.75_vh7.5_dtph70000_NPUMPS3000_2_195.fits,proc_skp_temp_scan_run1_203k_binned_NROW580_NBINROW1_NCOL3600_NBINCOL1_SC200000_vl-2.75_vh7.5_dtph70000_NPUMPS3000_2_195.fits,33477120,temp_scan_run1,203,70000,0.00466666666667,195,2,3000,200000,-2.75,7.5,580,3600,1,1,4,0;1;2;3,580x3600;580x3600;580x3600;580x3600,2025-04-04T20:20:19,2025-04-04T20:29:36,150,270,245,15,12,300,15,5,0
signed-refit-input-v1,1,,proc/proc_skp_temp_scan_run1_203k_binned_NROW580_NBINROW1_NCOL3600_NBINCOL1_SC200000_vl-2.75_vh7.5_dtph100000_NPUMPS3000_2_196.fits,proc_skp_temp_scan_run1_203k_binned_NROW580_NBINROW1_NCOL3600_NBINCOL1_SC200000_vl-2.75_vh7.5_dtph100000_NPUMPS3000_2_196.fits,33477120,temp_scan_run1,203,100000,0.00666666666667,196,2,3000,200000,-2.75,7.5,580,3600,1,1,4,0;1;2;3,580x3600;580x3600;580x3600;580x3600,2025-04-04T20:37:25,2025-04-04T20:46:41,150,270,245,15,12,300,15,5,0
signed-refit-input-v1,1,,proc/proc_skp_temp_scan_run1_203k_binned_NROW580_NBINROW1_NCOL3600_NBINCOL1_SC200000_vl-2.75_vh7.5_dtph170000_NPUMPS3000_2_197.fits,proc_skp_temp_scan_run1_203k_binned_NROW580_NBINROW1_NCOL3600_NBINCOL1_SC200000_vl-2.75_vh7.5_dtph170000_NPUMPS3000_2_197.fits,33477120,temp_scan_run1,203,170000,0.0113333333333,197,2,3000,200000,-2.75,7.5,580,3600,1,1,4,0;1;2;3,580x3600;580x3600;580x3600;580x3600,2025-04-04T20:58:14,2025-04-04T21:07:30,150,270,245,15,12,300,15,5,0
signed-refit-input-v1,1,,proc/proc_skp_temp_scan_run1_203k_binned_NROW580_NBINROW1_NCOL3600_NBINCOL1_SC200000_vl-2.75_vh7.5_dtph260000_NPUMPS3000_2_198.fits,proc_skp_temp_scan_run1_203k_binned_NROW580_NBINROW1_NCOL3600_NBINCOL1_SC200000_vl-2.75_vh7.5_dtph260000_NPUMPS3000_2_198.fits,33477120,temp_scan_run1,203,260000,0.0173333333333,198,2,3000,200000,-2.75,7.5,580,3600,1,1,4,0;1;2;3,580x3600;580x3600;580x3600;580x3600,2025-04-04T21:23:51,2025-04-04T21:33:07,150,270,245,15,12,300,15,5,0
signed-refit-input-v1,1,,proc/proc_skp_temp_scan_run1_203k_binned_NROW580_NBINROW1_NCOL3600_NBINCOL1_SC200000_vl-2.75_vh7.5_dtph400000_NPUMPS3000_2_199.fits,proc_skp_temp_scan_run1_203k_binned_NROW580_NBINROW1_NCOL3600_NBINCOL1_SC200000_vl-2.75_vh7.5_dtph400000_NPUMPS3000_2_199.fits,33477120,temp_scan_run1,203,400000,0.0266666666667,199,2,3000,200000,-2.75,7.5,580,3600,1,1,4,0;1;2;3,580x3600;580x3600;580x3600;580x3600,2025-04-04T21:56:56,2025-04-04T22:06:13,150,270,245,15,12,300,15,5,0
signed-refit-input-v1,1,,proc/proc_skp_temp_scan_run1_203k_binned_NROW580_NBINROW1_NCOL3600_NBINCOL1_SC200000_vl-2.75_vh7.5_dtph650000_NPUMPS3000_2_200.fits,proc_skp_temp_scan_run1_203k_binned_NROW580_NBINROW1_NCOL3600_NBINCOL1_SC200000_vl-2.75_vh7.5_dtph650000_NPUMPS3000_2_200.fits,33477120,temp_scan_run1,203,650000,0.0433333333333,200,2,3000,200000,-2.75,7.5,580,3600,1,1,4,0;1;2;3,580x3600;580x3600;580x3600;580x3600,2025-04-04T22:43:20,2025-04-04T22:52:36,150,270,245,15,12,300,15,5,0
signed-refit-input-v1,1,,proc/proc_skp_temp_scan_run1_203k_binned_NROW580_NBINROW1_NCOL3600_NBINCOL1_SC200000_vl-2.75_vh7.5_dtph1000000_NPUMPS3000_2_201.fits,proc_skp_temp_scan_run1_203k_binned_NROW580_NBINROW1_NCOL3600_NBINCOL1_SC200000_vl-2.75_vh7.5_dtph1000000_NPUMPS3000_2_201.fits,33477120,temp_scan_run1,203,1000000,0.0666666666667,201,2,3000,200000,-2.75,7.5,580,3600,1,1,4,0;1;2;3,580x3600;580x3600;580x3600;580x3600,2025-04-04T23:48:24,2025-04-04T23:57:40,150,270,245,15,12,300,15,5,0
signed-refit-input-v1,1,,proc/proc_skp_temp_scan_run1_203k_binned_NROW580_NBINROW1_NCOL3600_NBINCOL1_SC200000_vl-2.75_vh7.5_dtph1500000_NPUMPS3000_2_202.fits,proc_skp_temp_scan_run1_203k_binned_NROW580_NBINROW1_NCOL3600_NBINCOL1_SC200000_vl-2.75_vh7.5_dtph1500000_NPUMPS3000_2_202.fits,33477120,temp_scan_run1,203,1500000,0.1,202,2,3000,200000,-2.75,7.5,580,3600,1,1,4,0;1;2;3,580x3600;580x3600;580x3600;580x3600,2025-04-05T01:20:09,2025-04-05T01:29:25,150,270,245,15,12,300,15,5,0
signed-refit-input-v1,1,,proc/proc_skp_temp_scan_run1_203k_binned_NROW580_NBINROW1_NCOL3600_NBINCOL1_SC200000_vl-2.75_vh7.5_dtph1800000_NPUMPS3000_2_203.fits,proc_skp_temp_scan_run1_203k_binned_NROW580_NBINROW1_NCOL3600_NBINCOL1_SC200000_vl-2.75_vh7.5_dtph1800000_NPUMPS3000_2_203.fits,33477120,temp_scan_run1,203,1800000,0.12,203,2,3000,200000,-2.75,7.5,580,3600,1,1,4,0;1;2;3,580x3600;580x3600;580x3600;580x3600,2025-04-05T03:07:54,2025-04-05T03:17:10,150,270,245,15,12,300,15,5,0
signed-refit-input-v1,1,,proc/proc_skp_temp_scan_run1_203k_binned_NROW580_NBINROW1_NCOL3600_NBINCOL1_SC200000_vl-2.75_vh7.5_dtph2000000_NPUMPS3000_2_204.fits,proc_skp_temp_scan_run1_203k_binned_NROW580_NBINROW1_NCOL3600_NBINCOL1_SC200000_vl-2.75_vh7.5_dtph2000000_NPUMPS3000_2_204.fits,33477120,temp_scan_run1,203,2000000,0.133333333333,204,2,3000,200000,-2.75,7.5,580,3600,1,1,4,0;1;2;3,580x3600;580x3600;580x3600;580x3600,2025-04-05T05:06:20,2025-04-05T05:15:36,150,270,245,15,12,300,15,5,0
signed-refit-input-v1,1,,proc/proc_skp_temp_scan_run1_203k_binned_NROW580_NBINROW1_NCOL3600_NBINCOL1_SC200000_vl-2.75_vh7.5_dtph2500000_NPUMPS3000_2_205.fits,proc_skp_temp_scan_run1_203k_binned_NROW580_NBINROW1_NCOL3600_NBINCOL1_SC200000_vl-2.75_vh7.5_dtph2500000_NPUMPS3000_2_205.fits,33477120,temp_scan_run1,203,2500000,0.166666666667,205,2,3000,200000,-2.75,7.5,580,3600,1,1,4,0;1;2;3,580x3600;580x3600;580x3600;580x3600,2025-04-05T07:31:25,2025-04-05T07:40:41,150,270,245,15,12,300,15,5,0
signed-refit-input-v1,1,,proc/proc_skp_temp_scan_run1_203k_binned_NROW580_NBINROW1_NCOL3600_NBINCOL1_SC200000_vl-2.75_vh7.5_dtph3500000_NPUMPS3000_2_206.fits,proc_skp_temp_scan_run1_203k_binned_NROW580_NBINROW1_NCOL3600_NBINCOL1_SC200000_vl-2.75_vh7.5_dtph3500000_NPUMPS3000_2_206.fits,33477120,temp_scan_run1,203,3500000,0.233333333333,206,2,3000,200000,-2.75,7.5,580,3600,1,1,4,0;1;2;3,580x3600;580x3600;580x3600;580x3600,2025-04-05T10:49:50,2025-04-05T10:59:06,150,270,245,15,12,300,15,5,0
signed-refit-input-v1,1,,proc/proc_skp_temp_scan_run1_203k_binned_NROW580_NBINROW1_NCOL3600_NBINCOL1_SC200000_vl-2.75_vh7.5_dtph6500000_NPUMPS3000_2_207.fits,proc_skp_temp_scan_run1_203k_binned_NROW580_NBINROW1_NCOL3600_NBINCOL1_SC200000_vl-2.75_vh7.5_dtph6500000_NPUMPS3000_2_207.fits,33477120,temp_scan_run1,203,6500000,0.433333333333,207,2,3000,200000,-2.75,7.5,580,3600,1,1,4,0;1;2;3,580x3600;580x3600;580x3600;580x3600,2025-04-05T16:48:16,2025-04-05T16:57:32,150,270,245,15,12,300,15,5,0
signed-refit-input-v1,1,,proc/proc_skp_temp_scan_run1_203k_binned_NROW580_NBINROW1_NCOL3600_NBINCOL1_SC200000_vl-2.75_vh7.5_dtph8500000_NPUMPS3000_2_208.fits,proc_skp_temp_scan_run1_203k_binned_NROW580_NBINROW1_NCOL3600_NBINCOL1_SC200000_vl-2.75_vh7.5_dtph8500000_NPUMPS3000_2_208.fits,33477120,temp_scan_run1,203,8500000,0.566666666667,208,2,3000,200000,-2.75,7.5,580,3600,1,1,4,0;1;2;3,580x3600;580x3600;580x3600;580x3600,2025-04-06T00:33:21,2025-04-06T00:42:37,150,270,245,15,12,300,15,5,0
signed-refit-input-v1,1,,proc/proc_skp_temp_scan_run1_203k_binned_NROW580_NBINROW1_NCOL3600_NBINCOL1_SC200000_vl-2.75_vh7.5_dtph10500000_NPUMPS3000_2_209.fits,proc_skp_temp_scan_run1_203k_binned_NROW580_NBINROW1_NCOL3600_NBINCOL1_SC200000_vl-2.75_vh7.5_dtph10500000_NPUMPS3000_2_209.fits,33477120,temp_scan_run1,203,10500000,0.7,209,2,3000,200000,-2.75,7.5,580,3600,1,1,4,0;1;2;3,580x3600;580x3600;580x3600;580x3600,2025-04-06T10:05:07,2025-04-06T10:14:24,150,270,245,15,12,300,15,5,0
signed-refit-input-v1,1,,proc/proc_skp_temp_scan_run1_203k_binned_NROW580_NBINROW1_NCOL3600_NBINCOL1_SC200000_vl-2.75_vh7.5_dtph15500000_NPUMPS3000_2_210.fits,proc_skp_temp_scan_run1_203k_binned_NROW580_NBINROW1_NCOL3600_NBINCOL1_SC200000_vl-2.75_vh7.5_dtph15500000_NPUMPS3000_2_210.fits,33477120,temp_scan_run1,203,15500000,1.03333333333,210,2,3000,200000,-2.75,7.5,580,3600,1,1,4,0;1;2;3,580x3600;580x3600;580x3600;580x3600,2025-04-07T00:03:33,2025-04-07T00:12:49,150,270,245,15,12,300,15,5,0
signed-refit-input-v1,1,,proc/proc_skp_temp_scan_run1_207k_binned_NROW580_NBINROW1_NCOL3600_NBINCOL1_SC200000_vl-2.75_vh7.5_dtph750_NPUMPS3000_2_212.fits,proc_skp_temp_scan_run1_207k_binned_NROW580_NBINROW1_NCOL3600_NBINCOL1_SC200000_vl-2.75_vh7.5_dtph750_NPUMPS3000_2_212.fits,33477120,temp_scan_run1,207,750,5e-05,212,2,3000,200000,-2.75,7.5,580,3600,1,1,4,0;1;2;3,580x3600;580x3600;580x3600;580x3600,2025-04-07T03:56:54,2025-04-07T04:06:10,150,270,245,15,12,300,15,5,0
signed-refit-input-v1,1,,proc/proc_skp_temp_scan_run1_207k_binned_NROW580_NBINROW1_NCOL3600_NBINCOL1_SC200000_vl-2.75_vh7.5_dtph1200_NPUMPS3000_2_213.fits,proc_skp_temp_scan_run1_207k_binned_NROW580_NBINROW1_NCOL3600_NBINCOL1_SC200000_vl-2.75_vh7.5_dtph1200_NPUMPS3000_2_213.fits,33477120,temp_scan_run1,207,1200,8e-05,213,2,3000,200000,-2.75,7.5,580,3600,1,1,4,0;1;2;3,580x3600;580x3600;580x3600;580x3600,2025-04-07T04:08:43,2025-04-07T04:17:59,150,270,245,15,12,300,15,5,0
signed-refit-input-v1,1,,proc/proc_skp_temp_scan_run1_207k_binned_NROW580_NBINROW1_NCOL3600_NBINCOL1_SC200000_vl-2.75_vh7.5_dtph2000_NPUMPS3000_2_214.fits,proc_skp_temp_scan_run1_207k_binned_NROW580_NBINROW1_NCOL3600_NBINCOL1_SC200000_vl-2.75_vh7.5_dtph2000_NPUMPS3000_2_214.fits,33477120,temp_scan_run1,207,2000,0.000133333333333,214,2,3000,200000,-2.75,7.5,580,3600,1,1,4,0;1;2;3,580x3600;580x3600;580x3600;580x3600,2025-04-07T04:20:34,2025-04-07T04:29:51,150,270,245,15,12,300,15,5,0
signed-refit-input-v1,1,,proc/proc_skp_temp_scan_run1_207k_binned_NROW580_NBINROW1_NCOL3600_NBINCOL1_SC200000_vl-2.75_vh7.5_dtph3000_NPUMPS3000_2_215.fits,proc_skp_temp_scan_run1_207k_binned_NROW580_NBINROW1_NCOL3600_NBINCOL1_SC200000_vl-2.75_vh7.5_dtph3000_NPUMPS3000_2_215.fits,33477120,temp_scan_run1,207,3000,0.0002,215,2,3000,200000,-2.75,7.5,580,3600,1,1,4,0;1;2;3,580x3600;580x3600;580x3600;580x3600,2025-04-07T04:32:29,2025-04-07T04:41:46,150,270,245,15,12,300,15,5,0
signed-refit-input-v1,1,,proc/proc_skp_temp_scan_run1_207k_binned_NROW580_NBINROW1_NCOL3600_NBINCOL1_SC200000_vl-2.75_vh7.5_dtph5000_NPUMPS3000_2_216.fits,proc_skp_temp_scan_run1_207k_binned_NROW580_NBINROW1_NCOL3600_NBINCOL1_SC200000_vl-2.75_vh7.5_dtph5000_NPUMPS3000_2_216.fits,33477120,temp_scan_run1,207,5000,0.000333333333333,216,2,3000,200000,-2.75,7.5,580,3600,1,1,4,0;1;2;3,580x3600;580x3600;580x3600;580x3600,2025-04-07T04:44:30,2025-04-07T04:53:47,150,270,245,15,12,300,15,5,0
signed-refit-input-v1,1,,proc/proc_skp_temp_scan_run1_207k_binned_NROW580_NBINROW1_NCOL3600_NBINCOL1_SC200000_vl-2.75_vh7.5_dtph8000_NPUMPS3000_2_217.fits,proc_skp_temp_scan_run1_207k_binned_NROW580_NBINROW1_NCOL3600_NBINCOL1_SC200000_vl-2.75_vh7.5_dtph8000_NPUMPS3000_2_217.fits,33477120,temp_scan_run1,207,8000,0.000533333333333,217,2,3000,200000,-2.75,7.5,580,3600,1,1,4,0;1;2;3,580x3600;580x3600;580x3600;580x3600,2025-04-07T04:56:41,2025-04-07T05:05:58,150,270,245,15,12,300,15,5,0
signed-refit-input-v1,1,,proc/proc_skp_temp_scan_run1_207k_binned_NROW580_NBINROW1_NCOL3600_NBINCOL1_SC200000_vl-2.75_vh7.5_dtph18000_NPUMPS3000_2_218.fits,proc_skp_temp_scan_run1_207k_binned_NROW580_NBINROW1_NCOL3600_NBINCOL1_SC200000_vl-2.75_vh7.5_dtph18000_NPUMPS3000_2_218.fits,33477120,temp_scan_run1,207,18000,0.0012,218,2,3000,200000,-2.75,7.5,580,3600,1,1,4,0;1;2;3,580x3600;580x3600;580x3600;580x3600,2025-04-07T05:09:24,2025-04-07T05:18:41,150,270,245,15,12,300,15,5,0
signed-refit-input-v1,1,,proc/proc_skp_temp_scan_run1_207k_binned_NROW580_NBINROW1_NCOL3600_NBINCOL1_SC200000_vl-2.75_vh7.5_dtph28000_NPUMPS3000_2_219.fits,proc_skp_temp_scan_run1_207k_binned_NROW580_NBINROW1_NCOL3600_NBINCOL1_SC200000_vl-2.75_vh7.5_dtph28000_NPUMPS3000_2_219.fits,33477120,temp_scan_run1,207,28000,0.00186666666667,219,2,3000,200000,-2.75,7.5,580,3600,1,1,4,0;1;2;3,580x3600;580x3600;580x3600;580x3600,2025-04-07T05:22:39,2025-04-07T05:31:55,150,270,245,15,12,300,15,5,0
signed-refit-input-v1,1,,proc/proc_skp_temp_scan_run1_207k_binned_NROW580_NBINROW1_NCOL3600_NBINCOL1_SC200000_vl-2.75_vh7.5_dtph45000_NPUMPS3000_2_220.fits,proc_skp_temp_scan_run1_207k_binned_NROW580_NBINROW1_NCOL3600_NBINCOL1_SC200000_vl-2.75_vh7.5_dtph45000_NPUMPS3000_2_220.fits,33477120,temp_scan_run1,207,45000,0.003,220,2,3000,200000,-2.75,7.5,580,3600,1,1,4,0;1;2;3,580x3600;580x3600;580x3600;580x3600,2025-04-07T05:36:48,2025-04-07T05:46:05,150,270,245,15,12,300,15,5,0
signed-refit-input-v1,1,,proc/proc_skp_temp_scan_run1_207k_binned_NROW580_NBINROW1_NCOL3600_NBINCOL1_SC200000_vl-2.75_vh7.5_dtph70000_NPUMPS3000_2_221.fits,proc_skp_temp_scan_run1_207k_binned_NROW580_NBINROW1_NCOL3600_NBINCOL1_SC200000_vl-2.75_vh7.5_dtph70000_NPUMPS3000_2_221.fits,33477120,temp_scan_run1,207,70000,0.00466666666667,221,2,3000,200000,-2.75,7.5,580,3600,1,1,4,0;1;2;3,580x3600;580x3600;580x3600;580x3600,2025-04-07T05:52:18,2025-04-07T06:01:34,150,270,245,15,12,300,15,5,0
signed-refit-input-v1,1,,proc/proc_skp_temp_scan_run1_207k_binned_NROW580_NBINROW1_NCOL3600_NBINCOL1_SC200000_vl-2.75_vh7.5_dtph100000_NPUMPS3000_2_222.fits,proc_skp_temp_scan_run1_207k_binned_NROW580_NBINROW1_NCOL3600_NBINCOL1_SC200000_vl-2.75_vh7.5_dtph100000_NPUMPS3000_2_222.fits,33477120,temp_scan_run1,207,100000,0.00666666666667,222,2,3000,200000,-2.75,7.5,580,3600,1,1,4,0;1;2;3,580x3600;580x3600;580x3600;580x3600,2025-04-07T06:09:23,2025-04-07T06:18:39,150,270,245,15,12,300,15,5,0
signed-refit-input-v1,1,,proc/proc_skp_temp_scan_run1_207k_binned_NROW580_NBINROW1_NCOL3600_NBINCOL1_SC200000_vl-2.75_vh7.5_dtph170000_NPUMPS3000_2_223.fits,proc_skp_temp_scan_run1_207k_binned_NROW580_NBINROW1_NCOL3600_NBINCOL1_SC200000_vl-2.75_vh7.5_dtph170000_NPUMPS3000_2_223.fits,33477120,temp_scan_run1,207,170000,0.0113333333333,223,2,3000,200000,-2.75,7.5,580,3600,1,1,4,0;1;2;3,580x3600;580x3600;580x3600;580x3600,2025-04-07T06:30:12,2025-04-07T06:39:29,150,270,245,15,12,300,15,5,0
signed-refit-input-v1,1,,proc/proc_skp_temp_scan_run1_207k_binned_NROW580_NBINROW1_NCOL3600_NBINCOL1_SC200000_vl-2.75_vh7.5_dtph260000_NPUMPS3000_2_224.fits,proc_skp_temp_scan_run1_207k_binned_NROW580_NBINROW1_NCOL3600_NBINCOL1_SC200000_vl-2.75_vh7.5_dtph260000_NPUMPS3000_2_224.fits,33477120,temp_scan_run1,207,260000,0.0173333333333,224,2,3000,200000,-2.75,7.5,580,3600,1,1,4,0;1;2;3,580x3600;580x3600;580x3600;580x3600,2025-04-07T06:55:50,2025-04-07T07:05:06,150,270,245,15,12,300,15,5,0
signed-refit-input-v1,1,,proc/proc_skp_temp_scan_run1_207k_binned_NROW580_NBINROW1_NCOL3600_NBINCOL1_SC200000_vl-2.75_vh7.5_dtph400000_NPUMPS3000_2_225.fits,proc_skp_temp_scan_run1_207k_binned_NROW580_NBINROW1_NCOL3600_NBINCOL1_SC200000_vl-2.75_vh7.5_dtph400000_NPUMPS3000_2_225.fits,33477120,temp_scan_run1,207,400000,0.0266666666667,225,2,3000,200000,-2.75,7.5,580,3600,1,1,4,0;1;2;3,580x3600;580x3600;580x3600;580x3600,2025-04-07T07:28:55,2025-04-07T07:38:11,150,270,245,15,12,300,15,5,0
signed-refit-input-v1,1,,proc/proc_skp_temp_scan_run1_207k_binned_NROW580_NBINROW1_NCOL3600_NBINCOL1_SC200000_vl-2.75_vh7.5_dtph650000_NPUMPS3000_2_226.fits,proc_skp_temp_scan_run1_207k_binned_NROW580_NBINROW1_NCOL3600_NBINCOL1_SC200000_vl-2.75_vh7.5_dtph650000_NPUMPS3000_2_226.fits,33477120,temp_scan_run1,207,650000,0.0433333333333,226,2,3000,200000,-2.75,7.5,580,3600,1,1,4,0;1;2;3,580x3600;580x3600;580x3600;580x3600,2025-04-07T08:15:20,2025-04-07T08:24:37,150,270,245,15,12,300,15,5,0
signed-refit-input-v1,1,,proc/proc_skp_temp_scan_run1_207k_binned_NROW580_NBINROW1_NCOL3600_NBINCOL1_SC200000_vl-2.75_vh7.5_dtph1000000_NPUMPS3000_2_227.fits,proc_skp_temp_scan_run1_207k_binned_NROW580_NBINROW1_NCOL3600_NBINCOL1_SC200000_vl-2.75_vh7.5_dtph1000000_NPUMPS3000_2_227.fits,33477120,temp_scan_run1,207,1000000,0.0666666666667,227,2,3000,200000,-2.75,7.5,580,3600,1,1,4,0;1;2;3,580x3600;580x3600;580x3600;580x3600,2025-04-07T09:20:26,2025-04-07T09:29:42,150,270,245,15,12,300,15,5,0
signed-refit-input-v1,1,,proc/proc_skp_temp_scan_run1_207k_binned_NROW580_NBINROW1_NCOL3600_NBINCOL1_SC200000_vl-2.75_vh7.5_dtph1500000_NPUMPS3000_2_228.fits,proc_skp_temp_scan_run1_207k_binned_NROW580_NBINROW1_NCOL3600_NBINCOL1_SC200000_vl-2.75_vh7.5_dtph1500000_NPUMPS3000_2_228.fits,33477120,temp_scan_run1,207,1500000,0.1,228,2,3000,200000,-2.75,7.5,580,3600,1,1,4,0;1;2;3,580x3600;580x3600;580x3600;580x3600,2025-04-07T10:52:11,2025-04-07T11:01:27,150,270,245,15,12,300,15,5,0
signed-refit-input-v1,1,,proc/proc_skp_temp_scan_run1_207k_binned_NROW580_NBINROW1_NCOL3600_NBINCOL1_SC200000_vl-2.75_vh7.5_dtph1800000_NPUMPS3000_2_229.fits,proc_skp_temp_scan_run1_207k_binned_NROW580_NBINROW1_NCOL3600_NBINCOL1_SC200000_vl-2.75_vh7.5_dtph1800000_NPUMPS3000_2_229.fits,33477120,temp_scan_run1,207,1800000,0.12,229,2,3000,200000,-2.75,7.5,580,3600,1,1,4,0;1;2;3,580x3600;580x3600;580x3600;580x3600,2025-04-07T12:39:56,2025-04-07T12:49:12,150,270,245,15,12,300,15,5,0
signed-refit-input-v1,1,,proc/proc_skp_temp_scan_run1_207k_binned_NROW580_NBINROW1_NCOL3600_NBINCOL1_SC200000_vl-2.75_vh7.5_dtph2000000_NPUMPS3000_2_230.fits,proc_skp_temp_scan_run1_207k_binned_NROW580_NBINROW1_NCOL3600_NBINCOL1_SC200000_vl-2.75_vh7.5_dtph2000000_NPUMPS3000_2_230.fits,33477120,temp_scan_run1,207,2000000,0.133333333333,230,2,3000,200000,-2.75,7.5,580,3600,1,1,4,0;1;2;3,580x3600;580x3600;580x3600;580x3600,2025-04-07T14:38:21,2025-04-07T14:47:38,150,270,245,15,12,300,15,5,0
signed-refit-input-v1,1,,proc/proc_skp_temp_scan_run1_207k_binned_NROW580_NBINROW1_NCOL3600_NBINCOL1_SC200000_vl-2.75_vh7.5_dtph2500000_NPUMPS3000_2_231.fits,proc_skp_temp_scan_run1_207k_binned_NROW580_NBINROW1_NCOL3600_NBINCOL1_SC200000_vl-2.75_vh7.5_dtph2500000_NPUMPS3000_2_231.fits,33477120,temp_scan_run1,207,2500000,0.166666666667,231,2,3000,200000,-2.75,7.5,580,3600,1,1,4,0;1;2;3,580x3600;580x3600;580x3600;580x3600,2025-04-07T17:03:27,2025-04-07T17:12:43,150,270,245,15,12,300,15,5,0
signed-refit-input-v1,1,,proc/proc_skp_temp_scan_run1_207k_binned_NROW580_NBINROW1_NCOL3600_NBINCOL1_SC200000_vl-2.75_vh7.5_dtph3500000_NPUMPS3000_2_232.fits,proc_skp_temp_scan_run1_207k_binned_NROW580_NBINROW1_NCOL3600_NBINCOL1_SC200000_vl-2.75_vh7.5_dtph3500000_NPUMPS3000_2_232.fits,33477120,temp_scan_run1,207,3500000,0.233333333333,232,2,3000,200000,-2.75,7.5,580,3600,1,1,4,0;1;2;3,580x3600;580x3600;580x3600;580x3600,2025-04-07T20:21:52,2025-04-07T20:31:08,150,270,245,15,12,300,15,5,0
signed-refit-input-v1,1,,proc/proc_skp_temp_scan_run1_207k_binned_NROW580_NBINROW1_NCOL3600_NBINCOL1_SC200000_vl-2.75_vh7.5_dtph6500000_NPUMPS3000_2_233.fits,proc_skp_temp_scan_run1_207k_binned_NROW580_NBINROW1_NCOL3600_NBINCOL1_SC200000_vl-2.75_vh7.5_dtph6500000_NPUMPS3000_2_233.fits,33477120,temp_scan_run1,207,6500000,0.433333333333,233,2,3000,200000,-2.75,7.5,580,3600,1,1,4,0;1;2;3,580x3600;580x3600;580x3600;580x3600,2025-04-08T02:20:18,2025-04-08T02:29:34,150,270,245,15,12,300,15,5,0
signed-refit-input-v1,1,,proc/proc_skp_temp_scan_run1_207k_binned_NROW580_NBINROW1_NCOL3600_NBINCOL1_SC200000_vl-2.75_vh7.5_dtph8500000_NPUMPS3000_2_234.fits,proc_skp_temp_scan_run1_207k_binned_NROW580_NBINROW1_NCOL3600_NBINCOL1_SC200000_vl-2.75_vh7.5_dtph8500000_NPUMPS3000_2_234.fits,33477120,temp_scan_run1,207,8500000,0.566666666667,234,2,3000,200000,-2.75,7.5,580,3600,1,1,4,0;1;2;3,580x3600;580x3600;580x3600;580x3600,2025-04-08T10:05:23,2025-04-08T10:14:39,150,270,245,15,12,300,15,5,0
signed-refit-input-v1,1,,proc/proc_skp_temp_scan_run1_207k_binned_NROW580_NBINROW1_NCOL3600_NBINCOL1_SC200000_vl-2.75_vh7.5_dtph10500000_NPUMPS3000_2_235.fits,proc_skp_temp_scan_run1_207k_binned_NROW580_NBINROW1_NCOL3600_NBINCOL1_SC200000_vl-2.75_vh7.5_dtph10500000_NPUMPS3000_2_235.fits,33477120,temp_scan_run1,207,10500000,0.7,235,2,3000,200000,-2.75,7.5,580,3600,1,1,4,0;1;2;3,580x3600;580x3600;580x3600;580x3600,2025-04-08T19:37:09,2025-04-08T19:46:25,150,270,245,15,12,300,15,5,0
signed-refit-input-v1,1,,proc/proc_skp_temp_scan_run1_207k_binned_NROW580_NBINROW1_NCOL3600_NBINCOL1_SC200000_vl-2.75_vh7.5_dtph15500000_NPUMPS3000_2_236.fits,proc_skp_temp_scan_run1_207k_binned_NROW580_NBINROW1_NCOL3600_NBINCOL1_SC200000_vl-2.75_vh7.5_dtph15500000_NPUMPS3000_2_236.fits,33477120,temp_scan_run1,207,15500000,1.03333333333,236,2,3000,200000,-2.75,7.5,580,3600,1,1,4,0;1;2;3,580x3600;580x3600;580x3600;580x3600,2025-04-09T09:35:34,2025-04-09T09:44:51,150,270,245,15,12,300,15,5,0
signed-refit-input-v1,1,,proc/proc_skp_temp_scan_run1_210k_binned_NROW580_NBINROW1_NCOL3600_NBINCOL1_SC200000_vl-2.75_vh7.5_dtph750_NPUMPS3000_2_3.fits,proc_skp_temp_scan_run1_210k_binned_NROW580_NBINROW1_NCOL3600_NBINCOL1_SC200000_vl-2.75_vh7.5_dtph750_NPUMPS3000_2_3.fits,33477120,temp_scan_run1,210,750,5e-05,3,2,3000,200000,-2.75,7.5,580,3600,1,1,4,0;1;2;3,580x3600;580x3600;580x3600;580x3600,2025-03-04T07:44:49,2025-03-04T07:54:06,150,270,245,15,12,300,15,5,0
signed-refit-input-v1,1,,proc/proc_skp_temp_scan_run1_210k_binned_NROW580_NBINROW1_NCOL3600_NBINCOL1_SC200000_vl-2.75_vh7.5_dtph1200_NPUMPS3000_2_4.fits,proc_skp_temp_scan_run1_210k_binned_NROW580_NBINROW1_NCOL3600_NBINCOL1_SC200000_vl-2.75_vh7.5_dtph1200_NPUMPS3000_2_4.fits,33477120,temp_scan_run1,210,1200,8e-05,4,2,3000,200000,-2.75,7.5,580,3600,1,1,4,0;1;2;3,580x3600;580x3600;580x3600;580x3600,2025-03-04T07:56:39,2025-03-04T08:05:55,150,270,245,15,12,300,15,5,0
signed-refit-input-v1,1,,proc/proc_skp_temp_scan_run1_210k_binned_NROW580_NBINROW1_NCOL3600_NBINCOL1_SC200000_vl-2.75_vh7.5_dtph2000_NPUMPS3000_2_5.fits,proc_skp_temp_scan_run1_210k_binned_NROW580_NBINROW1_NCOL3600_NBINCOL1_SC200000_vl-2.75_vh7.5_dtph2000_NPUMPS3000_2_5.fits,33477120,temp_scan_run1,210,2000,0.000133333333333,5,2,3000,200000,-2.75,7.5,580,3600,1,1,4,0;1;2;3,580x3600;580x3600;580x3600;580x3600,2025-03-04T08:08:30,2025-03-04T08:17:46,150,270,245,15,12,300,15,5,0
signed-refit-input-v1,1,,proc/proc_skp_temp_scan_run1_210k_binned_NROW580_NBINROW1_NCOL3600_NBINCOL1_SC200000_vl-2.75_vh7.5_dtph3000_NPUMPS3000_2_6.fits,proc_skp_temp_scan_run1_210k_binned_NROW580_NBINROW1_NCOL3600_NBINCOL1_SC200000_vl-2.75_vh7.5_dtph3000_NPUMPS3000_2_6.fits,33477120,temp_scan_run1,210,3000,0.0002,6,2,3000,200000,-2.75,7.5,580,3600,1,1,4,0;1;2;3,580x3600;580x3600;580x3600;580x3600,2025-03-04T08:20:25,2025-03-04T08:29:41,150,270,245,15,12,300,15,5,0
signed-refit-input-v1,1,,proc/proc_skp_temp_scan_run1_210k_binned_NROW580_NBINROW1_NCOL3600_NBINCOL1_SC200000_vl-2.75_vh7.5_dtph5000_NPUMPS3000_2_7.fits,proc_skp_temp_scan_run1_210k_binned_NROW580_NBINROW1_NCOL3600_NBINCOL1_SC200000_vl-2.75_vh7.5_dtph5000_NPUMPS3000_2_7.fits,33477120,temp_scan_run1,210,5000,0.000333333333333,7,2,3000,200000,-2.75,7.5,580,3600,1,1,4,0;1;2;3,580x3600;580x3600;580x3600;580x3600,2025-03-04T08:32:26,2025-03-04T08:41:43,150,270,245,15,12,300,15,5,0
signed-refit-input-v1,1,,proc/proc_skp_temp_scan_run1_210k_binned_NROW580_NBINROW1_NCOL3600_NBINCOL1_SC200000_vl-2.75_vh7.5_dtph8000_NPUMPS3000_2_8.fits,proc_skp_temp_scan_run1_210k_binned_NROW580_NBINROW1_NCOL3600_NBINCOL1_SC200000_vl-2.75_vh7.5_dtph8000_NPUMPS3000_2_8.fits,33477120,temp_scan_run1,210,8000,0.000533333333333,8,2,3000,200000,-2.75,7.5,580,3600,1,1,4,0;1;2;3,580x3600;580x3600;580x3600;580x3600,2025-03-04T08:44:37,2025-03-04T08:53:54,150,270,245,15,12,300,15,5,0
signed-refit-input-v1,1,,proc/proc_skp_temp_scan_run1_210k_binned_NROW580_NBINROW1_NCOL3600_NBINCOL1_SC200000_vl-2.75_vh7.5_dtph18000_NPUMPS3000_2_9.fits,proc_skp_temp_scan_run1_210k_binned_NROW580_NBINROW1_NCOL3600_NBINCOL1_SC200000_vl-2.75_vh7.5_dtph18000_NPUMPS3000_2_9.fits,33477120,temp_scan_run1,210,18000,0.0012,9,2,3000,200000,-2.75,7.5,580,3600,1,1,4,0;1;2;3,580x3600;580x3600;580x3600;580x3600,2025-03-04T08:57:20,2025-03-04T09:06:36,150,270,245,15,12,300,15,5,0
signed-refit-input-v1,1,,proc/proc_skp_temp_scan_run1_210k_binned_NROW580_NBINROW1_NCOL3600_NBINCOL1_SC200000_vl-2.75_vh7.5_dtph28000_NPUMPS3000_2_10.fits,proc_skp_temp_scan_run1_210k_binned_NROW580_NBINROW1_NCOL3600_NBINCOL1_SC200000_vl-2.75_vh7.5_dtph28000_NPUMPS3000_2_10.fits,33477120,temp_scan_run1,210,28000,0.00186666666667,10,2,3000,200000,-2.75,7.5,580,3600,1,1,4,0;1;2;3,580x3600;580x3600;580x3600;580x3600,2025-03-04T09:10:35,2025-03-04T09:19:51,150,270,245,15,12,300,15,5,0
signed-refit-input-v1,1,,proc/proc_skp_temp_scan_run1_210k_binned_NROW580_NBINROW1_NCOL3600_NBINCOL1_SC200000_vl-2.75_vh7.5_dtph45000_NPUMPS3000_2_11.fits,proc_skp_temp_scan_run1_210k_binned_NROW580_NBINROW1_NCOL3600_NBINCOL1_SC200000_vl-2.75_vh7.5_dtph45000_NPUMPS3000_2_11.fits,33477120,temp_scan_run1,210,45000,0.003,11,2,3000,200000,-2.75,7.5,580,3600,1,1,4,0;1;2;3,580x3600;580x3600;580x3600;580x3600,2025-03-04T09:24:44,2025-03-04T09:34:01,150,270,245,15,12,300,15,5,0
signed-refit-input-v1,1,,proc/proc_skp_temp_scan_run1_210k_binned_NROW580_NBINROW1_NCOL3600_NBINCOL1_SC200000_vl-2.75_vh7.5_dtph70000_NPUMPS3000_2_12.fits,proc_skp_temp_scan_run1_210k_binned_NROW580_NBINROW1_NCOL3600_NBINCOL1_SC200000_vl-2.75_vh7.5_dtph70000_NPUMPS3000_2_12.fits,33477120,temp_scan_run1,210,70000,0.00466666666667,12,2,3000,200000,-2.75,7.5,580,3600,1,1,4,0;1;2;3,580x3600;580x3600;580x3600;580x3600,2025-03-04T09:40:14,2025-03-04T09:49:30,150,270,245,15,12,300,15,5,0
signed-refit-input-v1,1,,proc/proc_skp_temp_scan_run1_210k_binned_NROW580_NBINROW1_NCOL3600_NBINCOL1_SC200000_vl-2.75_vh7.5_dtph100000_NPUMPS3000_2_13.fits,proc_skp_temp_scan_run1_210k_binned_NROW580_NBINROW1_NCOL3600_NBINCOL1_SC200000_vl-2.75_vh7.5_dtph100000_NPUMPS3000_2_13.fits,33477120,temp_scan_run1,210,100000,0.00666666666667,13,2,3000,200000,-2.75,7.5,580,3600,1,1,4,0;1;2;3,580x3600;580x3600;580x3600;580x3600,2025-03-04T09:57:19,2025-03-04T10:06:35,150,270,245,15,12,300,15,5,0
signed-refit-input-v1,1,,proc/proc_skp_temp_scan_run1_210k_binned_NROW580_NBINROW1_NCOL3600_NBINCOL1_SC200000_vl-2.75_vh7.5_dtph170000_NPUMPS3000_2_14.fits,proc_skp_temp_scan_run1_210k_binned_NROW580_NBINROW1_NCOL3600_NBINCOL1_SC200000_vl-2.75_vh7.5_dtph170000_NPUMPS3000_2_14.fits,33477120,temp_scan_run1,210,170000,0.0113333333333,14,2,3000,200000,-2.75,7.5,580,3600,1,1,4,0;1;2;3,580x3600;580x3600;580x3600;580x3600,2025-03-04T10:18:08,2025-03-04T10:27:24,150,270,245,15,12,300,15,5,0
signed-refit-input-v1,1,,proc/proc_skp_temp_scan_run1_210k_binned_NROW580_NBINROW1_NCOL3600_NBINCOL1_SC200000_vl-2.75_vh7.5_dtph260000_NPUMPS3000_2_15.fits,proc_skp_temp_scan_run1_210k_binned_NROW580_NBINROW1_NCOL3600_NBINCOL1_SC200000_vl-2.75_vh7.5_dtph260000_NPUMPS3000_2_15.fits,33477120,temp_scan_run1,210,260000,0.0173333333333,15,2,3000,200000,-2.75,7.5,580,3600,1,1,4,0;1;2;3,580x3600;580x3600;580x3600;580x3600,2025-03-04T10:43:46,2025-03-04T10:53:02,150,270,245,15,12,300,15,5,0
signed-refit-input-v1,1,,proc/proc_skp_temp_scan_run1_210k_binned_NROW580_NBINROW1_NCOL3600_NBINCOL1_SC200000_vl-2.75_vh7.5_dtph400000_NPUMPS3000_2_16.fits,proc_skp_temp_scan_run1_210k_binned_NROW580_NBINROW1_NCOL3600_NBINCOL1_SC200000_vl-2.75_vh7.5_dtph400000_NPUMPS3000_2_16.fits,33477120,temp_scan_run1,210,400000,0.0266666666667,16,2,3000,200000,-2.75,7.5,580,3600,1,1,4,0;1;2;3,580x3600;580x3600;580x3600;580x3600,2025-03-04T11:16:51,2025-03-04T11:26:07,150,270,245,15,12,300,15,5,0
signed-refit-input-v1,1,,proc/proc_skp_temp_scan_run1_210k_binned_NROW580_NBINROW1_NCOL3600_NBINCOL1_SC200000_vl-2.75_vh7.5_dtph650000_NPUMPS3000_2_17.fits,proc_skp_temp_scan_run1_210k_binned_NROW580_NBINROW1_NCOL3600_NBINCOL1_SC200000_vl-2.75_vh7.5_dtph650000_NPUMPS3000_2_17.fits,33477120,temp_scan_run1,210,650000,0.0433333333333,17,2,3000,200000,-2.75,7.5,580,3600,1,1,4,0;1;2;3,580x3600;580x3600;580x3600;580x3600,2025-03-04T12:03:16,2025-03-04T12:12:32,150,270,245,15,12,300,15,5,0
signed-refit-input-v1,1,,proc/proc_skp_temp_scan_run1_210k_binned_NROW580_NBINROW1_NCOL3600_NBINCOL1_SC200000_vl-2.75_vh7.5_dtph1000000_NPUMPS3000_2_18.fits,proc_skp_temp_scan_run1_210k_binned_NROW580_NBINROW1_NCOL3600_NBINCOL1_SC200000_vl-2.75_vh7.5_dtph1000000_NPUMPS3000_2_18.fits,33477120,temp_scan_run1,210,1000000,0.0666666666667,18,2,3000,200000,-2.75,7.5,580,3600,1,1,4,0;1;2;3,580x3600;580x3600;580x3600;580x3600,2025-03-04T13:08:21,2025-03-04T13:17:38,150,270,245,15,12,300,15,5,0
signed-refit-input-v1,1,,proc/proc_skp_temp_scan_run1_210k_binned_NROW580_NBINROW1_NCOL3600_NBINCOL1_SC200000_vl-2.75_vh7.5_dtph1500000_NPUMPS3000_2_19.fits,proc_skp_temp_scan_run1_210k_binned_NROW580_NBINROW1_NCOL3600_NBINCOL1_SC200000_vl-2.75_vh7.5_dtph1500000_NPUMPS3000_2_19.fits,33477120,temp_scan_run1,210,1500000,0.1,19,2,3000,200000,-2.75,7.5,580,3600,1,1,4,0;1;2;3,580x3600;580x3600;580x3600;580x3600,2025-03-04T14:40:07,2025-03-04T14:49:23,150,270,245,15,12,300,15,5,0
signed-refit-input-v1,1,,proc/proc_skp_temp_scan_run1_210k_binned_NROW580_NBINROW1_NCOL3600_NBINCOL1_SC200000_vl-2.75_vh7.5_dtph2500000_NPUMPS3000_2_20.fits,proc_skp_temp_scan_run1_210k_binned_NROW580_NBINROW1_NCOL3600_NBINCOL1_SC200000_vl-2.75_vh7.5_dtph2500000_NPUMPS3000_2_20.fits,33477120,temp_scan_run1,210,2500000,0.166666666667,20,2,3000,200000,-2.75,7.5,580,3600,1,1,4,0;1;2;3,580x3600;580x3600;580x3600;580x3600,2025-03-04T17:05:12,2025-03-04T17:14:28,150,270,245,15,12,300,15,5,0
